timestamp,equity
2024-01-01T00:00:00+00:00,10000
2024-01-01T01:00:00+00:00,10000
2024-01-01T02:00:00+00:00,10000
2024-01-01T03:00:00+00:00,10000
2024-01-01T04:00:00+00:00,10000
2024-01-01T05:00:00+00:00,10000
2024-01-01T06:00:00+00:00,10000
2024-01-01T07:00:00+00:00,10000
2024-01-01T08:00:00+00:00,10000
2024-01-01T09:00:00+00:00,10000
2024-01-01T10:00:00+00:00,10000
2024-01-01T11:00:00+00:00,10000
2024-01-01T12:00:00+00:00,10000
2024-01-01T13:00:00+00:00,10000
2024-01-01T14:00:00+00:00,10000
2024-01-01T15:00:00+00:00,10000
2024-01-01T16:00:00+00:00,10000
2024-01-01T17:00:00+00:00,10000
2024-01-01T18:00:00+00:00,10000
2024-01-01T19:00:00+00:00,10000
2024-01-01T20:00:00+00:00,10000
2024-01-01T21:00:00+00:00,10000
2024-01-01T22:00:00+00:00,10000
2024-01-01T23:00:00+00:00,10000
2024-01-02T00:00:00+00:00,10000
2024-01-02T01:00:00+00:00,10000
2024-01-02T02:00:00+00:00,10000
2024-01-02T03:00:00+00:00,10000
2024-01-02T04:00:00+00:00,10000
2024-01-02T05:00:00+00:00,10000
2024-01-02T06:00:00+00:00,10000
2024-01-02T07:00:00+00:00,10000
2024-01-02T08:00:00+00:00,10000
2024-01-02T09:00:00+00:00,10000
2024-01-02T10:00:00+00:00,10000
2024-01-02T11:00:00+00:00,10000
2024-01-02T12:00:00+00:00,10000
2024-01-02T13:00:00+00:00,10000
2024-01-02T14:00:00+00:00,10000
2024-01-02T15:00:00+00:00,10000
2024-01-02T16:00:00+00:00,10000
2024-01-02T17:00:00+00:00,10000
2024-01-02T18:00:00+00:00,10000
2024-01-02T19:00:00+00:00,10000
2024-01-02T20:00:00+00:00,10000
2024-01-02T21:00:00+00:00,10000
2024-01-02T22:00:00+00:00,10000
2024-01-02T23:00:00+00:00,10000
2024-01-03T00:00:00+00:00,10000
2024-01-03T01:00:00+00:00,10000
2024-01-03T02:00:00+00:00,10000
2024-01-03T03:00:00+00:00,10000
2024-01-03T04:00:00+00:00,10000
2024-01-03T05:00:00+00:00,10000
2024-01-03T06:00:00+00:00,10000
2024-01-03T07:00:00+00:00,10000
2024-01-03T08:00:00+00:00,10000
2024-01-03T09:00:00+00:00,10000
2024-01-03T10:00:00+00:00,10000
2024-01-03T11:00:00+00:00,10000
2024-01-03T12:00:00+00:00,10000
2024-01-03T13:00:00+00:00,10000
2024-01-03T14:00:00+00:00,10000
2024-01-03T15:00:00+00:00,10000
2024-01-03T16:00:00+00:00,10000
2024-01-03T17:00:00+00:00,10000
2024-01-03T18:00:00+00:00,10000
2024-01-03T19:00:00+00:00,10000
2024-01-03T20:00:00+00:00,10000
2024-01-03T21:00:00+00:00,10000
2024-01-03T22:00:00+00:00,10000
2024-01-03T23:00:00+00:00,10000
2024-01-04T00:00:00+00:00,10000
2024-01-04T01:00:00+00:00,10000
2024-01-04T02:00:00+00:00,10000
2024-01-04T03:00:00+00:00,10000
2024-01-04T04:00:00+00:00,10000
2024-01-04T05:00:00+00:00,10000
2024-01-04T06:00:00+00:00,10000
2024-01-04T07:00:00+00:00,10000
2024-01-04T08:00:00+00:00,10000
2024-01-04T09:00:00+00:00,10000
2024-01-04T10:00:00+00:00,10000
2024-01-04T11:00:00+00:00,10000
2024-01-04T12:00:00+00:00,10000
2024-01-04T13:00:00+00:00,10000
2024-01-04T14:00:00+00:00,10000
2024-01-04T15:00:00+00:00,10000
2024-01-04T16:00:00+00:00,10000
2024-01-04T17:00:00+00:00,10000
2024-01-04T18:00:00+00:00,10000
2024-01-04T19:00:00+00:00,10000
2024-01-04T20:00:00+00:00,10000
2024-01-04T21:00:00+00:00,10000
2024-01-04T22:00:00+00:00,10000
2024-01-04T23:00:00+00:00,10000
2024-01-05T00:00:00+00:00,10000
2024-01-05T01:00:00+00:00,10000
2024-01-05T02:00:00+00:00,10000
2024-01-05T03:00:00+00:00,10000
2024-01-05T04:00:00+00:00,10000
2024-01-05T05:00:00+00:00,10000
2024-01-05T06:00:00+00:00,10000
2024-01-05T07:00:00+00:00,10000
2024-01-05T08:00:00+00:00,10000
2024-01-05T09:00:00+00:00,10000
2024-01-05T10:00:00+00:00,10000
2024-01-05T11:00:00+00:00,10000
2024-01-05T12:00:00+00:00,10000
2024-01-05T13:00:00+00:00,10000
2024-01-05T14:00:00+00:00,10000
2024-01-05T15:00:00+00:00,10000
2024-01-05T16:00:00+00:00,10000
2024-01-05T17:00:00+00:00,10000
2024-01-05T18:00:00+00:00,10000
2024-01-05T19:00:00+00:00,10000
2024-01-05T20:00:00+00:00,10000
2024-01-05T21:00:00+00:00,10000
2024-01-05T22:00:00+00:00,10000
2024-01-05T23:00:00+00:00,10000
2024-01-06T00:00:00+00:00,10000
2024-01-06T01:00:00+00:00,10000
2024-01-06T02:00:00+00:00,10000
2024-01-06T03:00:00+00:00,10000
2024-01-06T04:00:00+00:00,10000
2024-01-06T05:00:00+00:00,10000
2024-01-06T06:00:00+00:00,10000
2024-01-06T07:00:00+00:00,10000
2024-01-06T08:00:00+00:00,10000
2024-01-06T09:00:00+00:00,10000
2024-01-06T10:00:00+00:00,10000
2024-01-06T11:00:00+00:00,10000
2024-01-06T12:00:00+00:00,10000
2024-01-06T13:00:00+00:00,10000
2024-01-06T14:00:00+00:00,10000
2024-01-06T15:00:00+00:00,10000
2024-01-06T16:00:00+00:00,10000
2024-01-06T17:00:00+00:00,10000
2024-01-06T18:00:00+00:00,10000
2024-01-06T19:00:00+00:00,10000
2024-01-06T20:00:00+00:00,10000
2024-01-06T21:00:00+00:00,10000
2024-01-06T22:00:00+00:00,10000
2024-01-06T23:00:00+00:00,10000
2024-01-07T00:00:00+00:00,10000
2024-01-07T01:00:00+00:00,10000
2024-01-07T02:00:00+00:00,10000
2024-01-07T03:00:00+00:00,10000
2024-01-07T04:00:00+00:00,10000
2024-01-07T05:00:00+00:00,10000
2024-01-07T06:00:00+00:00,10000
2024-01-07T07:00:00+00:00,10000
2024-01-07T08:00:00+00:00,10000
2024-01-07T09:00:00+00:00,10000
2024-01-07T10:00:00+00:00,10000
2024-01-07T11:00:00+00:00,10000
2024-01-07T12:00:00+00:00,10000
2024-01-07T13:00:00+00:00,10000
2024-01-07T14:00:00+00:00,10000
2024-01-07T15:00:00+00:00,10000
2024-01-07T16:00:00+00:00,10000
2024-01-07T17:00:00+00:00,10000
2024-01-07T18:00:00+00:00,10000
2024-01-07T19:00:00+00:00,10000
2024-01-07T20:00:00+00:00,10000
2024-01-07T21:00:00+00:00,10000
2024-01-07T22:00:00+00:00,10000
2024-01-07T23:00:00+00:00,10000
2024-01-08T00:00:00+00:00,10000
2024-01-08T01:00:00+00:00,10000
2024-01-08T02:00:00+00:00,10000
2024-01-08T03:00:00+00:00,10000
2024-01-08T04:00:00+00:00,10000
2024-01-08T05:00:00+00:00,10000
2024-01-08T06:00:00+00:00,10000
2024-01-08T07:00:00+00:00,10000
2024-01-08T08:00:00+00:00,10000
2024-01-08T09:00:00+00:00,10000
2024-01-08T10:00:00+00:00,10000
2024-01-08T11:00:00+00:00,10000
2024-01-08T12:00:00+00:00,10000
2024-01-08T13:00:00+00:00,10000
2024-01-08T14:00:00+00:00,10000
2024-01-08T15:00:00+00:00,10000
2024-01-08T16:00:00+00:00,10000
2024-01-08T17:00:00+00:00,10000
2024-01-08T18:00:00+00:00,10000
2024-01-08T19:00:00+00:00,10000
2024-01-08T20:00:00+00:00,10000
2024-01-08T21:00:00+00:00,10000
2024-01-08T22:00:00+00:00,10000
2024-01-08T23:00:00+00:00,10000
2024-01-09T00:00:00+00:00,10000
2024-01-09T01:00:00+00:00,10000
2024-01-09T02:00:00+00:00,10000
2024-01-09T03:00:00+00:00,10000
2024-01-09T04:00:00+00:00,10000
2024-01-09T05:00:00+00:00,10000
2024-01-09T06:00:00+00:00,10000
2024-01-09T07:00:00+00:00,10000
2024-01-09T08:00:00+00:00,10000
2024-01-09T09:00:00+00:00,10000
2024-01-09T10:00:00+00:00,10000
2024-01-09T11:00:00+00:00,10000
2024-01-09T12:00:00+00:00,10000
2024-01-09T13:00:00+00:00,10000
2024-01-09T14:00:00+00:00,10000
2024-01-09T15:00:00+00:00,10000
2024-01-09T16:00:00+00:00,10000
2024-01-09T17:00:00+00:00,10000
2024-01-09T18:00:00+00:00,10000
2024-01-09T19:00:00+00:00,10000
2024-01-09T20:00:00+00:00,10000
2024-01-09T21:00:00+00:00,10000
2024-01-09T22:00:00+00:00,10000
2024-01-09T23:00:00+00:00,10000
2024-01-10T00:00:00+00:00,10000
2024-01-10T01:00:00+00:00,10000
2024-01-10T02:00:00+00:00,10000
2024-01-10T03:00:00+00:00,10000
2024-01-10T04:00:00+00:00,10000
2024-01-10T05:00:00+00:00,10000
2024-01-10T06:00:00+00:00,10000
2024-01-10T07:00:00+00:00,10000
2024-01-10T08:00:00+00:00,10000
2024-01-10T09:00:00+00:00,10000
2024-01-10T10:00:00+00:00,10000
2024-01-10T11:00:00+00:00,10000
2024-01-10T12:00:00+00:00,10000
2024-01-10T13:00:00+00:00,10000
2024-01-10T14:00:00+00:00,10000
2024-01-10T15:00:00+00:00,10000
2024-01-10T16:00:00+00:00,10000
2024-01-10T17:00:00+00:00,10000
2024-01-10T18:00:00+00:00,10000
2024-01-10T19:00:00+00:00,10000
2024-01-10T20:00:00+00:00,10000
2024-01-10T21:00:00+00:00,10000
2024-01-10T22:00:00+00:00,10000
2024-01-10T23:00:00+00:00,10000
2024-01-11T00:00:00+00:00,10000
2024-01-11T01:00:00+00:00,10000
2024-01-11T02:00:00+00:00,10000
2024-01-11T03:00:00+00:00,10000
2024-01-11T04:00:00+00:00,10000
2024-01-11T05:00:00+00:00,10000
2024-01-11T06:00:00+00:00,10000
2024-01-11T07:00:00+00:00,10000
2024-01-11T08:00:00+00:00,10000
2024-01-11T09:00:00+00:00,10000
2024-01-11T10:00:00+00:00,10000
2024-01-11T11:00:00+00:00,10000
2024-01-11T12:00:00+00:00,10000
2024-01-11T13:00:00+00:00,10000
2024-01-11T14:00:00+00:00,10000
2024-01-11T15:00:00+00:00,10000
2024-01-11T16:00:00+00:00,10000
2024-01-11T17:00:00+00:00,10000
2024-01-11T18:00:00+00:00,10000
2024-01-11T19:00:00+00:00,10000
2024-01-11T20:00:00+00:00,10000
2024-01-11T21:00:00+00:00,10000
2024-01-11T22:00:00+00:00,10000
2024-01-11T23:00:00+00:00,10000
2024-01-12T00:00:00+00:00,10000
2024-01-12T01:00:00+00:00,10000
2024-01-12T02:00:00+00:00,10000
2024-01-12T03:00:00+00:00,10000
2024-01-12T04:00:00+00:00,10000
2024-01-12T05:00:00+00:00,10000
2024-01-12T06:00:00+00:00,10000
2024-01-12T07:00:00+00:00,10000
2024-01-12T08:00:00+00:00,10000
2024-01-12T09:00:00+00:00,10000
2024-01-12T10:00:00+00:00,10000
2024-01-12T11:00:00+00:00,10000
2024-01-12T12:00:00+00:00,10000
2024-01-12T13:00:00+00:00,10000
2024-01-12T14:00:00+00:00,10000
2024-01-12T15:00:00+00:00,10000
2024-01-12T16:00:00+00:00,10000
2024-01-12T17:00:00+00:00,10000
2024-01-12T18:00:00+00:00,10000
2024-01-12T19:00:00+00:00,10000
2024-01-12T20:00:00+00:00,10000
2024-01-12T21:00:00+00:00,10000
2024-01-12T22:00:00+00:00,10000
2024-01-12T23:00:00+00:00,10000
2024-01-13T00:00:00+00:00,10000
2024-01-13T01:00:00+00:00,10000
2024-01-13T02:00:00+00:00,10000
2024-01-13T03:00:00+00:00,10000
2024-01-13T04:00:00+00:00,10000
2024-01-13T05:00:00+00:00,10000
2024-01-13T06:00:00+00:00,10000
2024-01-13T07:00:00+00:00,10000
2024-01-13T08:00:00+00:00,10000
2024-01-13T09:00:00+00:00,10000
2024-01-13T10:00:00+00:00,10000
2024-01-13T11:00:00+00:00,10000
2024-01-13T12:00:00+00:00,10000
2024-01-13T13:00:00+00:00,10000
2024-01-13T14:00:00+00:00,10000
2024-01-13T15:00:00+00:00,10000
2024-01-13T16:00:00+00:00,10000
2024-01-13T17:00:00+00:00,10000
2024-01-13T18:00:00+00:00,10000
2024-01-13T19:00:00+00:00,10000
2024-01-13T20:00:00+00:00,10000
2024-01-13T21:00:00+00:00,10000
2024-01-13T22:00:00+00:00,10000
2024-01-13T23:00:00+00:00,10000
2024-01-14T00:00:00+00:00,10000
2024-01-14T01:00:00+00:00,10000
2024-01-14T02:00:00+00:00,10000
2024-01-14T03:00:00+00:00,10000
2024-01-14T04:00:00+00:00,10000
2024-01-14T05:00:00+00:00,10000
2024-01-14T06:00:00+00:00,10000
2024-01-14T07:00:00+00:00,10000
2024-01-14T08:00:00+00:00,10000
2024-01-14T09:00:00+00:00,10000
2024-01-14T10:00:00+00:00,10000
2024-01-14T11:00:00+00:00,10000
2024-01-14T12:00:00+00:00,10000
2024-01-14T13:00:00+00:00,10000
2024-01-14T14:00:00+00:00,10000
2024-01-14T15:00:00+00:00,10000
2024-01-14T16:00:00+00:00,10000
2024-01-14T17:00:00+00:00,10000
2024-01-14T18:00:00+00:00,10000
2024-01-14T19:00:00+00:00,10000
2024-01-14T20:00:00+00:00,10000
2024-01-14T21:00:00+00:00,10000
2024-01-14T22:00:00+00:00,10000
2024-01-14T23:00:00+00:00,10000
2024-01-15T00:00:00+00:00,10000
2024-01-15T01:00:00+00:00,10000
2024-01-15T02:00:00+00:00,10000
2024-01-15T03:00:00+00:00,10000
2024-01-15T04:00:00+00:00,10000
2024-01-15T05:00:00+00:00,10000
2024-01-15T06:00:00+00:00,10000
2024-01-15T07:00:00+00:00,10000
2024-01-15T08:00:00+00:00,10000
2024-01-15T09:00:00+00:00,10000
2024-01-15T10:00:00+00:00,10000
2024-01-15T11:00:00+00:00,10000
2024-01-15T12:00:00+00:00,10000
2024-01-15T13:00:00+00:00,10000
2024-01-15T14:00:00+00:00,10000
2024-01-15T15:00:00+00:00,10000
2024-01-15T16:00:00+00:00,10000
2024-01-15T17:00:00+00:00,10000
2024-01-15T18:00:00+00:00,10000
2024-01-15T19:00:00+00:00,10000
2024-01-15T20:00:00+00:00,10000
2024-01-15T21:00:00+00:00,10000
2024-01-15T22:00:00+00:00,10000
2024-01-15T23:00:00+00:00,10000
2024-01-16T00:00:00+00:00,10000
2024-01-16T01:00:00+00:00,10000
2024-01-16T02:00:00+00:00,10000
2024-01-16T03:00:00+00:00,10000
2024-01-16T04:00:00+00:00,10000
2024-01-16T05:00:00+00:00,10000
2024-01-16T06:00:00+00:00,10000
2024-01-16T07:00:00+00:00,10000
2024-01-16T08:00:00+00:00,10000
2024-01-16T09:00:00+00:00,10000
2024-01-16T10:00:00+00:00,10000
2024-01-16T11:00:00+00:00,10000
2024-01-16T12:00:00+00:00,10000
2024-01-16T13:00:00+00:00,10000
2024-01-16T14:00:00+00:00,10000
2024-01-16T15:00:00+00:00,10000
2024-01-16T16:00:00+00:00,10000
2024-01-16T17:00:00+00:00,10000
2024-01-16T18:00:00+00:00,10000
2024-01-16T19:00:00+00:00,10000
2024-01-16T20:00:00+00:00,10000
2024-01-16T21:00:00+00:00,10000
2024-01-16T22:00:00+00:00,10000
2024-01-16T23:00:00+00:00,10000
2024-01-17T00:00:00+00:00,10000
2024-01-17T01:00:00+00:00,10000
2024-01-17T02:00:00+00:00,10000
2024-01-17T03:00:00+00:00,10000
2024-01-17T04:00:00+00:00,10000
2024-01-17T05:00:00+00:00,10000
2024-01-17T06:00:00+00:00,10000
2024-01-17T07:00:00+00:00,10000
2024-01-17T08:00:00+00:00,10000
2024-01-17T09:00:00+00:00,10000
2024-01-17T10:00:00+00:00,10000
2024-01-17T11:00:00+00:00,10000
2024-01-17T12:00:00+00:00,10000
2024-01-17T13:00:00+00:00,10000
2024-01-17T14:00:00+00:00,10000
2024-01-17T15:00:00+00:00,10000
2024-01-17T16:00:00+00:00,10000
2024-01-17T17:00:00+00:00,10000
2024-01-17T18:00:00+00:00,10000
2024-01-17T19:00:00+00:00,10000
2024-01-17T20:00:00+00:00,10000
2024-01-17T21:00:00+00:00,10000
2024-01-17T22:00:00+00:00,10000
2024-01-17T23:00:00+00:00,10000
2024-01-18T00:00:00+00:00,10000
2024-01-18T01:00:00+00:00,10000
2024-01-18T02:00:00+00:00,10000
2024-01-18T03:00:00+00:00,10000
2024-01-18T04:00:00+00:00,10000
2024-01-18T05:00:00+00:00,10000
2024-01-18T06:00:00+00:00,10000
2024-01-18T07:00:00+00:00,10000
2024-01-18T08:00:00+00:00,10000
2024-01-18T09:00:00+00:00,10000
2024-01-18T10:00:00+00:00,10000
2024-01-18T11:00:00+00:00,10000
2024-01-18T12:00:00+00:00,10000
2024-01-18T13:00:00+00:00,10000
2024-01-18T14:00:00+00:00,10000
2024-01-18T15:00:00+00:00,10000
2024-01-18T16:00:00+00:00,10000
2024-01-18T17:00:00+00:00,10000
2024-01-18T18:00:00+00:00,10000
2024-01-18T19:00:00+00:00,10000
2024-01-18T20:00:00+00:00,10000
2024-01-18T21:00:00+00:00,10000
2024-01-18T22:00:00+00:00,10000
2024-01-18T23:00:00+00:00,10000
2024-01-19T00:00:00+00:00,10000
2024-01-19T01:00:00+00:00,10000
2024-01-19T02:00:00+00:00,10000
2024-01-19T03:00:00+00:00,10000
2024-01-19T04:00:00+00:00,10000
2024-01-19T05:00:00+00:00,10000
2024-01-19T06:00:00+00:00,10000
2024-01-19T07:00:00+00:00,10000
2024-01-19T08:00:00+00:00,10000
2024-01-19T09:00:00+00:00,10000
2024-01-19T10:00:00+00:00,10000
2024-01-19T11:00:00+00:00,10000
2024-01-19T12:00:00+00:00,10000
2024-01-19T13:00:00+00:00,10000
2024-01-19T14:00:00+00:00,10000
2024-01-19T15:00:00+00:00,10000
2024-01-19T16:00:00+00:00,10000
2024-01-19T17:00:00+00:00,10000
2024-01-19T18:00:00+00:00,10000
2024-01-19T19:00:00+00:00,10000
2024-01-19T20:00:00+00:00,10000
2024-01-19T21:00:00+00:00,10000
2024-01-19T22:00:00+00:00,10000
2024-01-19T23:00:00+00:00,10000
2024-01-20T00:00:00+00:00,10000
2024-01-20T01:00:00+00:00,10000
2024-01-20T02:00:00+00:00,10000
2024-01-20T03:00:00+00:00,10000
2024-01-20T04:00:00+00:00,10000
2024-01-20T05:00:00+00:00,10000
2024-01-20T06:00:00+00:00,10000
2024-01-20T07:00:00+00:00,10000
2024-01-20T08:00:00+00:00,10000
2024-01-20T09:00:00+00:00,10000
2024-01-20T10:00:00+00:00,10000
2024-01-20T11:00:00+00:00,10000
2024-01-20T12:00:00+00:00,10000
2024-01-20T13:00:00+00:00,10000
2024-01-20T14:00:00+00:00,10000
2024-01-20T15:00:00+00:00,10000
2024-01-20T16:00:00+00:00,10000
2024-01-20T17:00:00+00:00,10000
2024-01-20T18:00:00+00:00,10000
2024-01-20T19:00:00+00:00,10000
2024-01-20T20:00:00+00:00,10000
2024-01-20T21:00:00+00:00,10000
2024-01-20T22:00:00+00:00,10000
2024-01-20T23:00:00+00:00,10000
2024-01-21T00:00:00+00:00,10000
2024-01-21T01:00:00+00:00,10000
2024-01-21T02:00:00+00:00,10000
2024-01-21T03:00:00+00:00,10000
2024-01-21T04:00:00+00:00,10000
2024-01-21T05:00:00+00:00,10000
2024-01-21T06:00:00+00:00,10000
2024-01-21T07:00:00+00:00,10000
2024-01-21T08:00:00+00:00,10000
2024-01-21T09:00:00+00:00,10000
2024-01-21T10:00:00+00:00,10000
2024-01-21T11:00:00+00:00,10000
2024-01-21T12:00:00+00:00,10000
2024-01-21T13:00:00+00:00,10000
2024-01-21T14:00:00+00:00,10000
2024-01-21T15:00:00+00:00,10000
2024-01-21T16:00:00+00:00,10000
2024-01-21T17:00:00+00:00,10000
2024-01-21T18:00:00+00:00,10000
2024-01-21T19:00:00+00:00,10000
2024-01-21T20:00:00+00:00,10000
2024-01-21T21:00:00+00:00,10000
2024-01-21T22:00:00+00:00,10000
2024-01-21T23:00:00+00:00,10000
2024-01-22T00:00:00+00:00,10000
2024-01-22T01:00:00+00:00,10000
2024-01-22T02:00:00+00:00,10000
2024-01-22T03:00:00+00:00,10000
2024-01-22T04:00:00+00:00,10000
2024-01-22T05:00:00+00:00,10000
2024-01-22T06:00:00+00:00,10000
2024-01-22T07:00:00+00:00,10000
2024-01-22T08:00:00+00:00,10000
2024-01-22T09:00:00+00:00,10000
2024-01-22T10:00:00+00:00,10000
2024-01-22T11:00:00+00:00,10000
2024-01-22T12:00:00+00:00,10000
2024-01-22T13:00:00+00:00,10000
2024-01-22T14:00:00+00:00,10000
2024-01-22T15:00:00+00:00,10000
2024-01-22T16:00:00+00:00,10000
2024-01-22T17:00:00+00:00,10000
2024-01-22T18:00:00+00:00,10000
2024-01-22T19:00:00+00:00,10000
2024-01-22T20:00:00+00:00,10000
2024-01-22T21:00:00+00:00,10000
2024-01-22T22:00:00+00:00,10000
2024-01-22T23:00:00+00:00,10000
2024-01-23T00:00:00+00:00,10000
2024-01-23T01:00:00+00:00,10000
2024-01-23T02:00:00+00:00,10000
2024-01-23T03:00:00+00:00,10000
2024-01-23T04:00:00+00:00,10000
2024-01-23T05:00:00+00:00,10000
2024-01-23T06:00:00+00:00,10000
2024-01-23T07:00:00+00:00,10000
2024-01-23T08:00:00+00:00,10000
2024-01-23T09:00:00+00:00,10000
2024-01-23T10:00:00+00:00,10000
2024-01-23T11:00:00+00:00,10000
2024-01-23T12:00:00+00:00,10000
2024-01-23T13:00:00+00:00,10000
2024-01-23T14:00:00+00:00,10000
2024-01-23T15:00:00+00:00,10000
2024-01-23T16:00:00+00:00,10000
2024-01-23T17:00:00+00:00,10000
2024-01-23T18:00:00+00:00,10000
2024-01-23T19:00:00+00:00,10000
2024-01-23T20:00:00+00:00,10000
2024-01-23T21:00:00+00:00,10000
2024-01-23T22:00:00+00:00,10000
2024-01-23T23:00:00+00:00,10000
2024-01-24T00:00:00+00:00,10000
2024-01-24T01:00:00+00:00,10000
2024-01-24T02:00:00+00:00,10000
2024-01-24T03:00:00+00:00,10000
2024-01-24T04:00:00+00:00,10000
2024-01-24T05:00:00+00:00,10000
2024-01-24T06:00:00+00:00,10000
2024-01-24T07:00:00+00:00,10000
2024-01-24T08:00:00+00:00,10000
2024-01-24T09:00:00+00:00,10000
2024-01-24T10:00:00+00:00,10000
2024-01-24T11:00:00+00:00,10000
2024-01-24T12:00:00+00:00,10000
2024-01-24T13:00:00+00:00,10000
2024-01-24T14:00:00+00:00,10000
2024-01-24T15:00:00+00:00,10000
2024-01-24T16:00:00+00:00,10000
2024-01-24T17:00:00+00:00,10000
2024-01-24T18:00:00+00:00,10000
2024-01-24T19:00:00+00:00,10000
2024-01-24T20:00:00+00:00,10000
2024-01-24T21:00:00+00:00,10000
2024-01-24T22:00:00+00:00,10000
2024-01-24T23:00:00+00:00,10000
2024-01-25T00:00:00+00:00,10000
2024-01-25T01:00:00+00:00,10000
2024-01-25T02:00:00+00:00,10000
2024-01-25T03:00:00+00:00,10000
2024-01-25T04:00:00+00:00,10000
2024-01-25T05:00:00+00:00,10000
2024-01-25T06:00:00+00:00,10000
2024-01-25T07:00:00+00:00,10000
2024-01-25T08:00:00+00:00,10000
2024-01-25T09:00:00+00:00,10000
2024-01-25T10:00:00+00:00,10000
2024-01-25T11:00:00+00:00,10000
2024-01-25T12:00:00+00:00,10000
2024-01-25T13:00:00+00:00,10000
2024-01-25T14:00:00+00:00,10000
2024-01-25T15:00:00+00:00,10000
2024-01-25T16:00:00+00:00,10000
2024-01-25T17:00:00+00:00,10000
2024-01-25T18:00:00+00:00,10000
2024-01-25T19:00:00+00:00,10000
2024-01-25T20:00:00+00:00,10000
2024-01-25T21:00:00+00:00,10000
2024-01-25T22:00:00+00:00,10000
2024-01-25T23:00:00+00:00,10000
2024-01-26T00:00:00+00:00,10000
2024-01-26T01:00:00+00:00,10000
2024-01-26T02:00:00+00:00,10000
2024-01-26T03:00:00+00:00,10000
2024-01-26T04:00:00+00:00,10000
2024-01-26T05:00:00+00:00,10000
2024-01-26T06:00:00+00:00,10000
2024-01-26T07:00:00+00:00,10000
2024-01-26T08:00:00+00:00,10000
2024-01-26T09:00:00+00:00,10000
2024-01-26T10:00:00+00:00,10000
2024-01-26T11:00:00+00:00,10000
2024-01-26T12:00:00+00:00,10000
2024-01-26T13:00:00+00:00,9999.562379878437850
2024-01-26T14:00:00+00:00,10000.938610378437850
2024-01-26T15:00:00+00:00,10000.537636078437850
2024-01-26T16:00:00+00:00,10001.845340578437850
2024-01-26T17:00:00+00:00,10001.733609178437850
2024-01-26T18:00:00+00:00,10002.194944678437850
2024-01-26T19:00:00+00:00,10002.096481078437850
2024-01-26T20:00:00+00:00,10001.884317778437850
2024-01-26T21:00:00+00:00,10001.936805778437850
2024-01-26T22:00:00+00:00,10001.712030778437850
2024-01-26T23:00:00+00:00,10001.510899678437850
2024-01-27T00:00:00+00:00,10001.419604578437850
2024-01-27T01:00:00+00:00,10001.499600178437850
2024-01-27T02:00:00+00:00,10001.547544078437850
2024-01-27T03:00:00+00:00,10001.490244678437850
2024-01-27T04:00:00+00:00,10001.561322178437850
2024-01-27T05:00:00+00:00,10001.362596778437850
2024-01-27T06:00:00+00:00,10001.220587578437850
2024-01-27T07:00:00+00:00,10001.235410578437850
2024-01-27T08:00:00+00:00,10000.651894678437850
2024-01-27T09:00:00+00:00,10001.137335778437850
2024-01-27T10:00:00+00:00,10001.325709378437850
2024-01-27T11:00:00+00:00,10001.359559278437850
2024-01-27T12:00:00+00:00,10001.332270378437850
2024-01-27T13:00:00+00:00,10001.313899578437850
2024-01-27T14:00:00+00:00,10001.371150378437850
2024-01-27T15:00:00+00:00,10001.487790378437850
2024-01-27T16:00:00+00:00,10001.478507778437850
2024-01-27T17:00:00+00:00,10001.403420778437850
2024-01-27T18:00:00+00:00,10001.447986978437850
2024-01-27T19:00:00+00:00,10001.722212478437850
2024-01-27T20:00:00+00:00,10002.085400278437850
2024-01-27T21:00:00+00:00,10002.305704078437850
2024-01-27T22:00:00+00:00,10002.317659678437850
2024-01-27T23:00:00+00:00,10002.232901278437850
2024-01-28T00:00:00+00:00,10001.917535878437850
2024-01-28T01:00:00+00:00,10002.182770378437850
2024-01-28T02:00:00+00:00,10002.188164978437850
2024-01-28T03:00:00+00:00,10002.503117278437850
2024-01-28T04:00:00+00:00,10003.690147978437850
2024-01-28T05:00:00+00:00,10003.306499578437850
2024-01-28T06:00:00+00:00,10002.944016478437850
2024-01-28T07:00:00+00:00,10002.884602978437850
2024-01-28T08:00:00+00:00,10003.133143378437850
2024-01-28T09:00:00+00:00,10003.337093278437850
2024-01-28T10:00:00+00:00,10003.397818978437850
2024-01-28T11:00:00+00:00,10003.086681778437850
2024-01-28T12:00:00+00:00,10002.953177578437850
2024-01-28T13:00:00+00:00,10002.904917778437850
2024-01-28T14:00:00+00:00,10002.639610378437850
2024-01-28T15:00:00+00:00,10002.566734678437850
2024-01-28T16:00:00+00:00,10002.698756578437850
2024-01-28T17:00:00+00:00,10002.348423478437850
2024-01-28T18:00:00+00:00,10001.870928478437850
2024-01-28T19:00:00+00:00,10001.419555978437850
2024-01-28T20:00:00+00:00,10001.806339078437850
2024-01-28T21:00:00+00:00,10001.890174078437850
2024-01-28T22:00:00+00:00,10001.536390378437850
2024-01-28T23:00:00+00:00,10002.015246178437850
2024-01-29T00:00:00+00:00,10001.870320978437850
2024-01-29T01:00:00+00:00,10002.329080678437850
2024-01-29T02:00:00+00:00,10002.517041178437850
2024-01-29T03:00:00+00:00,10002.744586378437850
2024-01-29T04:00:00+00:00,10002.469510378437850
2024-01-29T05:00:00+00:00,10002.290249278437850
2024-01-29T06:00:00+00:00,10002.336419278437850
2024-01-29T07:00:00+00:00,10002.069678178437850
2024-01-29T08:00:00+00:00,10002.238295878437850
2024-01-29T09:00:00+00:00,10002.658248478437850
2024-01-29T10:00:00+00:00,10002.700797778437850
2024-01-29T11:00:00+00:00,10002.539858878437850
2024-01-29T12:00:00+00:00,10002.189234178437850
2024-01-29T13:00:00+00:00,10001.956051378437850
2024-01-29T14:00:00+00:00,10001.822790178437850
2024-01-29T15:00:00+00:00,10003.499222878437850
2024-01-29T16:00:00+00:00,10004.855770378437850
2024-01-29T17:00:00+00:00,10004.361435478437850
2024-01-29T18:00:00+00:00,10004.439632878437850
2024-01-29T19:00:00+00:00,10004.360026078437850
2024-01-29T20:00:00+00:00,10004.728438378437850
2024-01-29T21:00:00+00:00,10004.798155078437850
2024-01-29T22:00:00+00:00,10004.639743378437850
2024-01-29T23:00:00+00:00,10005.105331378437850
2024-01-30T00:00:00+00:00,10004.763478978437850
2024-01-30T01:00:00+00:00,10005.437779678437850
2024-01-30T02:00:00+00:00,10005.864584878437850
2024-01-30T03:00:00+00:00,10005.632665678437850
2024-01-30T04:00:00+00:00,10005.393991078437850
2024-01-30T05:00:00+00:00,10005.256817578437850
2024-01-30T06:00:00+00:00,10005.197622778437850
2024-01-30T07:00:00+00:00,10005.240317878437850
2024-01-30T08:00:00+00:00,10005.419773378437850
2024-01-30T09:00:00+00:00,10005.158062378437850
2024-01-30T10:00:00+00:00,10005.541054678437850
2024-01-30T11:00:00+00:00,10005.676478578437850
2024-01-30T12:00:00+00:00,10005.328478278437850
2024-01-30T13:00:00+00:00,10005.068662678437850
2024-01-30T14:00:00+00:00,10005.521566078437850
2024-01-30T15:00:00+00:00,10005.282235378437850
2024-01-30T16:00:00+00:00,10005.582413278437850
2024-01-30T17:00:00+00:00,10005.337663678437850
2024-01-30T18:00:00+00:00,10005.272831278437850
2024-01-30T19:00:00+00:00,10005.701361778437850
2024-01-30T20:00:00+00:00,10005.733243378437850
2024-01-30T21:00:00+00:00,10005.696720478437850
2024-01-30T22:00:00+00:00,10005.166251478437850
2024-01-30T23:00:00+00:00,10004.226643378437850
2024-01-31T00:00:00+00:00,10004.207470678437850
2024-01-31T01:00:00+00:00,10003.842022978437850
2024-01-31T02:00:00+00:00,10004.085460378437850
2024-01-31T03:00:00+00:00,10004.199840478437850
2024-01-31T04:00:00+00:00,10004.278985578437850
2024-01-31T05:00:00+00:00,10004.321170378437850
2024-01-31T06:00:00+00:00,10004.311280278437850
2024-01-31T07:00:00+00:00,10004.491294678437850
2024-01-31T08:00:00+00:00,10004.316334678437850
2024-01-31T09:00:00+00:00,10003.509550378437850
2024-01-31T10:00:00+00:00,10002.874664278437850
2024-01-31T11:00:00+00:00,10003.514361778437850
2024-01-31T12:00:00+00:00,10003.453198678437850
2024-01-31T13:00:00+00:00,10003.893295978437850
2024-01-31T14:00:00+00:00,10004.083224778437850
2024-01-31T15:00:00+00:00,10005.247243378437850
2024-01-31T16:00:00+00:00,10005.523558678437850
2024-01-31T17:00:00+00:00,10006.107317578437850
2024-01-31T18:00:00+00:00,10005.617283778437850
2024-01-31T19:00:00+00:00,10005.182945578437850
2024-01-31T20:00:00+00:00,10003.254837778437850
2024-01-31T21:00:00+00:00,10003.123471978437850
2024-01-31T22:00:00+00:00,10003.534020478437850
2024-01-31T23:00:00+00:00,10003.349170378437850
2024-02-01T00:00:00+00:00,10003.093898878437850
2024-02-01T01:00:00+00:00,10001.899772578437850
2024-02-01T02:00:00+00:00,10002.334791178437850
2024-02-01T03:00:00+00:00,10001.977799878437850
2024-02-01T04:00:00+00:00,10002.118205278437850
2024-02-01T05:00:00+00:00,10002.320065378437850
2024-02-01T06:00:00+00:00,10002.166456156085350
2024-02-01T07:00:00+00:00,10002.166456156085350
2024-02-01T08:00:00+00:00,10002.166456156085350
2024-02-01T09:00:00+00:00,10002.166456156085350
2024-02-01T10:00:00+00:00,10002.166456156085350
2024-02-01T11:00:00+00:00,10002.166456156085350
2024-02-01T12:00:00+00:00,10002.166456156085350
2024-02-01T13:00:00+00:00,10002.166456156085350
2024-02-01T14:00:00+00:00,10002.166456156085350
2024-02-01T15:00:00+00:00,10002.166456156085350
2024-02-01T16:00:00+00:00,10002.166456156085350
2024-02-01T17:00:00+00:00,10002.166456156085350
2024-02-01T18:00:00+00:00,10002.166456156085350
2024-02-01T19:00:00+00:00,10002.166456156085350
2024-02-01T20:00:00+00:00,10001.537140671031770
2024-02-01T21:00:00+00:00,10001.732858791031770
2024-02-01T22:00:00+00:00,10001.341098591031770
2024-02-01T23:00:00+00:00,10001.701689211031770
2024-02-02T00:00:00+00:00,10001.913350791031770
2024-02-02T01:00:00+00:00,10001.789991451031770
2024-02-02T02:00:00+00:00,10001.695834791031770
2024-02-02T03:00:00+00:00,10001.595962551031770
2024-02-02T04:00:00+00:00,10001.432594151031770
2024-02-02T05:00:00+00:00,10001.750352631031770
2024-02-02T06:00:00+00:00,10001.891576051031770
2024-02-02T07:00:00+00:00,10001.710829511031770
2024-02-02T08:00:00+00:00,10001.546766911031770
2024-02-02T09:00:00+00:00,10001.465591791031770
2024-02-02T10:00:00+00:00,10001.793184771031770
2024-02-02T11:00:00+00:00,10001.853186791031770
2024-02-02T12:00:00+00:00,10001.812460391031770
2024-02-02T13:00:00+00:00,10000.801705191031770
2024-02-02T14:00:00+00:00,10001.059345951031770
2024-02-02T15:00:00+00:00,10002.069962311031770
2024-02-02T16:00:00+00:00,10002.010423091031770
2024-02-02T17:00:00+00:00,10001.413665631031770
2024-02-02T18:00:00+00:00,10001.343181191031770
2024-02-02T19:00:00+00:00,10001.653164631031770
2024-02-02T20:00:00+00:00,10001.400198151031770
2024-02-02T21:00:00+00:00,10001.498589431031770
2024-02-02T22:00:00+00:00,10001.978559311031770
2024-02-02T23:00:00+00:00,10001.972566051031770
2024-02-03T00:00:00+00:00,10002.039834031031770
2024-02-03T01:00:00+00:00,10002.021391451031770
2024-02-03T02:00:00+00:00,10001.944751771031770
2024-02-03T03:00:00+00:00,10001.912263211031770
2024-02-03T04:00:00+00:00,10001.953290431031770
2024-02-03T05:00:00+00:00,10001.900322971031770
2024-02-03T06:00:00+00:00,10001.730498511031770
2024-02-03T07:00:00+00:00,10001.632523751031770
2024-02-03T08:00:00+00:00,10001.548618111031770
2024-02-03T09:00:00+00:00,10001.722954871031770
2024-02-03T10:00:00+00:00,10001.653396031031770
2024-02-03T11:00:00+00:00,10001.498288611031770
2024-02-03T12:00:00+00:00,10001.672324551031770
2024-02-03T13:00:00+00:00,10001.675425311031770
2024-02-03T14:00:00+00:00,10001.607578831031770
2024-02-03T15:00:00+00:00,10001.785270891031770
2024-02-03T16:00:00+00:00,10001.729688611031770
2024-02-03T17:00:00+00:00,10002.042009191031770
2024-02-03T18:00:00+00:00,10001.672555951031770
2024-02-03T19:00:00+00:00,10001.651128311031770
2024-02-03T20:00:00+00:00,10001.660523151031770
2024-02-03T21:00:00+00:00,10001.613942331031770
2024-02-03T22:00:00+00:00,10001.582217391031770
2024-02-03T23:00:00+00:00,10001.535428311031770
2024-02-04T00:00:00+00:00,10001.528625151031770
2024-02-04T01:00:00+00:00,10001.605403671031770
2024-02-04T02:00:00+00:00,10001.562178151031770
2024-02-04T03:00:00+00:00,10001.572614291031770
2024-02-04T04:00:00+00:00,10001.316547051031770
2024-02-04T05:00:00+00:00,10001.260733371031770
2024-02-04T06:00:00+00:00,10000.922310871031770
2024-02-04T07:00:00+00:00,10001.151165471031770
2024-02-04T08:00:00+00:00,10001.035974551031770
2024-02-04T09:00:00+00:00,10001.377243271031770
2024-02-04T10:00:00+00:00,10001.380182051031770
2024-02-04T11:00:00+00:00,10001.648837451031770
2024-02-04T12:00:00+00:00,10001.496900211031770
2024-02-04T13:00:00+00:00,10001.499399331031770
2024-02-04T14:00:00+00:00,10001.218202051031770
2024-02-04T15:00:00+00:00,10001.378353991031770
2024-02-04T16:00:00+00:00,10001.308818291031770
2024-02-04T17:00:00+00:00,10001.277093351031770
2024-02-04T18:00:00+00:00,10001.033105191031770
2024-02-04T19:00:00+00:00,10000.668488211031770
2024-02-04T20:00:00+00:00,10001.233890971031770
2024-02-04T21:00:00+00:00,10001.000616631031770
2024-02-04T22:00:00+00:00,10000.852176851587060
2024-02-04T23:00:00+00:00,10000.852176851587060
2024-02-05T00:00:00+00:00,10000.852176851587060
2024-02-05T01:00:00+00:00,10000.852176851587060
2024-02-05T02:00:00+00:00,10000.852176851587060
2024-02-05T03:00:00+00:00,10000.852176851587060
2024-02-05T04:00:00+00:00,10000.852176851587060
2024-02-05T05:00:00+00:00,10000.852176851587060
2024-02-05T06:00:00+00:00,10000.852176851587060
2024-02-05T07:00:00+00:00,10000.852176851587060
2024-02-05T08:00:00+00:00,10000.852176851587060
2024-02-05T09:00:00+00:00,10000.852176851587060
2024-02-05T10:00:00+00:00,10000.852176851587060
2024-02-05T11:00:00+00:00,10000.852176851587060
2024-02-05T12:00:00+00:00,10000.843998611639460
2024-02-05T13:00:00+00:00,10001.289196261639460
2024-02-05T14:00:00+00:00,10000.704913411639460
2024-02-05T15:00:00+00:00,9999.428769661639460
2024-02-05T16:00:00+00:00,9999.654852561639460
2024-02-05T17:00:00+00:00,9999.606816311639460
2024-02-05T18:00:00+00:00,9999.629850561639460
2024-02-05T19:00:00+00:00,9999.709648611639460
2024-02-05T20:00:00+00:00,9998.924053361639460
2024-02-05T21:00:00+00:00,9998.776755034734460
2024-02-05T22:00:00+00:00,9998.776755034734460
2024-02-05T23:00:00+00:00,9998.776755034734460
2024-02-06T00:00:00+00:00,9998.776755034734460
2024-02-06T01:00:00+00:00,9998.776755034734460
2024-02-06T02:00:00+00:00,9998.776755034734460
2024-02-06T03:00:00+00:00,9998.776755034734460
2024-02-06T04:00:00+00:00,9998.776755034734460
2024-02-06T05:00:00+00:00,9998.776755034734460
2024-02-06T06:00:00+00:00,9998.776755034734460
2024-02-06T07:00:00+00:00,9998.776755034734460
2024-02-06T08:00:00+00:00,9998.776755034734460
2024-02-06T09:00:00+00:00,9998.776755034734460
2024-02-06T10:00:00+00:00,9998.776755034734460
2024-02-06T11:00:00+00:00,9998.776755034734460
2024-02-06T12:00:00+00:00,9998.776755034734460
2024-02-06T13:00:00+00:00,9998.776755034734460
2024-02-06T14:00:00+00:00,9998.776755034734460
2024-02-06T15:00:00+00:00,9998.776755034734460
2024-02-06T16:00:00+00:00,9998.443089605121620
2024-02-06T17:00:00+00:00,9998.478232005121620
2024-02-06T18:00:00+00:00,9998.523662805121620
2024-02-06T19:00:00+00:00,9998.705085445121620
2024-02-06T20:00:00+00:00,9998.281735125121620
2024-02-06T21:00:00+00:00,9998.445054805121620
2024-02-06T22:00:00+00:00,9998.522899845121620
2024-02-06T23:00:00+00:00,9998.289318485121620
2024-02-07T00:00:00+00:00,9998.283584725121620
2024-02-07T01:00:00+00:00,9998.175475605121620
2024-02-07T02:00:00+00:00,9998.173926565121620
2024-02-07T03:00:00+00:00,9997.598146085121620
2024-02-07T04:00:00+00:00,9997.896810245121620
2024-02-07T05:00:00+00:00,9998.127871525121620
2024-02-07T06:00:00+00:00,9997.972505125121620
2024-02-07T07:00:00+00:00,9997.871031445121620
2024-02-07T08:00:00+00:00,9997.928369045121620
2024-02-07T09:00:00+00:00,9998.398098085121620
2024-02-07T10:00:00+00:00,9997.824583365121620
2024-02-07T11:00:00+00:00,9997.894752565121620
2024-02-07T12:00:00+00:00,9998.229969445121620
2024-02-07T13:00:00+00:00,9998.388803845121620
2024-02-07T14:00:00+00:00,9998.126669285121620
2024-02-07T15:00:00+00:00,9998.224883045121620
2024-02-07T16:00:00+00:00,9998.617067605121620
2024-02-07T17:00:00+00:00,9999.216338005121620
2024-02-07T18:00:00+00:00,9999.565565605121620
2024-02-07T19:00:00+00:00,9999.483512725121620
2024-02-07T20:00:00+00:00,10000.676273525121620
2024-02-07T21:00:00+00:00,10000.802485605121620
2024-02-07T22:00:00+00:00,10000.744061365121620
2024-02-07T23:00:00+00:00,10001.180821285121620
2024-02-08T00:00:00+00:00,10001.935481205121620
2024-02-08T01:00:00+00:00,10001.886281845121620
2024-02-08T02:00:00+00:00,10001.871461925121620
2024-02-08T03:00:00+00:00,10001.623314965121620
2024-02-08T04:00:00+00:00,10001.505194885121620
2024-02-08T05:00:00+00:00,10001.650850885121620
2024-02-08T06:00:00+00:00,10001.445290965121620
2024-02-08T07:00:00+00:00,10001.559156965121620
2024-02-08T08:00:00+00:00,10002.033325045121620
2024-02-08T09:00:00+00:00,10001.974322805121620
2024-02-08T10:00:00+00:00,10002.287506325121620
2024-02-08T11:00:00+00:00,10001.988564725121620
2024-02-08T12:00:00+00:00,10001.965976485121620
2024-02-08T13:00:00+00:00,10002.647554085121620
2024-02-08T14:00:00+00:00,10002.864858965121620
2024-02-08T15:00:00+00:00,10003.684023685121620
2024-02-08T16:00:00+00:00,10002.837161205121620
2024-02-08T17:00:00+00:00,10002.782875445121620
2024-02-08T18:00:00+00:00,10003.383833605121620
2024-02-08T19:00:00+00:00,10003.341477765121620
2024-02-08T20:00:00+00:00,10003.831783605121620
2024-02-08T21:00:00+00:00,10003.426790565121620
2024-02-08T22:00:00+00:00,10003.314681685121620
2024-02-08T23:00:00+00:00,10003.351904885121620
2024-02-09T00:00:00+00:00,10003.352945285121620
2024-02-09T01:00:00+00:00,10003.822050085121620
2024-02-09T02:00:00+00:00,10005.655997845121620
2024-02-09T03:00:00+00:00,10005.136976965121620
2024-02-09T04:00:00+00:00,10004.905753845121620
2024-02-09T05:00:00+00:00,10005.614196885121620
2024-02-09T06:00:00+00:00,10005.449490005121620
2024-02-09T07:00:00+00:00,10005.463570085121620
2024-02-09T08:00:00+00:00,10006.476202965121620
2024-02-09T09:00:00+00:00,10006.203410085121620
2024-02-09T10:00:00+00:00,10006.798796325121620
2024-02-09T11:00:00+00:00,10007.724752325121620
2024-02-09T12:00:00+00:00,10008.057610965121620
2024-02-09T13:00:00+00:00,10008.385845605121620
2024-02-09T14:00:00+00:00,10007.451913205121620
2024-02-09T15:00:00+00:00,10007.678442965121620
2024-02-09T16:00:00+00:00,10007.946380645121620
2024-02-09T17:00:00+00:00,10008.816524965121620
2024-02-09T18:00:00+00:00,10008.700370085121620
2024-02-09T19:00:00+00:00,10008.486463845121620
2024-02-09T20:00:00+00:00,10008.490648565121620
2024-02-09T21:00:00+00:00,10008.481308085121620
2024-02-09T22:00:00+00:00,10007.938820405121620
2024-02-09T23:00:00+00:00,10007.615510325121620
2024-02-10T00:00:00+00:00,10007.512002085121620
2024-02-10T01:00:00+00:00,10008.006793205121620
2024-02-10T02:00:00+00:00,10008.028479765121620
2024-02-10T03:00:00+00:00,10008.179291525121620
2024-02-10T04:00:00+00:00,10008.255310085121620
2024-02-10T05:00:00+00:00,10008.064177045121620
2024-02-10T06:00:00+00:00,10008.117722965121620
2024-02-10T07:00:00+00:00,10007.659322725121620
2024-02-10T08:00:00+00:00,10007.511308485121620
2024-02-10T09:00:00+00:00,10007.461138085121620
2024-02-10T10:00:00+00:00,10007.040862725121620
2024-02-10T11:00:00+00:00,10007.729330085121620
2024-02-10T12:00:00+00:00,10007.843889685121620
2024-02-10T13:00:00+00:00,10008.010446165121620
2024-02-10T14:00:00+00:00,10007.932786085121620
2024-02-10T15:00:00+00:00,10008.125791845121620
2024-02-10T16:00:00+00:00,10007.886546085121620
2024-02-10T17:00:00+00:00,10007.762807845121620
2024-02-10T18:00:00+00:00,10008.070049525121620
2024-02-10T19:00:00+00:00,10008.536426165121620
2024-02-10T20:00:00+00:00,10009.338482085121620
2024-02-10T21:00:00+00:00,10009.485594645121620
2024-02-10T22:00:00+00:00,10009.218026885121620
2024-02-10T23:00:00+00:00,10009.045066165121620
2024-02-11T00:00:00+00:00,10009.001924245121620
2024-02-11T01:00:00+00:00,10008.757199045121620
2024-02-11T02:00:00+00:00,10009.098565845121620
2024-02-11T03:00:00+00:00,10010.821884405121620
2024-02-11T04:00:00+00:00,10010.302031205121620
2024-02-11T05:00:00+00:00,10010.140052485121620
2024-02-11T06:00:00+00:00,10010.133671365121620
2024-02-11T07:00:00+00:00,10010.035596325121620
2024-02-11T08:00:00+00:00,10009.944226085121620
2024-02-11T09:00:00+00:00,10009.944202965121620
2024-02-11T10:00:00+00:00,10009.950653445121620
2024-02-11T11:00:00+00:00,10010.572419605121620
2024-02-11T12:00:00+00:00,10010.293361205121620
2024-02-11T13:00:00+00:00,10009.754919525121620
2024-02-11T14:00:00+00:00,10010.162848805121620
2024-02-11T15:00:00+00:00,10009.968340245121620
2024-02-11T16:00:00+00:00,10009.861017205121620
2024-02-11T17:00:00+00:00,10010.295650085121620
2024-02-11T18:00:00+00:00,10010.273038725121620
2024-02-11T19:00:00+00:00,10010.277154085121620
2024-02-11T20:00:00+00:00,10009.700425685121620
2024-02-11T21:00:00+00:00,10009.888738085121620
2024-02-11T22:00:00+00:00,10009.934978085121620
2024-02-11T23:00:00+00:00,10010.314122965121620
2024-02-12T00:00:00+00:00,10011.016994085121620
2024-02-12T01:00:00+00:00,10010.743576965121620
2024-02-12T02:00:00+00:00,10009.969889285121620
2024-02-12T03:00:00+00:00,10009.955786085121620
2024-02-12T04:00:00+00:00,10009.782386085121620
2024-02-12T05:00:00+00:00,10009.789738245121620
2024-02-12T06:00:00+00:00,10009.966028245121620
2024-02-12T07:00:00+00:00,10010.092147845121620
2024-02-12T08:00:00+00:00,10009.884137205121620
2024-02-12T09:00:00+00:00,10009.345233125121620
2024-02-12T10:00:00+00:00,10009.324771925121620
2024-02-12T11:00:00+00:00,10009.396351445121620
2024-02-12T12:00:00+00:00,10009.694530085121620
2024-02-12T13:00:00+00:00,10009.504599285121620
2024-02-12T14:00:00+00:00,10011.465522085121620
2024-02-12T15:00:00+00:00,10014.054499685121620
2024-02-12T16:00:00+00:00,10013.278893045121620
2024-02-12T17:00:00+00:00,10013.908103845121620
2024-02-12T18:00:00+00:00,10013.647957605121620
2024-02-12T19:00:00+00:00,10013.162599445121620
2024-02-12T20:00:00+00:00,10014.621309605121620
2024-02-12T21:00:00+00:00,10013.819831685121620
2024-02-12T22:00:00+00:00,10014.293329285121620
2024-02-12T23:00:00+00:00,10014.053274325121620
2024-02-13T00:00:00+00:00,10014.479676485121620
2024-02-13T01:00:00+00:00,10014.570908005121620
2024-02-13T02:00:00+00:00,10014.123327925121620
2024-02-13T03:00:00+00:00,10013.759002965121620
2024-02-13T04:00:00+00:00,10014.019033605121620
2024-02-13T05:00:00+00:00,10014.360146085121620
2024-02-13T06:00:00+00:00,10014.244546085121620
2024-02-13T07:00:00+00:00,10014.205450165121620
2024-02-13T08:00:00+00:00,10014.517315845121620
2024-02-13T09:00:00+00:00,10014.718482965121620
2024-02-13T10:00:00+00:00,10013.923386165121620
2024-02-13T11:00:00+00:00,10014.217079525121620
2024-02-13T12:00:00+00:00,10013.920866085121620
2024-02-13T13:00:00+00:00,10013.153420805121620
2024-02-13T14:00:00+00:00,10011.220820005121620
2024-02-13T15:00:00+00:00,10011.302456725121620
2024-02-13T16:00:00+00:00,10010.723531925121620
2024-02-13T17:00:00+00:00,10011.572313365121620
2024-02-13T18:00:00+00:00,10012.181872165121620
2024-02-13T19:00:00+00:00,10012.017465845121620
2024-02-13T20:00:00+00:00,10012.855982005121620
2024-02-13T21:00:00+00:00,10013.146346085121620
2024-02-13T22:00:00+00:00,10013.138346565121620
2024-02-13T23:00:00+00:00,10013.549998165121620
2024-02-14T00:00:00+00:00,10013.048802805121620
2024-02-14T01:00:00+00:00,10012.934312565121620
2024-02-14T02:00:00+00:00,10013.066535845121620
2024-02-14T03:00:00+00:00,10013.131572405121620
2024-02-14T04:00:00+00:00,10012.824954965121620
2024-02-14T05:00:00+00:00,10013.178829685121620
2024-02-14T06:00:00+00:00,10013.407209045121620
2024-02-14T07:00:00+00:00,10013.872152245121620
2024-02-14T08:00:00+00:00,10015.997042085121620
2024-02-14T09:00:00+00:00,10017.830689285121620
2024-02-14T10:00:00+00:00,10017.250146085121620
2024-02-14T11:00:00+00:00,10017.839983525121620
2024-02-14T12:00:00+00:00,10017.887102085121620
2024-02-14T13:00:00+00:00,10018.373801205121620
2024-02-14T14:00:00+00:00,10018.656882485121620
2024-02-14T15:00:00+00:00,10017.920626085121620
2024-02-14T16:00:00+00:00,10017.900627285121620
2024-02-14T17:00:00+00:00,10018.091690965121620
2024-02-14T18:00:00+00:00,10017.586426485121620
2024-02-14T19:00:00+00:00,10018.124082085121620
2024-02-14T20:00:00+00:00,10018.142901765121620
2024-02-14T21:00:00+00:00,10018.233324085121620
2024-02-14T22:00:00+00:00,10018.388644245121620
2024-02-14T23:00:00+00:00,10018.394979125121620
2024-02-15T00:00:00+00:00,10019.611160485121620
2024-02-15T01:00:00+00:00,10018.640698485121620
2024-02-15T02:00:00+00:00,10018.980585605121620
2024-02-15T03:00:00+00:00,10019.662301925121620
2024-02-15T04:00:00+00:00,10019.192226085121620
2024-02-15T05:00:00+00:00,10018.766032005121620
2024-02-15T06:00:00+00:00,10018.809590085121620
2024-02-15T07:00:00+00:00,10018.352068405121620
2024-02-15T08:00:00+00:00,10018.715977205121620
2024-02-15T09:00:00+00:00,10019.252314965121620
2024-02-15T10:00:00+00:00,10019.531396485121620
2024-02-15T11:00:00+00:00,10019.631506085121620
2024-02-15T12:00:00+00:00,10019.635991365121620
2024-02-15T13:00:00+00:00,10019.371937845121620
2024-02-15T14:00:00+00:00,10020.305014805121620
2024-02-15T15:00:00+00:00,10018.748853845121620
2024-02-15T16:00:00+00:00,10019.481965925121620
2024-02-15T17:00:00+00:00,10018.580910165121620
2024-02-15T18:00:00+00:00,10018.817658965121620
2024-02-15T19:00:00+00:00,10018.873193205121620
2024-02-15T20:00:00+00:00,10018.142578085121620
2024-02-15T21:00:00+00:00,10017.313194325121620
2024-02-15T22:00:00+00:00,10018.046398885121620
2024-02-15T23:00:00+00:00,10018.591106085121620
2024-02-16T00:00:00+00:00,10018.669899045121620
2024-02-16T01:00:00+00:00,10018.759026645121620
2024-02-16T02:00:00+00:00,10019.257308885121620
2024-02-16T03:00:00+00:00,10019.516484085121620
2024-02-16T04:00:00+00:00,10019.150586965121620
2024-02-16T05:00:00+00:00,10019.017392645121620
2024-02-16T06:00:00+00:00,10018.632606485121620
2024-02-16T07:00:00+00:00,10018.248906965121620
2024-02-16T08:00:00+00:00,10018.473887685121620
2024-02-16T09:00:00+00:00,10018.470858965121620
2024-02-16T10:00:00+00:00,10019.562146085121620
2024-02-16T11:00:00+00:00,10019.362990405121620
2024-02-16T12:00:00+00:00,10019.755059365121620
2024-02-16T13:00:00+00:00,10019.941314085121620
2024-02-16T14:00:00+00:00,10018.684302805121620
2024-02-16T15:00:00+00:00,10018.609625205121620
2024-02-16T16:00:00+00:00,10018.963569285121620
2024-02-16T17:00:00+00:00,10018.907341445121620
2024-02-16T18:00:00+00:00,10018.793013045121620
2024-02-16T19:00:00+00:00,10018.305088565121620
2024-02-16T20:00:00+00:00,10018.494002085121620
2024-02-16T21:00:00+00:00,10018.826953205121620
2024-02-16T22:00:00+00:00,10018.817358405121620
2024-02-16T23:00:00+00:00,10019.155488405121620
2024-02-17T00:00:00+00:00,10018.877331685121620
2024-02-17T01:00:00+00:00,10018.802261045121620
2024-02-17T02:00:00+00:00,10018.720231285121620
2024-02-17T03:00:00+00:00,10018.796296085121620
2024-02-17T04:00:00+00:00,10018.895411525121620
2024-02-17T05:00:00+00:00,10018.681227845121620
2024-02-17T06:00:00+00:00,10018.696510165121620
2024-02-17T07:00:00+00:00,10018.663541045121620
2024-02-17T08:00:00+00:00,10018.267449205121620
2024-02-17T09:00:00+00:00,10018.120382885121620
2024-02-17T10:00:00+00:00,10018.225047125121620
2024-02-17T11:00:00+00:00,10018.152935845121620
2024-02-17T12:00:00+00:00,10018.200609285121620
2024-02-17T13:00:00+00:00,10016.993074805121620
2024-02-17T14:00:00+00:00,10016.189146165121620
2024-02-17T15:00:00+00:00,10016.520848805121620
2024-02-17T16:00:00+00:00,10016.443836085121620
2024-02-17T17:00:00+00:00,10017.054967045121620
2024-02-17T18:00:00+00:00,10017.166798485121620
2024-02-17T19:00:00+00:00,10017.468468245121620
2024-02-17T20:00:00+00:00,10017.744914085121620
2024-02-17T21:00:00+00:00,10018.414931685121620
2024-02-17T22:00:00+00:00,10018.199245205121620
2024-02-17T23:00:00+00:00,10018.042329765121620
2024-02-18T00:00:00+00:00,10018.121654485121620
2024-02-18T01:00:00+00:00,10017.783825045121620
2024-02-18T02:00:00+00:00,10017.199258965121620
2024-02-18T03:00:00+00:00,10017.666282965121620
2024-02-18T04:00:00+00:00,10017.860791525121620
2024-02-18T05:00:00+00:00,10018.075229525121620
2024-02-18T06:00:00+00:00,10017.734695045121620
2024-02-18T07:00:00+00:00,10018.108129285121620
2024-02-18T08:00:00+00:00,10018.383049205121620
2024-02-18T09:00:00+00:00,10018.814930805121620
2024-02-18T10:00:00+00:00,10018.477425045121620
2024-02-18T11:00:00+00:00,10018.480153205121620
2024-02-18T12:00:00+00:00,10017.837532805121620
2024-02-18T13:00:00+00:00,10018.009499365121620
2024-02-18T14:00:00+00:00,10018.595730085121620
2024-02-18T15:00:00+00:00,10018.346010965121620
2024-02-18T16:00:00+00:00,10018.488383925121620
2024-02-18T17:00:00+00:00,10018.493863365121620
2024-02-18T18:00:00+00:00,10018.392158485121620
2024-02-18T19:00:00+00:00,10018.309319525121620
2024-02-18T20:00:00+00:00,10018.350658085121620
2024-02-18T21:00:00+00:00,10018.547409285121620
2024-02-18T22:00:00+00:00,10019.422963685121620
2024-02-18T23:00:00+00:00,10019.186839125121620
2024-02-19T00:00:00+00:00,10019.293306725121620
2024-02-19T01:00:00+00:00,10019.081388805121620
2024-02-19T02:00:00+00:00,10019.212109285121620
2024-02-19T03:00:00+00:00,10019.016074805121620
2024-02-19T04:00:00+00:00,10019.093711765121620
2024-02-19T05:00:00+00:00,10019.170077125121620
2024-02-19T06:00:00+00:00,10019.764515445121620
2024-02-19T07:00:00+00:00,10019.779566565121620
2024-02-19T08:00:00+00:00,10019.096278085121620
2024-02-19T09:00:00+00:00,10019.476578965121620
2024-02-19T10:00:00+00:00,10019.677769205121620
2024-02-19T11:00:00+00:00,10019.645886725121620
2024-02-19T12:00:00+00:00,10019.495306165121620
2024-02-19T13:00:00+00:00,10019.215739125121620
2024-02-19T14:00:00+00:00,10019.099746085121620
2024-02-19T15:00:00+00:00,10019.164458965121620
2024-02-19T16:00:00+00:00,10018.350103205121620
2024-02-19T17:00:00+00:00,10019.219345845121620
2024-02-19T18:00:00+00:00,10018.698868405121620
2024-02-19T19:00:00+00:00,10018.453796405121620
2024-02-19T20:00:00+00:00,10018.403810965121620
2024-02-19T21:00:00+00:00,10018.647565125121620
2024-02-19T22:00:00+00:00,10018.721549125121620
2024-02-19T23:00:00+00:00,10018.347721845121620
2024-02-20T00:00:00+00:00,10018.040433925121620
2024-02-20T01:00:00+00:00,10018.015764885121620
2024-02-20T02:00:00+00:00,10018.200586165121620
2024-02-20T03:00:00+00:00,10017.898037845121620
2024-02-20T04:00:00+00:00,10018.378425205121620
2024-02-20T05:00:00+00:00,10018.658385285121620
2024-02-20T06:00:00+00:00,10018.748460805121620
2024-02-20T07:00:00+00:00,10018.496961445121620
2024-02-20T08:00:00+00:00,10018.352507685121620
2024-02-20T09:00:00+00:00,10018.316741045121620
2024-02-20T10:00:00+00:00,10019.145962965121620
2024-02-20T11:00:00+00:00,10019.531627685121620
2024-02-20T12:00:00+00:00,10019.282209125121620
2024-02-20T13:00:00+00:00,10020.810926645121620
2024-02-20T14:00:00+00:00,10018.981232965121620
2024-02-20T15:00:00+00:00,10018.128706085121620
2024-02-20T16:00:00+00:00,10017.472861045121620
2024-02-20T17:00:00+00:00,10017.307922965121620
2024-02-20T18:00:00+00:00,10017.735411765121620
2024-02-20T19:00:00+00:00,10019.102312405121620
2024-02-20T20:00:00+00:00,10018.846882645121620
2024-02-20T21:00:00+00:00,10018.924034085121620
2024-02-20T22:00:00+00:00,10019.258464885121620
2024-02-20T23:00:00+00:00,10019.466937925121620
2024-02-21T00:00:00+00:00,10019.271296485121620
2024-02-21T01:00:00+00:00,10019.105664805121620
2024-02-21T02:00:00+00:00,10019.025738965121620
2024-02-21T03:00:00+00:00,10018.873146965121620
2024-02-21T04:00:00+00:00,10018.751975045121620
2024-02-21T05:00:00+00:00,10018.493886485121620
2024-02-21T06:00:00+00:00,10018.272003845121620
2024-02-21T07:00:00+00:00,10017.871241765121620
2024-02-21T08:00:00+00:00,10018.100592165121620
2024-02-21T09:00:00+00:00,10016.776417285121620
2024-02-21T10:00:00+00:00,10017.183329285121620
2024-02-21T11:00:00+00:00,10016.476851445121620
2024-02-21T12:00:00+00:00,10016.300161903234300
2024-02-21T13:00:00+00:00,10016.300161903234300
2024-02-21T14:00:00+00:00,10016.300161903234300
2024-02-21T15:00:00+00:00,10016.300161903234300
2024-02-21T16:00:00+00:00,10016.300161903234300
2024-02-21T17:00:00+00:00,10016.300161903234300
2024-02-21T18:00:00+00:00,10016.300161903234300
2024-02-21T19:00:00+00:00,10016.300161903234300
2024-02-21T20:00:00+00:00,10016.300161903234300
2024-02-21T21:00:00+00:00,10016.300161903234300
2024-02-21T22:00:00+00:00,10016.300161903234300
2024-02-21T23:00:00+00:00,10016.300161903234300
2024-02-22T00:00:00+00:00,10016.300161903234300
2024-02-22T01:00:00+00:00,10016.300161903234300
2024-02-22T02:00:00+00:00,10016.300161903234300
2024-02-22T03:00:00+00:00,10016.300161903234300
2024-02-22T04:00:00+00:00,10016.300161903234300
2024-02-22T05:00:00+00:00,10016.300161903234300
2024-02-22T06:00:00+00:00,10016.300161903234300
2024-02-22T07:00:00+00:00,10016.300161903234300
2024-02-22T08:00:00+00:00,10016.300161903234300
2024-02-22T09:00:00+00:00,10016.300161903234300
2024-02-22T10:00:00+00:00,10016.300161903234300
2024-02-22T11:00:00+00:00,10016.300161903234300
2024-02-22T12:00:00+00:00,10016.300161903234300
2024-02-22T13:00:00+00:00,10016.300161903234300
2024-02-22T14:00:00+00:00,10016.300161903234300
2024-02-22T15:00:00+00:00,10016.300161903234300
2024-02-22T16:00:00+00:00,10016.300161903234300
2024-02-22T17:00:00+00:00,10016.300161903234300
2024-02-22T18:00:00+00:00,10016.300161903234300
2024-02-22T19:00:00+00:00,10016.300161903234300
2024-02-22T20:00:00+00:00,10016.300161903234300
2024-02-22T21:00:00+00:00,10016.300161903234300
2024-02-22T22:00:00+00:00,10016.300161903234300
2024-02-22T23:00:00+00:00,10016.300161903234300
2024-02-23T00:00:00+00:00,10016.300161903234300
2024-02-23T01:00:00+00:00,10016.300161903234300
2024-02-23T02:00:00+00:00,10016.300161903234300
2024-02-23T03:00:00+00:00,10016.300161903234300
2024-02-23T04:00:00+00:00,10016.300161903234300
2024-02-23T05:00:00+00:00,10016.300161903234300
2024-02-23T06:00:00+00:00,10016.300161903234300
2024-02-23T07:00:00+00:00,10016.300161903234300
2024-02-23T08:00:00+00:00,10016.300161903234300
2024-02-23T09:00:00+00:00,10016.300161903234300
2024-02-23T10:00:00+00:00,10016.300161903234300
2024-02-23T11:00:00+00:00,10016.300161903234300
2024-02-23T12:00:00+00:00,10016.300161903234300
2024-02-23T13:00:00+00:00,10016.300161903234300
2024-02-23T14:00:00+00:00,10016.300161903234300
2024-02-23T15:00:00+00:00,10016.300161903234300
2024-02-23T16:00:00+00:00,10016.300161903234300
2024-02-23T17:00:00+00:00,10016.300161903234300
2024-02-23T18:00:00+00:00,10016.300161903234300
2024-02-23T19:00:00+00:00,10016.300161903234300
2024-02-23T20:00:00+00:00,10016.300161903234300
2024-02-23T21:00:00+00:00,10016.300161903234300
2024-02-23T22:00:00+00:00,10016.300161903234300
2024-02-23T23:00:00+00:00,10016.300161903234300
2024-02-24T00:00:00+00:00,10016.300161903234300
2024-02-24T01:00:00+00:00,10016.300161903234300
2024-02-24T02:00:00+00:00,10016.300161903234300
2024-02-24T03:00:00+00:00,10016.300161903234300
2024-02-24T04:00:00+00:00,10016.300161903234300
2024-02-24T05:00:00+00:00,10016.300161903234300
2024-02-24T06:00:00+00:00,10016.300161903234300
2024-02-24T07:00:00+00:00,10016.300161903234300
2024-02-24T08:00:00+00:00,10016.300161903234300
2024-02-24T09:00:00+00:00,10016.300161903234300
2024-02-24T10:00:00+00:00,10016.300161903234300
2024-02-24T11:00:00+00:00,10016.300161903234300
2024-02-24T12:00:00+00:00,10016.300161903234300
2024-02-24T13:00:00+00:00,10016.300161903234300
2024-02-24T14:00:00+00:00,10016.300161903234300
2024-02-24T15:00:00+00:00,10016.300161903234300
2024-02-24T16:00:00+00:00,10016.300161903234300
2024-02-24T17:00:00+00:00,10016.300161903234300
2024-02-24T18:00:00+00:00,10016.300161903234300
2024-02-24T19:00:00+00:00,10016.300161903234300
2024-02-24T20:00:00+00:00,10016.300161903234300
2024-02-24T21:00:00+00:00,10016.300161903234300
2024-02-24T22:00:00+00:00,10016.300161903234300
2024-02-24T23:00:00+00:00,10016.300161903234300
2024-02-25T00:00:00+00:00,10016.300161903234300
2024-02-25T01:00:00+00:00,10016.300161903234300
2024-02-25T02:00:00+00:00,10015.991187436215615
2024-02-25T03:00:00+00:00,10016.035622216215615
2024-02-25T04:00:00+00:00,10016.021230306215615
2024-02-25T05:00:00+00:00,10016.121489426215615
2024-02-25T06:00:00+00:00,10016.291093146215615
2024-02-25T07:00:00+00:00,10016.218261946215615
2024-02-25T08:00:00+00:00,10015.999535906215615
2024-02-25T09:00:00+00:00,10016.063747456215615
2024-02-25T10:00:00+00:00,10015.940747956215615
2024-02-25T11:00:00+00:00,10016.074381586215615
2024-02-25T12:00:00+00:00,10016.096579606215615
2024-02-25T13:00:00+00:00,10016.012242626215615
2024-02-25T14:00:00+00:00,10016.260759726215615
2024-02-25T15:00:00+00:00,10015.840043326215615
2024-02-25T16:00:00+00:00,10015.558132346215615
2024-02-25T17:00:00+00:00,10015.909678476215615
2024-02-25T18:00:00+00:00,10015.948437846215615
2024-02-25T19:00:00+00:00,10016.128540106215615
2024-02-25T20:00:00+00:00,10016.250261186215615
2024-02-25T21:00:00+00:00,10016.310385666215615
2024-02-25T22:00:00+00:00,10016.184809956215615
2024-02-25T23:00:00+00:00,10016.236799036215615
2024-02-26T00:00:00+00:00,10016.140045886215615
2024-02-26T01:00:00+00:00,10015.741546876215615
2024-02-26T02:00:00+00:00,10015.663582626215615
2024-02-26T03:00:00+00:00,10015.901194416215615
2024-02-26T04:00:00+00:00,10015.859839466215615
2024-02-26T05:00:00+00:00,10015.927169586215615
2024-02-26T06:00:00+00:00,10015.834367916215615
2024-02-26T07:00:00+00:00,10015.393061206215615
2024-02-26T08:00:00+00:00,10015.309576506215615
2024-02-26T09:00:00+00:00,10014.728147216215615
2024-02-26T10:00:00+00:00,10015.155430046215615
2024-02-26T11:00:00+00:00,10014.999365956215615
2024-02-26T12:00:00+00:00,10014.850973412835300
2024-02-26T13:00:00+00:00,10014.850973412835300
2024-02-26T14:00:00+00:00,10014.850973412835300
2024-02-26T15:00:00+00:00,10014.850973412835300
2024-02-26T16:00:00+00:00,10015.740486571702625
2024-02-26T17:00:00+00:00,10015.951930671702625
2024-02-26T18:00:00+00:00,10016.119619221702625
2024-02-26T19:00:00+00:00,10017.817577121702625
2024-02-26T20:00:00+00:00,10017.743634221702625
2024-02-26T21:00:00+00:00,10018.112780221702625
2024-02-26T22:00:00+00:00,10018.144805721702625
2024-02-26T23:00:00+00:00,10017.797414321702625
2024-02-27T00:00:00+00:00,10017.946096021702625
2024-02-27T01:00:00+00:00,10020.245640621702625
2024-02-27T02:00:00+00:00,10021.250123271702625
2024-02-27T03:00:00+00:00,10020.054605671702625
2024-02-27T04:00:00+00:00,10020.187994721702625
2024-02-27T05:00:00+00:00,10020.809592621702625
2024-02-27T06:00:00+00:00,10021.372388671702625
2024-02-27T07:00:00+00:00,10020.796460271702625
2024-02-27T08:00:00+00:00,10021.131704721702625
2024-02-27T09:00:00+00:00,10021.851709971702625
2024-02-27T10:00:00+00:00,10021.685537421702625
2024-02-27T11:00:00+00:00,10021.684665721702625
2024-02-27T12:00:00+00:00,10022.175773921702625
2024-02-27T13:00:00+00:00,10022.792293221702625
2024-02-27T14:00:00+00:00,10022.534649021702625
2024-02-27T15:00:00+00:00,10022.097529371702625
2024-02-27T16:00:00+00:00,10022.655322621702625
2024-02-27T17:00:00+00:00,10022.124684721702625
2024-02-27T18:00:00+00:00,10022.790038171702625
2024-02-27T19:00:00+00:00,10023.223197271702625
2024-02-27T20:00:00+00:00,10022.518655221702625
2024-02-27T21:00:00+00:00,10022.017295071702625
2024-02-27T22:00:00+00:00,10022.376568121702625
2024-02-27T23:00:00+00:00,10022.650262971702625
2024-02-28T00:00:00+00:00,10022.608572971702625
2024-02-28T01:00:00+00:00,10022.148656471702625
2024-02-28T02:00:00+00:00,10022.437568171702625
2024-02-28T03:00:00+00:00,10022.421081671702625
2024-02-28T04:00:00+00:00,10022.972716171702625
2024-02-28T05:00:00+00:00,10022.732392271702625
2024-02-28T06:00:00+00:00,10022.931613621702625
2024-02-28T07:00:00+00:00,10024.931388171702625
2024-02-28T08:00:00+00:00,10027.219259571702625
2024-02-28T09:00:00+00:00,10026.938022621702625
2024-02-28T10:00:00+00:00,10026.873611571702625
2024-02-28T11:00:00+00:00,10026.257907121702625
2024-02-28T12:00:00+00:00,10027.040712671702625
2024-02-28T13:00:00+00:00,10029.126292821702625
2024-02-28T14:00:00+00:00,10030.104757121702625
2024-02-28T15:00:00+00:00,10030.095490571702625
2024-02-28T16:00:00+00:00,10032.835262621702625
2024-02-28T17:00:00+00:00,10030.839050671702625
2024-02-28T18:00:00+00:00,10030.352774721702625
2024-02-28T19:00:00+00:00,10030.066857121702625
2024-02-28T20:00:00+00:00,10029.028586621702625
2024-02-28T21:00:00+00:00,10029.307625371702625
2024-02-28T22:00:00+00:00,10030.680514971702625
2024-02-28T23:00:00+00:00,10032.873333171702625
2024-02-29T00:00:00+00:00,10030.841684721702625
2024-02-29T01:00:00+00:00,10030.872156321702625
2024-02-29T02:00:00+00:00,10031.562353221702625
2024-02-29T03:00:00+00:00,10031.223224021702625
2024-02-29T04:00:00+00:00,10032.895694171702625
2024-02-29T05:00:00+00:00,10033.079528121702625
2024-02-29T06:00:00+00:00,10033.949503671702625
2024-02-29T07:00:00+00:00,10033.394590821702625
2024-02-29T08:00:00+00:00,10033.542609271702625
2024-02-29T09:00:00+00:00,10033.355212721702625
2024-02-29T10:00:00+00:00,10033.387238221702625
2024-02-29T11:00:00+00:00,10033.828261571702625
2024-02-29T12:00:00+00:00,10033.307193421702625
2024-02-29T13:00:00+00:00,10033.819999371702625
2024-02-29T14:00:00+00:00,10033.765252821702625
2024-02-29T15:00:00+00:00,10033.509901571702625
2024-02-29T16:00:00+00:00,10032.380386821702625
2024-02-29T17:00:00+00:00,10030.126056921702625
2024-02-29T18:00:00+00:00,10029.780503671702625
2024-02-29T19:00:00+00:00,10031.296503671702625
2024-02-29T20:00:00+00:00,10031.930817021702625
2024-02-29T21:00:00+00:00,10030.870014971702625
2024-02-29T22:00:00+00:00,10030.584021571702625
2024-02-29T23:00:00+00:00,10030.407710771702625
2024-03-01T00:00:00+00:00,10031.109107121702625
2024-03-01T01:00:00+00:00,10030.565696921702625
2024-03-01T02:00:00+00:00,10030.121603671702625
2024-03-01T03:00:00+00:00,10030.360203121702625
2024-03-01T04:00:00+00:00,10031.152654221702625
2024-03-01T05:00:00+00:00,10030.750762621702625
2024-03-01T06:00:00+00:00,10031.236204771702625
2024-03-01T07:00:00+00:00,10030.981933671702625
2024-03-01T08:00:00+00:00,10031.881338571702625
2024-03-01T09:00:00+00:00,10032.299242921702625
2024-03-01T10:00:00+00:00,10032.037657121702625
2024-03-01T11:00:00+00:00,10031.796253071702625
2024-03-01T12:00:00+00:00,10032.490353671702625
2024-03-01T13:00:00+00:00,10032.922375771702625
2024-03-01T14:00:00+00:00,10031.956532171702625
2024-03-01T15:00:00+00:00,10030.659764721702625
2024-03-01T16:00:00+00:00,10030.969388771702625
2024-03-01T17:00:00+00:00,10031.883915771702625
2024-03-01T18:00:00+00:00,10032.686524071702625
2024-03-01T19:00:00+00:00,10032.462876171702625
2024-03-01T20:00:00+00:00,10033.686307121702625
2024-03-01T21:00:00+00:00,10033.040794321702625
2024-03-01T22:00:00+00:00,10032.983224221702625
2024-03-01T23:00:00+00:00,10032.789574171702625
2024-03-02T00:00:00+00:00,10032.622984721702625
2024-03-02T01:00:00+00:00,10032.111372621702625
2024-03-02T02:00:00+00:00,10032.265189771702625
2024-03-02T03:00:00+00:00,10032.637121421702625
2024-03-02T04:00:00+00:00,10032.122628921702625
2024-03-02T05:00:00+00:00,10032.066915921702625
2024-03-02T06:00:00+00:00,10031.952173671702625
2024-03-02T07:00:00+00:00,10032.076959421702625
2024-03-02T08:00:00+00:00,10031.940121471702625
2024-03-02T09:00:00+00:00,10031.757102371702625
2024-03-02T10:00:00+00:00,10031.874213371702625
2024-03-02T11:00:00+00:00,10031.725380071702625
2024-03-02T12:00:00+00:00,10032.203564371702625
2024-03-02T13:00:00+00:00,10031.682496221702625
2024-03-02T14:00:00+00:00,10031.751531071702625
2024-03-02T15:00:00+00:00,10031.620927671702625
2024-03-02T16:00:00+00:00,10031.778383221702625
2024-03-02T17:00:00+00:00,10031.601807121702625
2024-03-02T18:00:00+00:00,10032.100533221702625
2024-03-02T19:00:00+00:00,10032.271992821702625
2024-03-02T20:00:00+00:00,10031.814217671702625
2024-03-02T21:00:00+00:00,10031.862597021702625
2024-03-02T22:00:00+00:00,10031.457616571702625
2024-03-02T23:00:00+00:00,10032.030399271702625
2024-03-03T00:00:00+00:00,10031.555929171702625
2024-03-03T01:00:00+00:00,10031.667033021702625
2024-03-03T02:00:00+00:00,10031.692047021702625
2024-03-03T03:00:00+00:00,10031.923919221702625
2024-03-03T04:00:00+00:00,10032.085297421702625
2024-03-03T05:00:00+00:00,10031.865003671702625
2024-03-03T06:00:00+00:00,10031.798697621702625
2024-03-03T07:00:00+00:00,10031.292713671702625
2024-03-03T08:00:00+00:00,10031.291027121702625
2024-03-03T09:00:00+00:00,10031.514523421702625
2024-03-03T10:00:00+00:00,10031.401808821702625
2024-03-03T11:00:00+00:00,10031.734438171702625
2024-03-03T12:00:00+00:00,10032.403221571702625
2024-03-03T13:00:00+00:00,10032.800868371702625
2024-03-03T14:00:00+00:00,10032.249082271702625
2024-03-03T15:00:00+00:00,10032.366477521702625
2024-03-03T16:00:00+00:00,10033.656062921702625
2024-03-03T17:00:00+00:00,10033.134672621702625
2024-03-03T18:00:00+00:00,10033.591538171702625
2024-03-03T19:00:00+00:00,10033.437853671702625
2024-03-03T20:00:00+00:00,10033.490894721702625
2024-03-03T21:00:00+00:00,10033.621877121702625
2024-03-03T22:00:00+00:00,10033.622483521702625
2024-03-03T23:00:00+00:00,10034.165476821702625
2024-03-04T00:00:00+00:00,10034.819877171702625
2024-03-04T01:00:00+00:00,10034.920520621702625
2024-03-04T02:00:00+00:00,10035.252183521702625
2024-03-04T03:00:00+00:00,10034.818778071702625
2024-03-04T04:00:00+00:00,10035.151615871702625
2024-03-04T05:00:00+00:00,10034.627913671702625
2024-03-04T06:00:00+00:00,10035.255480821702625
2024-03-04T07:00:00+00:00,10035.970748571702625
2024-03-04T08:00:00+00:00,10038.196350271702625
2024-03-04T09:00:00+00:00,10038.289603221702625
2024-03-04T10:00:00+00:00,10037.868704771702625
2024-03-04T11:00:00+00:00,10038.175353671702625
2024-03-04T12:00:00+00:00,10037.973915171702625
2024-03-04T13:00:00+00:00,10037.950246621702625
2024-03-04T14:00:00+00:00,10039.955535621702625
2024-03-04T15:00:00+00:00,10040.490380421702625
2024-03-04T16:00:00+00:00,10040.657462571702625
2024-03-04T17:00:00+00:00,10041.261815971702625
2024-03-04T18:00:00+00:00,10040.804798821702625
2024-03-04T19:00:00+00:00,10042.297471371702625
2024-03-04T20:00:00+00:00,10042.338971871702625
2024-03-04T21:00:00+00:00,10042.296713371702625
2024-03-04T22:00:00+00:00,10043.290167121702625
2024-03-04T23:00:00+00:00,10043.890124121702625
2024-03-05T00:00:00+00:00,10043.488952621702625
2024-03-05T01:00:00+00:00,10044.383449471702625
2024-03-05T02:00:00+00:00,10043.685653621702625
2024-03-05T03:00:00+00:00,10043.640419971702625
2024-03-05T04:00:00+00:00,10042.147595821702625
2024-03-05T05:00:00+00:00,10041.455769221702625
2024-03-05T06:00:00+00:00,10042.072989671702625
2024-03-05T07:00:00+00:00,10039.880171471702625
2024-03-05T08:00:00+00:00,10041.276994921702625
2024-03-05T09:00:00+00:00,10040.407455221702625
2024-03-05T10:00:00+00:00,10041.169794771702625
2024-03-05T11:00:00+00:00,10040.878211121702625
2024-03-05T12:00:00+00:00,10042.145435521702625
2024-03-05T13:00:00+00:00,10042.988672621702625
2024-03-05T14:00:00+00:00,10044.770730621702625
2024-03-05T15:00:00+00:00,10041.099433421702625
2024-03-05T16:00:00+00:00,10038.679385771702625
2024-03-05T17:00:00+00:00,10038.829507671702625
2024-03-05T18:00:00+00:00,10035.822464821702625
2024-03-05T19:00:00+00:00,10030.938310771702625
2024-03-05T20:00:00+00:00,10031.839080071702625
2024-03-05T21:00:00+00:00,10034.450238471702625
2024-03-05T22:00:00+00:00,10034.703694721702625
2024-03-05T23:00:00+00:00,10035.321502621702625
2024-03-06T00:00:00+00:00,10034.762799771702625
2024-03-06T01:00:00+00:00,10034.155300671702625
2024-03-06T02:00:00+00:00,10033.561028671702625
2024-03-06T03:00:00+00:00,10034.448286621702625
2024-03-06T04:00:00+00:00,10036.996625771702625
2024-03-06T05:00:00+00:00,10040.405389671702625
2024-03-06T06:00:00+00:00,10039.136535571702625
2024-03-06T07:00:00+00:00,10040.916395371702625
2024-03-06T08:00:00+00:00,10041.418134521702625
2024-03-06T09:00:00+00:00,10039.862168971702625
2024-03-06T10:00:00+00:00,10040.885885871702625
2024-03-06T11:00:00+00:00,10042.100486121702625
2024-03-06T12:00:00+00:00,10039.500906171702625
2024-03-06T13:00:00+00:00,10040.255078271702625
2024-03-06T14:00:00+00:00,10039.438844921702625
2024-03-06T15:00:00+00:00,10040.546226071702625
2024-03-06T16:00:00+00:00,10041.692473671702625
2024-03-06T17:00:00+00:00,10042.145075471702625
2024-03-06T18:00:00+00:00,10041.689024771702625
2024-03-06T19:00:00+00:00,10041.035818271702625
2024-03-06T20:00:00+00:00,10041.317718471702625
2024-03-06T21:00:00+00:00,10040.426083071702625
2024-03-06T22:00:00+00:00,10039.476328021702625
2024-03-06T23:00:00+00:00,10039.774809471702625
2024-03-07T00:00:00+00:00,10040.010301121702625
2024-03-07T01:00:00+00:00,10040.411453671702625
2024-03-07T02:00:00+00:00,10039.826088171702625
2024-03-07T03:00:00+00:00,10039.345118221702625
2024-03-07T04:00:00+00:00,10039.338068821702625
2024-03-07T05:00:00+00:00,10039.255503671702625
2024-03-07T06:00:00+00:00,10039.391886821702625
2024-03-07T07:00:00+00:00,10040.369346771702625
2024-03-07T08:00:00+00:00,10040.895455621702625
2024-03-07T09:00:00+00:00,10040.980560071702625
2024-03-07T10:00:00+00:00,10041.336876921702625
2024-03-07T11:00:00+00:00,10041.350122971702625
2024-03-07T12:00:00+00:00,10040.984577471702625
2024-03-07T13:00:00+00:00,10041.350786221702625
2024-03-07T14:00:00+00:00,10041.576840771702625
2024-03-07T15:00:00+00:00,10042.022222621702625
2024-03-07T16:00:00+00:00,10042.105621571702625
2024-03-07T17:00:00+00:00,10042.653087071702625
2024-03-07T18:00:00+00:00,10042.668796621702625
2024-03-07T19:00:00+00:00,10042.473251571702625
2024-03-07T20:00:00+00:00,10042.548388321702625
2024-03-07T21:00:00+00:00,10041.983678321702625
2024-03-07T22:00:00+00:00,10041.723134771702625
2024-03-07T23:00:00+00:00,10041.194410821702625
2024-03-08T00:00:00+00:00,10041.667175421702625
2024-03-08T01:00:00+00:00,10041.408261571702625
2024-03-08T02:00:00+00:00,10041.751919821702625
2024-03-08T03:00:00+00:00,10041.825294221702625
2024-03-08T04:00:00+00:00,10041.660675571702625
2024-03-08T05:00:00+00:00,10041.358934721702625
2024-03-08T06:00:00+00:00,10042.597525671702625
2024-03-08T07:00:00+00:00,10041.952126571702625
2024-03-08T08:00:00+00:00,10041.924705921702625
2024-03-08T09:00:00+00:00,10041.759537721702625
2024-03-08T10:00:00+00:00,10042.167474371702625
2024-03-08T11:00:00+00:00,10042.934096621702625
2024-03-08T12:00:00+00:00,10042.392145571702625
2024-03-08T13:00:00+00:00,10042.990472871702625
2024-03-08T14:00:00+00:00,10044.224193671702625
2024-03-08T15:00:00+00:00,10042.699855671702625
2024-03-08T16:00:00+00:00,10043.065590671702625
2024-03-08T17:00:00+00:00,10044.068822621702625
2024-03-08T18:00:00+00:00,10044.519832621702625
2024-03-08T19:00:00+00:00,10045.061764721702625
2024-03-08T20:00:00+00:00,10045.455924721702625
2024-03-08T21:00:00+00:00,10043.770132721702625
2024-03-08T22:00:00+00:00,10043.617907371702625
2024-03-08T23:00:00+00:00,10043.659843721702625
2024-03-09T00:00:00+00:00,10043.614022621702625
2024-03-09T01:00:00+00:00,10043.255753921702625
2024-03-09T02:00:00+00:00,10043.720161571702625
2024-03-09T03:00:00+00:00,10043.893212971702625
2024-03-09T04:00:00+00:00,10043.995107121702625
2024-03-09T05:00:00+00:00,10043.888740771702625
2024-03-09T06:00:00+00:00,10044.231792621702625
2024-03-09T07:00:00+00:00,10043.971476471702625
2024-03-09T08:00:00+00:00,10043.993003671702625
2024-03-09T09:00:00+00:00,10043.995069221702625
2024-03-09T10:00:00+00:00,10043.761794721702625
2024-03-09T11:00:00+00:00,10043.992984721702625
2024-03-09T12:00:00+00:00,10044.324969771702625
2024-03-09T13:00:00+00:00,10044.079358821702625
2024-03-09T14:00:00+00:00,10043.687302271702625
2024-03-09T15:00:00+00:00,10043.970642671702625
2024-03-09T16:00:00+00:00,10043.622701721702625
2024-03-09T17:00:00+00:00,10043.716068371702625
2024-03-09T18:00:00+00:00,10043.898272621702625
2024-03-09T19:00:00+00:00,10043.791205121702625
2024-03-09T20:00:00+00:00,10044.055993471702625
2024-03-09T21:00:00+00:00,10044.137270021702625
2024-03-09T22:00:00+00:00,10044.116159721702625
2024-03-09T23:00:00+00:00,10044.018150321702625
2024-03-10T00:00:00+00:00,10044.074716071702625
2024-03-10T01:00:00+00:00,10045.204950921702625
2024-03-10T02:00:00+00:00,10044.983292771702625
2024-03-10T03:00:00+00:00,10045.578720721702625
2024-03-10T04:00:00+00:00,10046.084723621702625
2024-03-10T05:00:00+00:00,10045.945460071702625
2024-03-10T06:00:00+00:00,10045.937122071702625
2024-03-10T07:00:00+00:00,10045.977371871702625
2024-03-10T08:00:00+00:00,10046.523491921702625
2024-03-10T09:00:00+00:00,10046.790611121702625
2024-03-10T10:00:00+00:00,10046.740905271702625
2024-03-10T11:00:00+00:00,10046.396735371702625
2024-03-10T12:00:00+00:00,10046.793699971702625
2024-03-10T13:00:00+00:00,10045.913699871702625
2024-03-10T14:00:00+00:00,10045.831153671702625
2024-03-10T15:00:00+00:00,10045.688706521702625
2024-03-10T16:00:00+00:00,10046.127569571702625
2024-03-10T17:00:00+00:00,10046.103143021702625
2024-03-10T18:00:00+00:00,10045.762876821702625
2024-03-10T19:00:00+00:00,10046.077863721702625
2024-03-10T20:00:00+00:00,10045.906953671702625
2024-03-10T21:00:00+00:00,10045.509003671702625
2024-03-10T22:00:00+00:00,10044.217731721702625
2024-03-10T23:00:00+00:00,10045.235896271702625
2024-03-11T00:00:00+00:00,10043.606404721702625
2024-03-11T01:00:00+00:00,10043.991430821702625
2024-03-11T02:00:00+00:00,10044.020879121702625
2024-03-11T03:00:00+00:00,10044.569879571702625
2024-03-11T04:00:00+00:00,10044.448031071702625
2024-03-11T05:00:00+00:00,10044.467511671702625
2024-03-11T06:00:00+00:00,10045.925505721702625
2024-03-11T07:00:00+00:00,10049.147384721702625
2024-03-11T08:00:00+00:00,10049.469553671702625
2024-03-11T09:00:00+00:00,10050.568653671702625
2024-03-11T10:00:00+00:00,10050.064602621702625
2024-03-11T11:00:00+00:00,10050.032747671702625
2024-03-11T12:00:00+00:00,10050.944375321702625
2024-03-11T13:00:00+00:00,10050.064526821702625
2024-03-11T14:00:00+00:00,10051.327942271702625
2024-03-11T15:00:00+00:00,10051.023453671702625
2024-03-11T16:00:00+00:00,10051.954088171702625
2024-03-11T17:00:00+00:00,10051.916207121702625
2024-03-11T18:00:00+00:00,10051.914103671702625
2024-03-11T19:00:00+00:00,10050.947653671702625
2024-03-11T20:00:00+00:00,10051.223868871702625
2024-03-11T21:00:00+00:00,10051.984825071702625
2024-03-11T22:00:00+00:00,10051.840407121702625
2024-03-11T23:00:00+00:00,10051.152503171702625
2024-03-12T00:00:00+00:00,10050.982275321702625
2024-03-12T01:00:00+00:00,10051.825682971702625
2024-03-12T02:00:00+00:00,10051.353126821702625
2024-03-12T03:00:00+00:00,10050.282508671702625
2024-03-12T04:00:00+00:00,10050.643127171702625
2024-03-12T05:00:00+00:00,10050.968707121702625
2024-03-12T06:00:00+00:00,10051.509464321702625
2024-03-12T07:00:00+00:00,10051.233988171702625
2024-03-12T08:00:00+00:00,10050.393025071702625
2024-03-12T09:00:00+00:00,10050.883223671702625
2024-03-12T10:00:00+00:00,10050.746783671702625
2024-03-12T11:00:00+00:00,10051.049642571702625
2024-03-12T12:00:00+00:00,10051.370598721702625
2024-03-12T13:00:00+00:00,10051.561254671702625
2024-03-12T14:00:00+00:00,10050.373070721702625
2024-03-12T15:00:00+00:00,10050.442465621702625
2024-03-12T16:00:00+00:00,10048.175969821702625
2024-03-12T17:00:00+00:00,10049.284885921702625
2024-03-12T18:00:00+00:00,10049.886851621702625
2024-03-12T19:00:00+00:00,10049.772734721702625
2024-03-12T20:00:00+00:00,10049.180812521702625
2024-03-12T21:00:00+00:00,10048.816176621702625
2024-03-12T22:00:00+00:00,10049.416512621702625
2024-03-12T23:00:00+00:00,10049.966062621702625
2024-03-13T00:00:00+00:00,10049.887742271702625
2024-03-13T01:00:00+00:00,10051.014679821702625
2024-03-13T02:00:00+00:00,10050.966603671702625
2024-03-13T03:00:00+00:00,10051.113333521702625
2024-03-13T04:00:00+00:00,10051.402453671702625
2024-03-13T05:00:00+00:00,10051.293282721702625
2024-03-13T06:00:00+00:00,10052.346163671702625
2024-03-13T07:00:00+00:00,10052.625031871702625
2024-03-13T08:00:00+00:00,10053.720986171702625
2024-03-13T09:00:00+00:00,10053.480359071702625
2024-03-13T10:00:00+00:00,10053.384661571702625
2024-03-13T11:00:00+00:00,10053.023455621702625
2024-03-13T12:00:00+00:00,10052.539453671702625
2024-03-13T13:00:00+00:00,10051.352520421702625
2024-03-13T14:00:00+00:00,10051.673059671702625
2024-03-13T15:00:00+00:00,10052.207733921702625
2024-03-13T16:00:00+00:00,10052.891753121702625
2024-03-13T17:00:00+00:00,10052.559559621702625
2024-03-13T18:00:00+00:00,10053.152656721702625
2024-03-13T19:00:00+00:00,10053.561313471702625
2024-03-13T20:00:00+00:00,10053.067647021702625
2024-03-13T21:00:00+00:00,10053.354682671702625
2024-03-13T22:00:00+00:00,10052.808221521702625
2024-03-13T23:00:00+00:00,10053.036720621702625
2024-03-14T00:00:00+00:00,10052.601552821702625
2024-03-14T01:00:00+00:00,10052.763651121702625
2024-03-14T02:00:00+00:00,10052.923627021702625
2024-03-14T03:00:00+00:00,10053.405620271702625
2024-03-14T04:00:00+00:00,10052.825750271702625
2024-03-14T05:00:00+00:00,10053.172345771702625
2024-03-14T06:00:00+00:00,10053.993581921702625
2024-03-14T07:00:00+00:00,10053.323983671702625
2024-03-14T08:00:00+00:00,10053.508007121702625
2024-03-14T09:00:00+00:00,10053.523186071702625
2024-03-14T10:00:00+00:00,10052.868406721702625
2024-03-14T11:00:00+00:00,10052.679683671702625
2024-03-14T12:00:00+00:00,10052.577221021702625
2024-03-14T13:00:00+00:00,10050.786218621702625
2024-03-14T14:00:00+00:00,10050.417053671702625
2024-03-14T15:00:00+00:00,10048.813902621702625
2024-03-14T16:00:00+00:00,10049.749312521702625
2024-03-14T17:00:00+00:00,10049.177742621702625
2024-03-14T18:00:00+00:00,10047.401161171702625
2024-03-14T19:00:00+00:00,10046.106099221702625
2024-03-14T20:00:00+00:00,10048.626089171702625
2024-03-14T21:00:00+00:00,10049.309577771702625
2024-03-14T22:00:00+00:00,10050.131287671702625
2024-03-14T23:00:00+00:00,10049.846544971702625
2024-03-15T00:00:00+00:00,10050.833972621702625
2024-03-15T01:00:00+00:00,10050.307124721702625
2024-03-15T02:00:00+00:00,10045.386548771702625
2024-03-15T03:00:00+00:00,10043.849002621702625
2024-03-15T04:00:00+00:00,10043.655140515527100
2024-03-15T05:00:00+00:00,10043.655140515527100
2024-03-15T06:00:00+00:00,10043.655140515527100
2024-03-15T07:00:00+00:00,10043.655140515527100
2024-03-15T08:00:00+00:00,10043.655140515527100
2024-03-15T09:00:00+00:00,10043.655140515527100
2024-03-15T10:00:00+00:00,10043.655140515527100
2024-03-15T11:00:00+00:00,10043.655140515527100
2024-03-15T12:00:00+00:00,10043.655140515527100
2024-03-15T13:00:00+00:00,10043.655140515527100
2024-03-15T14:00:00+00:00,10043.655140515527100
2024-03-15T15:00:00+00:00,10043.655140515527100
2024-03-15T16:00:00+00:00,10043.655140515527100
2024-03-15T17:00:00+00:00,10043.655140515527100
2024-03-15T18:00:00+00:00,10043.655140515527100
2024-03-15T19:00:00+00:00,10043.655140515527100
2024-03-15T20:00:00+00:00,10043.655140515527100
2024-03-15T21:00:00+00:00,10043.655140515527100
2024-03-15T22:00:00+00:00,10043.655140515527100
2024-03-15T23:00:00+00:00,10043.655140515527100
2024-03-16T00:00:00+00:00,10043.655140515527100
2024-03-16T01:00:00+00:00,10043.655140515527100
2024-03-16T02:00:00+00:00,10043.655140515527100
2024-03-16T03:00:00+00:00,10043.655140515527100
2024-03-16T04:00:00+00:00,10043.655140515527100
2024-03-16T05:00:00+00:00,10043.655140515527100
2024-03-16T06:00:00+00:00,10043.655140515527100
2024-03-16T07:00:00+00:00,10043.655140515527100
2024-03-16T08:00:00+00:00,10043.655140515527100
2024-03-16T09:00:00+00:00,10043.655140515527100
2024-03-16T10:00:00+00:00,10043.655140515527100
2024-03-16T11:00:00+00:00,10043.655140515527100
2024-03-16T12:00:00+00:00,10043.655140515527100
2024-03-16T13:00:00+00:00,10043.655140515527100
2024-03-16T14:00:00+00:00,10043.655140515527100
2024-03-16T15:00:00+00:00,10043.655140515527100
2024-03-16T16:00:00+00:00,10043.655140515527100
2024-03-16T17:00:00+00:00,10043.655140515527100
2024-03-16T18:00:00+00:00,10043.655140515527100
2024-03-16T19:00:00+00:00,10043.655140515527100
2024-03-16T20:00:00+00:00,10043.655140515527100
2024-03-16T21:00:00+00:00,10043.655140515527100
2024-03-16T22:00:00+00:00,10043.655140515527100
2024-03-16T23:00:00+00:00,10043.655140515527100
2024-03-17T00:00:00+00:00,10043.655140515527100
2024-03-17T01:00:00+00:00,10043.655140515527100
2024-03-17T02:00:00+00:00,10043.655140515527100
2024-03-17T03:00:00+00:00,10043.655140515527100
2024-03-17T04:00:00+00:00,10043.655140515527100
2024-03-17T05:00:00+00:00,10043.655140515527100
2024-03-17T06:00:00+00:00,10043.655140515527100
2024-03-17T07:00:00+00:00,10043.655140515527100
2024-03-17T08:00:00+00:00,10043.655140515527100
2024-03-17T09:00:00+00:00,10043.655140515527100
2024-03-17T10:00:00+00:00,10043.655140515527100
2024-03-17T11:00:00+00:00,10043.655140515527100
2024-03-17T12:00:00+00:00,10043.655140515527100
2024-03-17T13:00:00+00:00,10043.655140515527100
2024-03-17T14:00:00+00:00,10043.655140515527100
2024-03-17T15:00:00+00:00,10043.655140515527100
2024-03-17T16:00:00+00:00,10043.655140515527100
2024-03-17T17:00:00+00:00,10043.655140515527100
2024-03-17T18:00:00+00:00,10043.655140515527100
2024-03-17T19:00:00+00:00,10043.655140515527100
2024-03-17T20:00:00+00:00,10043.655140515527100
2024-03-17T21:00:00+00:00,10043.655140515527100
2024-03-17T22:00:00+00:00,10043.655140515527100
2024-03-17T23:00:00+00:00,10043.655140515527100
2024-03-18T00:00:00+00:00,10043.655140515527100
2024-03-18T01:00:00+00:00,10043.655140515527100
2024-03-18T02:00:00+00:00,10043.655140515527100
2024-03-18T03:00:00+00:00,10043.655140515527100
2024-03-18T04:00:00+00:00,10043.655140515527100
2024-03-18T05:00:00+00:00,10043.655140515527100
2024-03-18T06:00:00+00:00,10043.655140515527100
2024-03-18T07:00:00+00:00,10043.655140515527100
2024-03-18T08:00:00+00:00,10043.655140515527100
2024-03-18T09:00:00+00:00,10043.655140515527100
2024-03-18T10:00:00+00:00,10043.655140515527100
2024-03-18T11:00:00+00:00,10043.655140515527100
2024-03-18T12:00:00+00:00,10043.655140515527100
2024-03-18T13:00:00+00:00,10043.655140515527100
2024-03-18T14:00:00+00:00,10043.655140515527100
2024-03-18T15:00:00+00:00,10043.655140515527100
2024-03-18T16:00:00+00:00,10043.655140515527100
2024-03-18T17:00:00+00:00,10043.655140515527100
2024-03-18T18:00:00+00:00,10043.655140515527100
2024-03-18T19:00:00+00:00,10043.655140515527100
2024-03-18T20:00:00+00:00,10043.655140515527100
2024-03-18T21:00:00+00:00,10043.655140515527100
2024-03-18T22:00:00+00:00,10043.655140515527100
2024-03-18T23:00:00+00:00,10043.655140515527100
2024-03-19T00:00:00+00:00,10043.655140515527100
2024-03-19T01:00:00+00:00,10043.655140515527100
2024-03-19T02:00:00+00:00,10043.655140515527100
2024-03-19T03:00:00+00:00,10043.655140515527100
2024-03-19T04:00:00+00:00,10043.655140515527100
2024-03-19T05:00:00+00:00,10043.655140515527100
2024-03-19T06:00:00+00:00,10043.655140515527100
2024-03-19T07:00:00+00:00,10043.655140515527100
2024-03-19T08:00:00+00:00,10043.655140515527100
2024-03-19T09:00:00+00:00,10043.655140515527100
2024-03-19T10:00:00+00:00,10043.655140515527100
2024-03-19T11:00:00+00:00,10043.655140515527100
2024-03-19T12:00:00+00:00,10043.655140515527100
2024-03-19T13:00:00+00:00,10043.655140515527100
2024-03-19T14:00:00+00:00,10043.655140515527100
2024-03-19T15:00:00+00:00,10043.655140515527100
2024-03-19T16:00:00+00:00,10043.655140515527100
2024-03-19T17:00:00+00:00,10043.655140515527100
2024-03-19T18:00:00+00:00,10043.655140515527100
2024-03-19T19:00:00+00:00,10043.655140515527100
2024-03-19T20:00:00+00:00,10043.655140515527100
2024-03-19T21:00:00+00:00,10043.655140515527100
2024-03-19T22:00:00+00:00,10043.655140515527100
2024-03-19T23:00:00+00:00,10043.655140515527100
2024-03-20T00:00:00+00:00,10043.655140515527100
2024-03-20T01:00:00+00:00,10043.655140515527100
2024-03-20T02:00:00+00:00,10043.655140515527100
2024-03-20T03:00:00+00:00,10043.655140515527100
2024-03-20T04:00:00+00:00,10043.655140515527100
2024-03-20T05:00:00+00:00,10043.655140515527100
2024-03-20T06:00:00+00:00,10043.655140515527100
2024-03-20T07:00:00+00:00,10043.655140515527100
2024-03-20T08:00:00+00:00,10043.655140515527100
2024-03-20T09:00:00+00:00,10043.655140515527100
2024-03-20T10:00:00+00:00,10043.655140515527100
2024-03-20T11:00:00+00:00,10043.655140515527100
2024-03-20T12:00:00+00:00,10043.655140515527100
2024-03-20T13:00:00+00:00,10043.655140515527100
2024-03-20T14:00:00+00:00,10043.655140515527100
2024-03-20T15:00:00+00:00,10043.655140515527100
2024-03-20T16:00:00+00:00,10043.655140515527100
2024-03-20T17:00:00+00:00,10043.655140515527100
2024-03-20T18:00:00+00:00,10043.655140515527100
2024-03-20T19:00:00+00:00,10043.655140515527100
2024-03-20T20:00:00+00:00,10043.655140515527100
2024-03-20T21:00:00+00:00,10043.655140515527100
2024-03-20T22:00:00+00:00,10043.655140515527100
2024-03-20T23:00:00+00:00,10043.655140515527100
2024-03-21T00:00:00+00:00,10043.655140515527100
2024-03-21T01:00:00+00:00,10043.655140515527100
2024-03-21T02:00:00+00:00,10043.655140515527100
2024-03-21T03:00:00+00:00,10043.655140515527100
2024-03-21T04:00:00+00:00,10043.655140515527100
2024-03-21T05:00:00+00:00,10043.940197531309625
2024-03-21T06:00:00+00:00,10043.895800031309625
2024-03-21T07:00:00+00:00,10043.903595931309625
2024-03-21T08:00:00+00:00,10044.352627731309625
2024-03-21T09:00:00+00:00,10043.691044781309625
2024-03-21T10:00:00+00:00,10043.875979181309625
2024-03-21T11:00:00+00:00,10043.992104981309625
2024-03-21T12:00:00+00:00,10044.293120031309625
2024-03-21T13:00:00+00:00,10043.528580031309625
2024-03-21T14:00:00+00:00,10043.715290331309625
2024-03-21T15:00:00+00:00,10043.260328831309625
2024-03-21T16:00:00+00:00,10043.612739631309625
2024-03-21T17:00:00+00:00,10042.006994931309625
2024-03-21T18:00:00+00:00,10041.117058331309625
2024-03-21T19:00:00+00:00,10041.252613681309625
2024-03-21T20:00:00+00:00,10041.638179631309625
2024-03-21T21:00:00+00:00,10041.900109831309625
2024-03-21T22:00:00+00:00,10041.506130931309625
2024-03-21T23:00:00+00:00,10041.670296331309625
2024-03-22T00:00:00+00:00,10041.522491531422825
2024-03-22T01:00:00+00:00,10041.522491531422825
2024-03-22T02:00:00+00:00,10041.522491531422825
2024-03-22T03:00:00+00:00,10041.522491531422825
2024-03-22T04:00:00+00:00,10041.522491531422825
2024-03-22T05:00:00+00:00,10041.522491531422825
2024-03-22T06:00:00+00:00,10041.522491531422825
2024-03-22T07:00:00+00:00,10041.522491531422825
2024-03-22T08:00:00+00:00,10040.887429663647240
2024-03-22T09:00:00+00:00,10040.737618191116020
2024-03-22T10:00:00+00:00,10040.737618191116020
2024-03-22T11:00:00+00:00,10040.737618191116020
2024-03-22T12:00:00+00:00,10040.737618191116020
2024-03-22T13:00:00+00:00,10040.737618191116020
2024-03-22T14:00:00+00:00,10040.737618191116020
2024-03-22T15:00:00+00:00,10040.737618191116020
2024-03-22T16:00:00+00:00,10040.737618191116020
2024-03-22T17:00:00+00:00,10040.737618191116020
2024-03-22T18:00:00+00:00,10040.737618191116020
2024-03-22T19:00:00+00:00,10040.737618191116020
2024-03-22T20:00:00+00:00,10040.737618191116020
2024-03-22T21:00:00+00:00,10040.737618191116020
2024-03-22T22:00:00+00:00,10040.737618191116020
2024-03-22T23:00:00+00:00,10040.737618191116020
2024-03-23T00:00:00+00:00,10040.737618191116020
2024-03-23T01:00:00+00:00,10040.737618191116020
2024-03-23T02:00:00+00:00,10040.737618191116020
2024-03-23T03:00:00+00:00,10040.737618191116020
2024-03-23T04:00:00+00:00,10040.737618191116020
2024-03-23T05:00:00+00:00,10040.737618191116020
2024-03-23T06:00:00+00:00,10040.737618191116020
2024-03-23T07:00:00+00:00,10040.737618191116020
2024-03-23T08:00:00+00:00,10040.737618191116020
2024-03-23T09:00:00+00:00,10040.737618191116020
2024-03-23T10:00:00+00:00,10040.737618191116020
2024-03-23T11:00:00+00:00,10040.737618191116020
2024-03-23T12:00:00+00:00,10040.737618191116020
2024-03-23T13:00:00+00:00,10040.737618191116020
2024-03-23T14:00:00+00:00,10040.737618191116020
2024-03-23T15:00:00+00:00,10040.737618191116020
2024-03-23T16:00:00+00:00,10040.737618191116020
2024-03-23T17:00:00+00:00,10040.737618191116020
2024-03-23T18:00:00+00:00,10040.737618191116020
2024-03-23T19:00:00+00:00,10040.737618191116020
2024-03-23T20:00:00+00:00,10040.737618191116020
2024-03-23T21:00:00+00:00,10040.737618191116020
2024-03-23T22:00:00+00:00,10040.737618191116020
2024-03-23T23:00:00+00:00,10040.737618191116020
2024-03-24T00:00:00+00:00,10040.737618191116020
2024-03-24T01:00:00+00:00,10040.737618191116020
2024-03-24T02:00:00+00:00,10040.737618191116020
2024-03-24T03:00:00+00:00,10040.737618191116020
2024-03-24T04:00:00+00:00,10040.737618191116020
2024-03-24T05:00:00+00:00,10040.737618191116020
2024-03-24T06:00:00+00:00,10040.737618191116020
2024-03-24T07:00:00+00:00,10040.737618191116020
2024-03-24T08:00:00+00:00,10040.737618191116020
2024-03-24T09:00:00+00:00,10040.737618191116020
2024-03-24T10:00:00+00:00,10040.737618191116020
2024-03-24T11:00:00+00:00,10040.737618191116020
2024-03-24T12:00:00+00:00,10040.737618191116020
2024-03-24T13:00:00+00:00,10040.737618191116020
2024-03-24T14:00:00+00:00,10040.737618191116020
2024-03-24T15:00:00+00:00,10040.737618191116020
2024-03-24T16:00:00+00:00,10040.737618191116020
2024-03-24T17:00:00+00:00,10040.737618191116020
2024-03-24T18:00:00+00:00,10040.737618191116020
2024-03-24T19:00:00+00:00,10040.582487277596400
2024-03-24T20:00:00+00:00,10041.068399437596400
2024-03-24T21:00:00+00:00,10041.629460037596400
2024-03-24T22:00:00+00:00,10042.271445037596400
2024-03-24T23:00:00+00:00,10042.665749557596400
2024-03-25T00:00:00+00:00,10041.701590957596400
2024-03-25T01:00:00+00:00,10041.669068797596400
2024-03-25T02:00:00+00:00,10041.888540037596400
2024-03-25T03:00:00+00:00,10042.879124797596400
2024-03-25T04:00:00+00:00,10043.116853557596400
2024-03-25T05:00:00+00:00,10042.879124797596400
2024-03-25T06:00:00+00:00,10042.574309557596400
2024-03-25T07:00:00+00:00,10042.073218357596400
2024-03-25T08:00:00+00:00,10042.252257877596400
2024-03-25T09:00:00+00:00,10042.431007837596400
2024-03-25T10:00:00+00:00,10042.337083717596400
2024-03-25T11:00:00+00:00,10042.056393397596400
2024-03-25T12:00:00+00:00,10042.467629557596400
2024-03-25T13:00:00+00:00,10043.845340797596400
2024-03-25T14:00:00+00:00,10045.968562357596400
2024-03-25T15:00:00+00:00,10046.600808997596400
2024-03-25T16:00:00+00:00,10047.153060877596400
2024-03-25T17:00:00+00:00,10047.769777957596400
2024-03-25T18:00:00+00:00,10048.223929957596400
2024-03-25T19:00:00+00:00,10048.382121157596400
2024-03-25T20:00:00+00:00,10048.300312837596400
2024-03-25T21:00:00+00:00,10046.694565477596400
2024-03-25T22:00:00+00:00,10047.390164797596400
2024-03-25T23:00:00+00:00,10046.734860037596400
2024-03-26T00:00:00+00:00,10046.754656797596400
2024-03-26T01:00:00+00:00,10047.350830357596400
2024-03-26T02:00:00+00:00,10047.725444797596400
2024-03-26T03:00:00+00:00,10047.562544437596400
2024-03-26T04:00:00+00:00,10047.833389717596400
2024-03-26T05:00:00+00:00,10047.374924797596400
2024-03-26T06:00:00+00:00,10047.856524037596400
2024-03-26T07:00:00+00:00,10047.658967917596400
2024-03-26T08:00:00+00:00,10047.974862637596400
2024-03-26T09:00:00+00:00,10048.658483317596400
2024-03-26T10:00:00+00:00,10048.279769317596400
2024-03-26T11:00:00+00:00,10047.974100637596400
2024-03-26T12:00:00+00:00,10048.609349557596400
2024-03-26T13:00:00+00:00,10047.512069557596400
2024-03-26T14:00:00+00:00,10047.390164797596400
2024-03-26T15:00:00+00:00,10047.298724797596400
2024-03-26T16:00:00+00:00,10046.506229557596400
2024-03-26T17:00:00+00:00,10047.019146997596400
2024-03-26T18:00:00+00:00,10046.814092797596400
2024-03-26T19:00:00+00:00,10046.121693877596400
2024-03-26T20:00:00+00:00,10046.655231037596400
2024-03-26T21:00:00+00:00,10046.918761117596400
2024-03-26T22:00:00+00:00,10047.297536077596400
2024-03-26T23:00:00+00:00,10046.899436797596400
2024-03-27T00:00:00+00:00,10047.862589557596400
2024-03-27T01:00:00+00:00,10047.415676557596400
2024-03-27T02:00:00+00:00,10047.795457357596400
2024-03-27T03:00:00+00:00,10047.509021557596400
2024-03-27T04:00:00+00:00,10047.207284797596400
2024-03-27T05:00:00+00:00,10047.641731477596400
2024-03-27T06:00:00+00:00,10047.390149557596400
2024-03-27T07:00:00+00:00,10046.500133557596400
2024-03-27T08:00:00+00:00,10046.228739637596400
2024-03-27T09:00:00+00:00,10047.005507197596400
2024-03-27T10:00:00+00:00,10047.088428037596400
2024-03-27T11:00:00+00:00,10047.254117317596400
2024-03-27T12:00:00+00:00,10047.201463117596400
2024-03-27T13:00:00+00:00,10046.753132797596400
2024-03-27T14:00:00+00:00,10046.995052557596400
2024-03-27T15:00:00+00:00,10045.201700797596400
2024-03-27T16:00:00+00:00,10045.765580797596400
2024-03-27T17:00:00+00:00,10044.906060037596400
2024-03-27T18:00:00+00:00,10044.594554437596400
2024-03-27T19:00:00+00:00,10044.863372797596400
2024-03-27T20:00:00+00:00,10045.250499277596400
2024-03-27T21:00:00+00:00,10045.305317557596400
2024-03-27T22:00:00+00:00,10046.064498157596400
2024-03-27T23:00:00+00:00,10046.109989557596400
2024-03-28T00:00:00+00:00,10046.433092797596400
2024-03-28T01:00:00+00:00,10046.068247197596400
2024-03-28T02:00:00+00:00,10045.617585157596400
2024-03-28T03:00:00+00:00,10045.835684797596400
2024-03-28T04:00:00+00:00,10046.486768077596400
2024-03-28T05:00:00+00:00,10046.482165597596400
2024-03-28T06:00:00+00:00,10047.472064557596400
2024-03-28T07:00:00+00:00,10047.525846517596400
2024-03-28T08:00:00+00:00,10047.798749197596400
2024-03-28T09:00:00+00:00,10047.780308797596400
2024-03-28T10:00:00+00:00,10048.136924797596400
2024-03-28T11:00:00+00:00,10047.904027117596400
2024-03-28T12:00:00+00:00,10048.196604637596400
2024-03-28T13:00:00+00:00,10048.255766317596400
2024-03-28T14:00:00+00:00,10049.261591077596400
2024-03-28T15:00:00+00:00,10048.884279157596400
2024-03-28T16:00:00+00:00,10047.964636597596400
2024-03-28T17:00:00+00:00,10048.123467877596400
2024-03-28T18:00:00+00:00,10047.755924797596400
2024-03-28T19:00:00+00:00,10048.134273037596400
2024-03-28T20:00:00+00:00,10047.945022717596400
2024-03-28T21:00:00+00:00,10048.109203237596400
2024-03-28T22:00:00+00:00,10048.210092037596400
2024-03-28T23:00:00+00:00,10048.107359197596400
2024-03-29T00:00:00+00:00,10048.039083997596400
2024-03-29T01:00:00+00:00,10048.121700037596400
2024-03-29T02:00:00+00:00,10047.861492277596400
2024-03-29T03:00:00+00:00,10047.591668077596400
2024-03-29T04:00:00+00:00,10047.474060997596400
2024-03-29T05:00:00+00:00,10047.193111597596400
2024-03-29T06:00:00+00:00,10047.585267277596400
2024-03-29T07:00:00+00:00,10046.603780797596400
2024-03-29T08:00:00+00:00,10046.815601557596400
2024-03-29T09:00:00+00:00,10046.511929317596400
2024-03-29T10:00:00+00:00,10047.082316797596400
2024-03-29T11:00:00+00:00,10047.135321517596400
2024-03-29T12:00:00+00:00,10047.146340037596400
2024-03-29T13:00:00+00:00,10047.568015597596400
2024-03-29T14:00:00+00:00,10047.011953717596400
2024-03-29T15:00:00+00:00,10045.668044797596400
2024-03-29T16:00:00+00:00,10045.662665077596400
2024-03-29T17:00:00+00:00,10046.009862757596400
2024-03-29T18:00:00+00:00,10046.177030317596400
2024-03-29T19:00:00+00:00,10046.408693557596400
2024-03-29T20:00:00+00:00,10046.331883957596400
2024-03-29T21:00:00+00:00,10046.033789557596400
2024-03-29T22:00:00+00:00,10046.625116797596400
2024-03-29T23:00:00+00:00,10046.689947757596400
2024-03-30T00:00:00+00:00,10046.815464397596400
2024-03-30T01:00:00+00:00,10046.881255477596400
2024-03-30T02:00:00+00:00,10046.817140797596400
2024-03-30T03:00:00+00:00,10046.573285557596400
2024-03-30T04:00:00+00:00,10047.022149277596400
2024-03-30T05:00:00+00:00,10046.928103237596400
2024-03-30T06:00:00+00:00,10046.856764797596400
2024-03-30T07:00:00+00:00,10046.692447117596400
2024-03-30T08:00:00+00:00,10046.865924037596400
2024-03-30T09:00:00+00:00,10046.930389237596400
2024-03-30T10:00:00+00:00,10046.982022357596400
2024-03-30T11:00:00+00:00,10047.197454997596400
2024-03-30T12:00:00+00:00,10047.251313157596400
2024-03-30T13:00:00+00:00,10047.143352997596400
2024-03-30T14:00:00+00:00,10046.975652037596400
2024-03-30T15:00:00+00:00,10046.917709557596400
2024-03-30T16:00:00+00:00,10047.189240637596400
2024-03-30T17:00:00+00:00,10046.972604037596400
2024-03-30T18:00:00+00:00,10046.803287637596400
2024-03-30T19:00:00+00:00,10046.759746957596400
2024-03-30T20:00:00+00:00,10046.631974797596400
2024-03-30T21:00:00+00:00,10046.494174717596400
2024-03-30T22:00:00+00:00,10046.492391637596400
2024-03-30T23:00:00+00:00,10046.280967117596400
2024-03-31T00:00:00+00:00,10046.723094757596400
2024-03-31T01:00:00+00:00,10046.984079757596400
2024-03-31T02:00:00+00:00,10046.902500037596400
2024-03-31T03:00:00+00:00,10046.790638437596400
2024-03-31T04:00:00+00:00,10047.094524037596400
2024-03-31T05:00:00+00:00,10047.444480157596400
2024-03-31T06:00:00+00:00,10047.245384797596400
2024-03-31T07:00:00+00:00,10047.377561317596400
2024-03-31T08:00:00+00:00,10047.323108797596400
2024-03-31T09:00:00+00:00,10047.261112477596400
2024-03-31T10:00:00+00:00,10047.324815677596400
2024-03-31T11:00:00+00:00,10047.481589557596400
2024-03-31T12:00:00+00:00,10047.679724797596400
2024-03-31T13:00:00+00:00,10047.810773557596400
2024-03-31T14:00:00+00:00,10047.733796317596400
2024-03-31T15:00:00+00:00,10047.498566917596400
2024-03-31T16:00:00+00:00,10047.632800837596400
2024-03-31T17:00:00+00:00,10047.693608437596400
2024-03-31T18:00:00+00:00,10048.223183197596400
2024-03-31T19:00:00+00:00,10048.477538797596400
2024-03-31T20:00:00+00:00,10048.197884797596400
2024-03-31T21:00:00+00:00,10048.222268797596400
2024-03-31T22:00:00+00:00,10048.396004797596400
2024-03-31T23:00:00+00:00,10048.868460037596400
2024-04-01T00:00:00+00:00,10048.674683437596400
2024-04-01T01:00:00+00:00,10048.166261797596400
2024-04-01T02:00:00+00:00,10048.239002317596400
2024-04-01T03:00:00+00:00,10047.813852037596400
2024-04-01T04:00:00+00:00,10047.573029557596400
2024-04-01T05:00:00+00:00,10045.648964317596400
2024-04-01T06:00:00+00:00,10046.330923837596400
2024-04-01T07:00:00+00:00,10046.300413357596400
2024-04-01T08:00:00+00:00,10045.986012157596400
2024-04-01T09:00:00+00:00,10045.995704797596400
2024-04-01T10:00:00+00:00,10046.238036037596400
2024-04-01T11:00:00+00:00,10046.094780037596400
2024-04-01T12:00:00+00:00,10046.675606917596400
2024-04-01T13:00:00+00:00,10046.734844797596400
2024-04-01T14:00:00+00:00,10045.250575477596400
2024-04-01T15:00:00+00:00,10045.093108708001740
2024-04-01T16:00:00+00:00,10045.093108708001740
2024-04-01T17:00:00+00:00,10045.093108708001740
2024-04-01T18:00:00+00:00,10045.093108708001740
2024-04-01T19:00:00+00:00,10045.093108708001740
2024-04-01T20:00:00+00:00,10045.093108708001740
2024-04-01T21:00:00+00:00,10045.093108708001740
2024-04-01T22:00:00+00:00,10045.093108708001740
2024-04-01T23:00:00+00:00,10045.093108708001740
2024-04-02T00:00:00+00:00,10045.093108708001740
2024-04-02T01:00:00+00:00,10045.093108708001740
2024-04-02T02:00:00+00:00,10045.093108708001740
2024-04-02T03:00:00+00:00,10045.093108708001740
2024-04-02T04:00:00+00:00,10045.093108708001740
2024-04-02T05:00:00+00:00,10045.093108708001740
2024-04-02T06:00:00+00:00,10045.093108708001740
2024-04-02T07:00:00+00:00,10045.093108708001740
2024-04-02T08:00:00+00:00,10045.093108708001740
2024-04-02T09:00:00+00:00,10045.093108708001740
2024-04-02T10:00:00+00:00,10045.093108708001740
2024-04-02T11:00:00+00:00,10045.093108708001740
2024-04-02T12:00:00+00:00,10045.093108708001740
2024-04-02T13:00:00+00:00,10045.093108708001740
2024-04-02T14:00:00+00:00,10045.093108708001740
2024-04-02T15:00:00+00:00,10045.093108708001740
2024-04-02T16:00:00+00:00,10045.093108708001740
2024-04-02T17:00:00+00:00,10045.093108708001740
2024-04-02T18:00:00+00:00,10045.093108708001740
2024-04-02T19:00:00+00:00,10045.093108708001740
2024-04-02T20:00:00+00:00,10045.093108708001740
2024-04-02T21:00:00+00:00,10045.093108708001740
2024-04-02T22:00:00+00:00,10045.093108708001740
2024-04-02T23:00:00+00:00,10045.093108708001740
2024-04-03T00:00:00+00:00,10045.093108708001740
2024-04-03T01:00:00+00:00,10045.093108708001740
2024-04-03T02:00:00+00:00,10045.093108708001740
2024-04-03T03:00:00+00:00,10045.093108708001740
2024-04-03T04:00:00+00:00,10045.093108708001740
2024-04-03T05:00:00+00:00,10045.093108708001740
2024-04-03T06:00:00+00:00,10045.093108708001740
2024-04-03T07:00:00+00:00,10045.093108708001740
2024-04-03T08:00:00+00:00,10045.093108708001740
2024-04-03T09:00:00+00:00,10045.093108708001740
2024-04-03T10:00:00+00:00,10045.093108708001740
2024-04-03T11:00:00+00:00,10045.093108708001740
2024-04-03T12:00:00+00:00,10045.093108708001740
2024-04-03T13:00:00+00:00,10045.093108708001740
2024-04-03T14:00:00+00:00,10045.093108708001740
2024-04-03T15:00:00+00:00,10045.093108708001740
2024-04-03T16:00:00+00:00,10045.093108708001740
2024-04-03T17:00:00+00:00,10045.093108708001740
2024-04-03T18:00:00+00:00,10045.093108708001740
2024-04-03T19:00:00+00:00,10045.093108708001740
2024-04-03T20:00:00+00:00,10045.093108708001740
2024-04-03T21:00:00+00:00,10045.093108708001740
2024-04-03T22:00:00+00:00,10045.093108708001740
2024-04-03T23:00:00+00:00,10045.093108708001740
2024-04-04T00:00:00+00:00,10045.093108708001740
2024-04-04T01:00:00+00:00,10045.093108708001740
2024-04-04T02:00:00+00:00,10045.093108708001740
2024-04-04T03:00:00+00:00,10045.093108708001740
2024-04-04T04:00:00+00:00,10045.093108708001740
2024-04-04T05:00:00+00:00,10045.093108708001740
2024-04-04T06:00:00+00:00,10045.093108708001740
2024-04-04T07:00:00+00:00,10045.093108708001740
2024-04-04T08:00:00+00:00,10045.093108708001740
2024-04-04T09:00:00+00:00,10045.093108708001740
2024-04-04T10:00:00+00:00,10045.093108708001740
2024-04-04T11:00:00+00:00,10045.093108708001740
2024-04-04T12:00:00+00:00,10045.093108708001740
2024-04-04T13:00:00+00:00,10045.093108708001740
2024-04-04T14:00:00+00:00,10045.093108708001740
2024-04-04T15:00:00+00:00,10045.093108708001740
2024-04-04T16:00:00+00:00,10045.093108708001740
2024-04-04T17:00:00+00:00,10045.093108708001740
2024-04-04T18:00:00+00:00,10045.093108708001740
2024-04-04T19:00:00+00:00,10045.093108708001740
2024-04-04T20:00:00+00:00,10045.093108708001740
2024-04-04T21:00:00+00:00,10045.093108708001740
2024-04-04T22:00:00+00:00,10045.093108708001740
2024-04-04T23:00:00+00:00,10045.093108708001740
2024-04-05T00:00:00+00:00,10045.115735034244340
2024-04-05T01:00:00+00:00,10044.461899034244340
2024-04-05T02:00:00+00:00,10043.640939034244340
2024-04-05T03:00:00+00:00,10044.027948374244340
2024-04-05T04:00:00+00:00,10043.711292374244340
2024-04-05T05:00:00+00:00,10042.597205674244340
2024-04-05T06:00:00+00:00,10042.967399994244340
2024-04-05T07:00:00+00:00,10042.659803874244340
2024-04-05T08:00:00+00:00,10042.983012894244340
2024-04-05T09:00:00+00:00,10042.476905714244340
2024-04-05T10:00:00+00:00,10042.330062971025010
2024-04-05T11:00:00+00:00,10042.330062971025010
2024-04-05T12:00:00+00:00,10042.330062971025010
2024-04-05T13:00:00+00:00,10042.330062971025010
2024-04-05T14:00:00+00:00,10042.330062971025010
2024-04-05T15:00:00+00:00,10042.330062971025010
2024-04-05T16:00:00+00:00,10041.830848853768690
2024-04-05T17:00:00+00:00,10041.078200533768690
2024-04-05T18:00:00+00:00,10041.352772693768690
2024-04-05T19:00:00+00:00,10041.033908053768690
2024-04-05T20:00:00+00:00,10041.374057813768690
2024-04-05T21:00:00+00:00,10041.185597653768690
2024-04-05T22:00:00+00:00,10041.352051413768690
2024-04-05T23:00:00+00:00,10041.634807893768690
2024-04-06T00:00:00+00:00,10041.752494293768690
2024-04-06T01:00:00+00:00,10041.442520533768690
2024-04-06T02:00:00+00:00,10041.272651733768690
2024-04-06T03:00:00+00:00,10041.586805973768690
2024-04-06T04:00:00+00:00,10041.510011733768690
2024-04-06T05:00:00+00:00,10041.955880533768690
2024-04-06T06:00:00+00:00,10042.059921493768690
2024-04-06T07:00:00+00:00,10041.887108693768690
2024-04-06T08:00:00+00:00,10041.916725333768690
2024-04-06T09:00:00+00:00,10041.592679253768690
2024-04-06T10:00:00+00:00,10041.666529493768690
2024-04-06T11:00:00+00:00,10041.410386773768690
2024-04-06T12:00:00+00:00,10041.513735893768690
2024-04-06T13:00:00+00:00,10041.457240533768690
2024-04-06T14:00:00+00:00,10041.890008533768690
2024-04-06T15:00:00+00:00,10042.051943253768690
2024-04-06T16:00:00+00:00,10042.110057813768690
2024-04-06T17:00:00+00:00,10042.321760853768690
2024-04-06T18:00:00+00:00,10042.351171413768690
2024-04-06T19:00:00+00:00,10042.281545813768690
2024-04-06T20:00:00+00:00,10042.472935253768690
2024-04-06T21:00:00+00:00,10042.339940053768690
2024-04-06T22:00:00+00:00,10043.453287253768690
2024-04-06T23:00:00+00:00,10043.217767253768690
2024-04-07T00:00:00+00:00,10043.370840533768690
2024-04-07T01:00:00+00:00,10044.168164053768690
2024-04-07T02:00:00+00:00,10043.812455253768690
2024-04-07T03:00:00+00:00,10043.971504853768690
2024-04-07T04:00:00+00:00,10043.818990933768690
2024-04-07T05:00:00+00:00,10043.956357973768690
2024-04-07T06:00:00+00:00,10043.730155733768690
2024-04-07T07:00:00+00:00,10043.906677973768690
2024-04-07T08:00:00+00:00,10044.077400533768690
2024-04-07T09:00:00+00:00,10043.797720533768690
2024-04-07T10:00:00+00:00,10043.853877333768690
2024-04-07T11:00:00+00:00,10043.896359253768690
2024-04-07T12:00:00+00:00,10043.865432533768690
2024-04-07T13:00:00+00:00,10043.885952213768690
2024-04-07T14:00:00+00:00,10044.222318933768690
2024-04-07T15:00:00+00:00,10044.171240533768690
2024-04-07T16:00:00+00:00,10044.951783253768690
2024-04-07T17:00:00+00:00,10044.545525973768690
2024-04-07T18:00:00+00:00,10043.944949973768690
2024-04-07T19:00:00+00:00,10043.470965973768690
2024-04-07T20:00:00+00:00,10043.826718933768690
2024-04-07T21:00:00+00:00,10043.416928853768690
2024-04-07T22:00:00+00:00,10043.665255253768690
2024-04-07T23:00:00+00:00,10043.901349333768690
2024-04-08T00:00:00+00:00,10043.850712533768690
2024-04-08T01:00:00+00:00,10044.014148693768690
2024-04-08T02:00:00+00:00,10043.706471253768690
2024-04-08T03:00:00+00:00,10044.046429653768690
2024-04-08T04:00:00+00:00,10043.933159253768690
2024-04-08T05:00:00+00:00,10044.404184533768690
2024-04-08T06:00:00+00:00,10044.534162133768690
2024-04-08T07:00:00+00:00,10045.871238613768690
2024-04-08T08:00:00+00:00,10047.739751253768690
2024-04-08T09:00:00+00:00,10048.077207253768690
2024-04-08T10:00:00+00:00,10048.263753813768690
2024-04-08T11:00:00+00:00,10048.381543253768690
2024-04-08T12:00:00+00:00,10048.051844693768690
2024-04-08T13:00:00+00:00,10047.704879573768690
2024-04-08T14:00:00+00:00,10047.383527253768690
2024-04-08T15:00:00+00:00,10047.454153813768690
2024-04-08T16:00:00+00:00,10047.404282453768690
2024-04-08T17:00:00+00:00,10047.344121813768690
2024-04-08T18:00:00+00:00,10047.652329173768690
2024-04-08T19:00:00+00:00,10047.442407253768690
2024-04-08T20:00:00+00:00,10047.362904533768690
2024-04-08T21:00:00+00:00,10047.333493973768690
2024-04-08T22:00:00+00:00,10047.663339733768690
2024-04-08T23:00:00+00:00,10047.227495253768690
2024-04-09T00:00:00+00:00,10046.933080533768690
2024-04-09T01:00:00+00:00,10046.720332373768690
2024-04-09T02:00:00+00:00,10047.017646933768690
2024-04-09T03:00:00+00:00,10046.734375253768690
2024-04-09T04:00:00+00:00,10046.621045973768690
2024-04-09T05:00:00+00:00,10046.397287253768690
2024-04-09T06:00:00+00:00,10045.969950933768690
2024-04-09T07:00:00+00:00,10045.408088533768690
2024-04-09T08:00:00+00:00,10045.578869973768690
2024-04-09T09:00:00+00:00,10045.420144213768690
2024-04-09T10:00:00+00:00,10045.676949333768690
2024-04-09T11:00:00+00:00,10046.012874453768690
2024-04-09T12:00:00+00:00,10045.858535253768690
2024-04-09T13:00:00+00:00,10044.736871253768690
2024-04-09T14:00:00+00:00,10043.898302293768690
2024-04-09T15:00:00+00:00,10043.759463253768690
2024-04-09T16:00:00+00:00,10042.783880533768690
2024-04-09T17:00:00+00:00,10043.111768533768690
2024-04-09T18:00:00+00:00,10043.193081813768690
2024-04-09T19:00:00+00:00,10043.371988693768690
2024-04-09T20:00:00+00:00,10043.622846933768690
2024-04-09T21:00:00+00:00,10043.685613013768690
2024-04-09T22:00:00+00:00,10043.850212053768690
2024-04-09T23:00:00+00:00,10043.585767253768690
2024-04-10T00:00:00+00:00,10043.575183573768690
2024-04-10T01:00:00+00:00,10043.767927253768690
2024-04-10T02:00:00+00:00,10042.858569813768690
2024-04-10T03:00:00+00:00,10042.707036769785970
2024-04-10T04:00:00+00:00,10042.707036769785970
2024-04-10T05:00:00+00:00,10042.707036769785970
2024-04-10T06:00:00+00:00,10042.707036769785970
2024-04-10T07:00:00+00:00,10042.707036769785970
2024-04-10T08:00:00+00:00,10042.707036769785970
2024-04-10T09:00:00+00:00,10042.707036769785970
2024-04-10T10:00:00+00:00,10042.707036769785970
2024-04-10T11:00:00+00:00,10042.707036769785970
2024-04-10T12:00:00+00:00,10042.707036769785970
2024-04-10T13:00:00+00:00,10042.707036769785970
2024-04-10T14:00:00+00:00,10042.707036769785970
2024-04-10T15:00:00+00:00,10042.707036769785970
2024-04-10T16:00:00+00:00,10042.707036769785970
2024-04-10T17:00:00+00:00,10042.707036769785970
2024-04-10T18:00:00+00:00,10042.707036769785970
2024-04-10T19:00:00+00:00,10042.707036769785970
2024-04-10T20:00:00+00:00,10042.707036769785970
2024-04-10T21:00:00+00:00,10042.707036769785970
2024-04-10T22:00:00+00:00,10042.707036769785970
2024-04-10T23:00:00+00:00,10042.707036769785970
2024-04-11T00:00:00+00:00,10042.398605969383630
2024-04-11T01:00:00+00:00,10042.445882639383630
2024-04-11T02:00:00+00:00,10043.074504619383630
2024-04-11T03:00:00+00:00,10042.869894829383630
2024-04-11T04:00:00+00:00,10042.517969969383630
2024-04-11T05:00:00+00:00,10042.489521549383630
2024-04-11T06:00:00+00:00,10042.679693979383630
2024-04-11T07:00:00+00:00,10042.705513549383630
2024-04-11T08:00:00+00:00,10043.136644949383630
2024-04-11T09:00:00+00:00,10042.517955759383630
2024-04-11T10:00:00+00:00,10042.313317549383630
2024-04-11T11:00:00+00:00,10041.635742119383630
2024-04-11T12:00:00+00:00,10042.880069189383630
2024-04-11T13:00:00+00:00,10042.063235759383630
2024-04-11T14:00:00+00:00,10041.092039099383630
2024-04-11T15:00:00+00:00,10041.659671759383630
2024-04-11T16:00:00+00:00,10041.676709549383630
2024-04-11T17:00:00+00:00,10041.949541549383630
2024-04-11T18:00:00+00:00,10041.801416509383630
2024-04-11T19:00:00+00:00,10042.312862829383630
2024-04-11T20:00:00+00:00,10042.369631779383630
2024-04-11T21:00:00+00:00,10041.823669369383630
2024-04-11T22:00:00+00:00,10041.874612219383630
2024-04-11T23:00:00+00:00,10041.668524589383630
2024-04-12T00:00:00+00:00,10042.088287989383630
2024-04-12T01:00:00+00:00,10042.057565969383630
2024-04-12T02:00:00+00:00,10042.563328289383630
2024-04-12T03:00:00+00:00,10043.048372429383630
2024-04-12T04:00:00+00:00,10043.245493549383630
2024-04-12T05:00:00+00:00,10043.018602479383630
2024-04-12T06:00:00+00:00,10042.897433809383630
2024-04-12T07:00:00+00:00,10042.745329969383630
2024-04-12T08:00:00+00:00,10042.739617549383630
2024-04-12T09:00:00+00:00,10042.586163759383630
2024-04-12T10:00:00+00:00,10042.777146159383630
2024-04-12T11:00:00+00:00,10042.944269969383630
2024-04-12T12:00:00+00:00,10042.418826799383630
2024-04-12T13:00:00+00:00,10041.500519759383630
2024-04-12T14:00:00+00:00,10040.622355969383630
2024-04-12T15:00:00+00:00,10040.732185059383630
2024-04-12T16:00:00+00:00,10040.012079099383630
2024-04-12T17:00:00+00:00,10039.016640179383630
2024-04-12T18:00:00+00:00,10036.674803759383630
2024-04-12T19:00:00+00:00,10036.533123303949630
2024-04-12T20:00:00+00:00,10036.533123303949630
2024-04-12T21:00:00+00:00,10036.533123303949630
2024-04-12T22:00:00+00:00,10036.533123303949630
2024-04-12T23:00:00+00:00,10036.533123303949630
2024-04-13T00:00:00+00:00,10036.533123303949630
2024-04-13T01:00:00+00:00,10036.533123303949630
2024-04-13T02:00:00+00:00,10036.533123303949630
2024-04-13T03:00:00+00:00,10036.533123303949630
2024-04-13T04:00:00+00:00,10036.533123303949630
2024-04-13T05:00:00+00:00,10036.533123303949630
2024-04-13T06:00:00+00:00,10036.533123303949630
2024-04-13T07:00:00+00:00,10036.533123303949630
2024-04-13T08:00:00+00:00,10036.533123303949630
2024-04-13T09:00:00+00:00,10036.533123303949630
2024-04-13T10:00:00+00:00,10036.533123303949630
2024-04-13T11:00:00+00:00,10036.533123303949630
2024-04-13T12:00:00+00:00,10036.533123303949630
2024-04-13T13:00:00+00:00,10036.533123303949630
2024-04-13T14:00:00+00:00,10036.533123303949630
2024-04-13T15:00:00+00:00,10036.533123303949630
2024-04-13T16:00:00+00:00,10036.533123303949630
2024-04-13T17:00:00+00:00,10036.533123303949630
2024-04-13T18:00:00+00:00,10036.533123303949630
2024-04-13T19:00:00+00:00,10036.533123303949630
2024-04-13T20:00:00+00:00,10036.533123303949630
2024-04-13T21:00:00+00:00,10036.533123303949630
2024-04-13T22:00:00+00:00,10036.533123303949630
2024-04-13T23:00:00+00:00,10036.533123303949630
2024-04-14T00:00:00+00:00,10036.533123303949630
2024-04-14T01:00:00+00:00,10036.533123303949630
2024-04-14T02:00:00+00:00,10036.533123303949630
2024-04-14T03:00:00+00:00,10036.533123303949630
2024-04-14T04:00:00+00:00,10036.533123303949630
2024-04-14T05:00:00+00:00,10036.533123303949630
2024-04-14T06:00:00+00:00,10036.533123303949630
2024-04-14T07:00:00+00:00,10036.533123303949630
2024-04-14T08:00:00+00:00,10036.533123303949630
2024-04-14T09:00:00+00:00,10036.533123303949630
2024-04-14T10:00:00+00:00,10036.533123303949630
2024-04-14T11:00:00+00:00,10036.533123303949630
2024-04-14T12:00:00+00:00,10036.533123303949630
2024-04-14T13:00:00+00:00,10036.533123303949630
2024-04-14T14:00:00+00:00,10036.533123303949630
2024-04-14T15:00:00+00:00,10036.533123303949630
2024-04-14T16:00:00+00:00,10036.533123303949630
2024-04-14T17:00:00+00:00,10036.533123303949630
2024-04-14T18:00:00+00:00,10036.533123303949630
2024-04-14T19:00:00+00:00,10036.533123303949630
2024-04-14T20:00:00+00:00,10036.533123303949630
2024-04-14T21:00:00+00:00,10036.533123303949630
2024-04-14T22:00:00+00:00,10036.533123303949630
2024-04-14T23:00:00+00:00,10036.533123303949630
2024-04-15T00:00:00+00:00,10036.533123303949630
2024-04-15T01:00:00+00:00,10036.533123303949630
2024-04-15T02:00:00+00:00,10036.533123303949630
2024-04-15T03:00:00+00:00,10036.533123303949630
2024-04-15T04:00:00+00:00,10036.533123303949630
2024-04-15T05:00:00+00:00,10036.533123303949630
2024-04-15T06:00:00+00:00,10036.533123303949630
2024-04-15T07:00:00+00:00,10036.533123303949630
2024-04-15T08:00:00+00:00,10036.533123303949630
2024-04-15T09:00:00+00:00,10036.533123303949630
2024-04-15T10:00:00+00:00,10036.533123303949630
2024-04-15T11:00:00+00:00,10036.533123303949630
2024-04-15T12:00:00+00:00,10036.533123303949630
2024-04-15T13:00:00+00:00,10036.533123303949630
2024-04-15T14:00:00+00:00,10036.533123303949630
2024-04-15T15:00:00+00:00,10036.533123303949630
2024-04-15T16:00:00+00:00,10036.533123303949630
2024-04-15T17:00:00+00:00,10036.533123303949630
2024-04-15T18:00:00+00:00,10036.533123303949630
2024-04-15T19:00:00+00:00,10036.533123303949630
2024-04-15T20:00:00+00:00,10036.533123303949630
2024-04-15T21:00:00+00:00,10036.533123303949630
2024-04-15T22:00:00+00:00,10036.533123303949630
2024-04-15T23:00:00+00:00,10036.533123303949630
2024-04-16T00:00:00+00:00,10036.533123303949630
2024-04-16T01:00:00+00:00,10036.533123303949630
2024-04-16T02:00:00+00:00,10036.533123303949630
2024-04-16T03:00:00+00:00,10036.533123303949630
2024-04-16T04:00:00+00:00,10036.533123303949630
2024-04-16T05:00:00+00:00,10036.533123303949630
2024-04-16T06:00:00+00:00,10036.533123303949630
2024-04-16T07:00:00+00:00,10036.533123303949630
2024-04-16T08:00:00+00:00,10036.533123303949630
2024-04-16T09:00:00+00:00,10036.533123303949630
2024-04-16T10:00:00+00:00,10036.533123303949630
2024-04-16T11:00:00+00:00,10036.533123303949630
2024-04-16T12:00:00+00:00,10036.533123303949630
2024-04-16T13:00:00+00:00,10036.533123303949630
2024-04-16T14:00:00+00:00,10036.533123303949630
2024-04-16T15:00:00+00:00,10036.533123303949630
2024-04-16T16:00:00+00:00,10036.533123303949630
2024-04-16T17:00:00+00:00,10036.533123303949630
2024-04-16T18:00:00+00:00,10036.533123303949630
2024-04-16T19:00:00+00:00,10036.533123303949630
2024-04-16T20:00:00+00:00,10036.533123303949630
2024-04-16T21:00:00+00:00,10036.533123303949630
2024-04-16T22:00:00+00:00,10036.533123303949630
2024-04-16T23:00:00+00:00,10036.533123303949630
2024-04-17T00:00:00+00:00,10036.533123303949630
2024-04-17T01:00:00+00:00,10036.533123303949630
2024-04-17T02:00:00+00:00,10036.533123303949630
2024-04-17T03:00:00+00:00,10036.533123303949630
2024-04-17T04:00:00+00:00,10036.533123303949630
2024-04-17T05:00:00+00:00,10036.533123303949630
2024-04-17T06:00:00+00:00,10036.533123303949630
2024-04-17T07:00:00+00:00,10036.533123303949630
2024-04-17T08:00:00+00:00,10036.533123303949630
2024-04-17T09:00:00+00:00,10036.533123303949630
2024-04-17T10:00:00+00:00,10036.533123303949630
2024-04-17T11:00:00+00:00,10036.533123303949630
2024-04-17T12:00:00+00:00,10036.533123303949630
2024-04-17T13:00:00+00:00,10036.533123303949630
2024-04-17T14:00:00+00:00,10036.533123303949630
2024-04-17T15:00:00+00:00,10036.533123303949630
2024-04-17T16:00:00+00:00,10036.533123303949630
2024-04-17T17:00:00+00:00,10036.533123303949630
2024-04-17T18:00:00+00:00,10036.533123303949630
2024-04-17T19:00:00+00:00,10036.533123303949630
2024-04-17T20:00:00+00:00,10036.533123303949630
2024-04-17T21:00:00+00:00,10036.533123303949630
2024-04-17T22:00:00+00:00,10036.533123303949630
2024-04-17T23:00:00+00:00,10036.533123303949630
2024-04-18T00:00:00+00:00,10036.533123303949630
2024-04-18T01:00:00+00:00,10036.533123303949630
2024-04-18T02:00:00+00:00,10036.533123303949630
2024-04-18T03:00:00+00:00,10036.533123303949630
2024-04-18T04:00:00+00:00,10036.533123303949630
2024-04-18T05:00:00+00:00,10036.533123303949630
2024-04-18T06:00:00+00:00,10036.533123303949630
2024-04-18T07:00:00+00:00,10036.533123303949630
2024-04-18T08:00:00+00:00,10036.533123303949630
2024-04-18T09:00:00+00:00,10036.533123303949630
2024-04-18T10:00:00+00:00,10036.533123303949630
2024-04-18T11:00:00+00:00,10036.533123303949630
2024-04-18T12:00:00+00:00,10036.533123303949630
2024-04-18T13:00:00+00:00,10036.533123303949630
2024-04-18T14:00:00+00:00,10036.533123303949630
2024-04-18T15:00:00+00:00,10036.533123303949630
2024-04-18T16:00:00+00:00,10036.533123303949630
2024-04-18T17:00:00+00:00,10036.533123303949630
2024-04-18T18:00:00+00:00,10036.533123303949630
2024-04-18T19:00:00+00:00,10036.533123303949630
2024-04-18T20:00:00+00:00,10036.533123303949630
2024-04-18T21:00:00+00:00,10036.533123303949630
2024-04-18T22:00:00+00:00,10036.533123303949630
2024-04-18T23:00:00+00:00,10036.533123303949630
2024-04-19T00:00:00+00:00,10036.533123303949630
2024-04-19T01:00:00+00:00,10036.533123303949630
2024-04-19T02:00:00+00:00,10036.533123303949630
2024-04-19T03:00:00+00:00,10036.533123303949630
2024-04-19T04:00:00+00:00,10036.533123303949630
2024-04-19T05:00:00+00:00,10036.533123303949630
2024-04-19T06:00:00+00:00,10036.533123303949630
2024-04-19T07:00:00+00:00,10036.533123303949630
2024-04-19T08:00:00+00:00,10036.533123303949630
2024-04-19T09:00:00+00:00,10036.533123303949630
2024-04-19T10:00:00+00:00,10036.533123303949630
2024-04-19T11:00:00+00:00,10036.533123303949630
2024-04-19T12:00:00+00:00,10036.528670217474975
2024-04-19T13:00:00+00:00,10036.433560657474975
2024-04-19T14:00:00+00:00,10035.734950927474975
2024-04-19T15:00:00+00:00,10035.711823277474975
2024-04-19T16:00:00+00:00,10035.044432007474975
2024-04-19T17:00:00+00:00,10036.006727887474975
2024-04-19T18:00:00+00:00,10035.348989897474975
2024-04-19T19:00:00+00:00,10035.538683037474975
2024-04-19T20:00:00+00:00,10035.103759457474975
2024-04-19T21:00:00+00:00,10035.651722327474975
2024-04-19T22:00:00+00:00,10035.054858787474975
2024-04-19T23:00:00+00:00,10034.753982757474975
2024-04-20T00:00:00+00:00,10034.176178257474975
2024-04-20T01:00:00+00:00,10034.503353287474975
2024-04-20T02:00:00+00:00,10034.778750227474975
2024-04-20T03:00:00+00:00,10034.967453287474975
2024-04-20T04:00:00+00:00,10035.241380577474975
2024-04-20T05:00:00+00:00,10035.281494287474975
2024-04-20T06:00:00+00:00,10035.106791577474975
2024-04-20T07:00:00+00:00,10034.975528627474975
2024-04-20T08:00:00+00:00,10034.616980437474975
2024-04-20T09:00:00+00:00,10034.439941757474975
2024-04-20T10:00:00+00:00,10034.366103447474975
2024-04-20T11:00:00+00:00,10034.582513277474975
2024-04-20T12:00:00+00:00,10034.763373047474975
2024-04-20T13:00:00+00:00,10034.842966197474975
2024-04-20T14:00:00+00:00,10034.935476797474975
2024-04-20T15:00:00+00:00,10036.286038737474975
2024-04-20T16:00:00+00:00,10036.179125567474975
2024-04-20T17:00:00+00:00,10036.891921287474975
2024-04-20T18:00:00+00:00,10036.526968517474975
2024-04-20T19:00:00+00:00,10036.375903967474975
2024-04-20T20:00:00+00:00,10036.161180367474975
2024-04-20T21:00:00+00:00,10036.158612347474975
2024-04-20T22:00:00+00:00,10035.984621257474975
2024-04-20T23:00:00+00:00,10036.490614017474975
2024-04-21T00:00:00+00:00,10036.211210347474975
2024-04-21T01:00:00+00:00,10036.498983287474975
2024-04-21T02:00:00+00:00,10037.043511817474975
2024-04-21T03:00:00+00:00,10036.845511287474975
2024-04-21T04:00:00+00:00,10036.669153287474975
2024-04-21T05:00:00+00:00,10036.625543357474975
2024-04-21T06:00:00+00:00,10036.656792757474975
2024-04-21T07:00:00+00:00,10036.815592307474975
2024-04-21T08:00:00+00:00,10036.469327297474975
2024-04-21T09:00:00+00:00,10036.428316327474975
2024-04-21T10:00:00+00:00,10036.512148257474975
2024-04-21T11:00:00+00:00,10036.944534757474975
2024-04-21T12:00:00+00:00,10036.589080567474975
2024-04-21T13:00:00+00:00,10036.399975287474975
2024-04-21T14:00:00+00:00,10036.417765787474975
2024-04-21T15:00:00+00:00,10036.650109717474975
2024-04-21T16:00:00+00:00,10035.930259677474975
2024-04-21T17:00:00+00:00,10036.307155287474975
2024-04-21T18:00:00+00:00,10036.229805287474975
2024-04-21T19:00:00+00:00,10035.867807287474975
2024-04-21T20:00:00+00:00,10036.035146277474975
2024-04-21T21:00:00+00:00,10036.059171187474975
2024-04-21T22:00:00+00:00,10036.629581027474975
2024-04-21T23:00:00+00:00,10036.491480337474975
2024-04-22T00:00:00+00:00,10036.441682407474975
2024-04-22T01:00:00+00:00,10036.053447287474975
2024-04-22T02:00:00+00:00,10036.283470717474975
2024-04-22T03:00:00+00:00,10037.670835787474975
2024-04-22T04:00:00+00:00,10037.724949847474975
2024-04-22T05:00:00+00:00,10038.714271817474975
2024-04-22T06:00:00+00:00,10038.593621287474975
2024-04-22T07:00:00+00:00,10038.098581287474975
2024-04-22T08:00:00+00:00,10038.070101017474975
2024-04-22T09:00:00+00:00,10038.033607287474975
2024-04-22T10:00:00+00:00,10038.204055747474975
2024-04-22T11:00:00+00:00,10037.939967377474975
2024-04-22T12:00:00+00:00,10038.122528847474975
2024-04-22T13:00:00+00:00,10038.305879287474975
2024-04-22T14:00:00+00:00,10038.178669477474975
2024-04-22T15:00:00+00:00,10038.120827147474975
2024-04-22T16:00:00+00:00,10038.368888597474975
2024-04-22T17:00:00+00:00,10038.964901287474975
2024-04-22T18:00:00+00:00,10038.641841277474975
2024-04-22T19:00:00+00:00,10038.941340477474975
2024-04-22T20:00:00+00:00,10038.917717787474975
2024-04-22T21:00:00+00:00,10038.944697467474975
2024-04-22T22:00:00+00:00,10039.719790877474975
2024-04-22T23:00:00+00:00,10039.397009327474975
2024-04-23T00:00:00+00:00,10039.720053867474975
2024-04-23T01:00:00+00:00,10039.336181287474975
2024-04-23T02:00:00+00:00,10039.082148417474975
2024-04-23T03:00:00+00:00,10038.802481757474975
2024-04-23T04:00:00+00:00,10038.507020227474975
2024-04-23T05:00:00+00:00,10038.887566757474975
2024-04-23T06:00:00+00:00,10038.714534807474975
2024-04-23T07:00:00+00:00,10038.283896417474975
2024-04-23T08:00:00+00:00,10038.462234577474975
2024-04-23T09:00:00+00:00,10038.220778817474975
2024-04-23T10:00:00+00:00,10038.455536067474975
2024-04-23T11:00:00+00:00,10038.197573817474975
2024-04-23T12:00:00+00:00,10038.338227057474975
2024-04-23T13:00:00+00:00,10038.917392917474975
2024-04-23T14:00:00+00:00,10039.536950947474975
2024-04-23T15:00:00+00:00,10038.778580607474975
2024-04-23T16:00:00+00:00,10039.285687207474975
2024-04-23T17:00:00+00:00,10039.295510657474975
2024-04-23T18:00:00+00:00,10039.341688607474975
2024-04-23T19:00:00+00:00,10038.878934497474975
2024-04-23T20:00:00+00:00,10038.675519467474975
2024-04-23T21:00:00+00:00,10038.674080757474975
2024-04-23T22:00:00+00:00,10038.690850237474975
2024-04-23T23:00:00+00:00,10038.769979287474975
2024-04-24T00:00:00+00:00,10039.277689217474975
2024-04-24T01:00:00+00:00,10039.279329037474975
2024-04-24T02:00:00+00:00,10038.949446757474975
2024-04-24T03:00:00+00:00,10039.070313867474975
2024-04-24T04:00:00+00:00,10039.688897287474975
2024-04-24T05:00:00+00:00,10039.266659107474975
2024-04-24T06:00:00+00:00,10039.333489507474975
2024-04-24T07:00:00+00:00,10039.105523587474975
2024-04-24T08:00:00+00:00,10038.955603817474975
2024-04-24T09:00:00+00:00,10038.695738757474975
2024-04-24T10:00:00+00:00,10038.798212037474975
2024-04-24T11:00:00+00:00,10039.013662727474975
2024-04-24T12:00:00+00:00,10038.675643227474975
2024-04-24T13:00:00+00:00,10038.214590817474975
2024-04-24T14:00:00+00:00,10036.945834237474975
2024-04-24T15:00:00+00:00,10035.979361457474975
2024-04-24T16:00:00+00:00,10036.270027287474975
2024-04-24T17:00:00+00:00,10036.411531377474975
2024-04-24T18:00:00+00:00,10035.232052167474975
2024-04-24T19:00:00+00:00,10034.998486107474975
2024-04-24T20:00:00+00:00,10034.850063698924650
2024-04-24T21:00:00+00:00,10034.850063698924650
2024-04-24T22:00:00+00:00,10034.850063698924650
2024-04-24T23:00:00+00:00,10034.850063698924650
2024-04-25T00:00:00+00:00,10034.850063698924650
2024-04-25T01:00:00+00:00,10034.850063698924650
2024-04-25T02:00:00+00:00,10034.850063698924650
2024-04-25T03:00:00+00:00,10034.850063698924650
2024-04-25T04:00:00+00:00,10034.850063698924650
2024-04-25T05:00:00+00:00,10034.850063698924650
2024-04-25T06:00:00+00:00,10034.850063698924650
2024-04-25T07:00:00+00:00,10034.850063698924650
2024-04-25T08:00:00+00:00,10034.850063698924650
2024-04-25T09:00:00+00:00,10034.850063698924650
2024-04-25T10:00:00+00:00,10034.850063698924650
2024-04-25T11:00:00+00:00,10034.850063698924650
2024-04-25T12:00:00+00:00,10034.850063698924650
2024-04-25T13:00:00+00:00,10034.850063698924650
2024-04-25T14:00:00+00:00,10034.850063698924650
2024-04-25T15:00:00+00:00,10034.850063698924650
2024-04-25T16:00:00+00:00,10034.850063698924650
2024-04-25T17:00:00+00:00,10034.850063698924650
2024-04-25T18:00:00+00:00,10034.850063698924650
2024-04-25T19:00:00+00:00,10034.850063698924650
2024-04-25T20:00:00+00:00,10034.850063698924650
2024-04-25T21:00:00+00:00,10034.850063698924650
2024-04-25T22:00:00+00:00,10034.850063698924650
2024-04-25T23:00:00+00:00,10034.850063698924650
2024-04-26T00:00:00+00:00,10034.850063698924650
2024-04-26T01:00:00+00:00,10034.850063698924650
2024-04-26T02:00:00+00:00,10034.850063698924650
2024-04-26T03:00:00+00:00,10034.850063698924650
2024-04-26T04:00:00+00:00,10034.850063698924650
2024-04-26T05:00:00+00:00,10034.850063698924650
2024-04-26T06:00:00+00:00,10034.850063698924650
2024-04-26T07:00:00+00:00,10034.850063698924650
2024-04-26T08:00:00+00:00,10034.850063698924650
2024-04-26T09:00:00+00:00,10034.850063698924650
2024-04-26T10:00:00+00:00,10034.850063698924650
2024-04-26T11:00:00+00:00,10034.850063698924650
2024-04-26T12:00:00+00:00,10034.850063698924650
2024-04-26T13:00:00+00:00,10034.850063698924650
2024-04-26T14:00:00+00:00,10034.850063698924650
2024-04-26T15:00:00+00:00,10034.850063698924650
2024-04-26T16:00:00+00:00,10034.850063698924650
2024-04-26T17:00:00+00:00,10034.850063698924650
2024-04-26T18:00:00+00:00,10034.850063698924650
2024-04-26T19:00:00+00:00,10034.850063698924650
2024-04-26T20:00:00+00:00,10034.850063698924650
2024-04-26T21:00:00+00:00,10034.850063698924650
2024-04-26T22:00:00+00:00,10034.850063698924650
2024-04-26T23:00:00+00:00,10034.850063698924650
2024-04-27T00:00:00+00:00,10034.850063698924650
2024-04-27T01:00:00+00:00,10034.850063698924650
2024-04-27T02:00:00+00:00,10034.850063698924650
2024-04-27T03:00:00+00:00,10034.850063698924650
2024-04-27T04:00:00+00:00,10034.850063698924650
2024-04-27T05:00:00+00:00,10034.850063698924650
2024-04-27T06:00:00+00:00,10034.850063698924650
2024-04-27T07:00:00+00:00,10034.850063698924650
2024-04-27T08:00:00+00:00,10034.850063698924650
2024-04-27T09:00:00+00:00,10034.850063698924650
2024-04-27T10:00:00+00:00,10034.850063698924650
2024-04-27T11:00:00+00:00,10034.850063698924650
2024-04-27T12:00:00+00:00,10034.850063698924650
2024-04-27T13:00:00+00:00,10034.850063698924650
2024-04-27T14:00:00+00:00,10034.850063698924650
2024-04-27T15:00:00+00:00,10034.850063698924650
2024-04-27T16:00:00+00:00,10034.850063698924650
2024-04-27T17:00:00+00:00,10034.850063698924650
2024-04-27T18:00:00+00:00,10034.850063698924650
2024-04-27T19:00:00+00:00,10034.850063698924650
2024-04-27T20:00:00+00:00,10034.850063698924650
2024-04-27T21:00:00+00:00,10034.850063698924650
2024-04-27T22:00:00+00:00,10034.850063698924650
2024-04-27T23:00:00+00:00,10034.850063698924650
2024-04-28T00:00:00+00:00,10034.850063698924650
2024-04-28T01:00:00+00:00,10034.850063698924650
2024-04-28T02:00:00+00:00,10034.850063698924650
2024-04-28T03:00:00+00:00,10034.850063698924650
2024-04-28T04:00:00+00:00,10034.850063698924650
2024-04-28T05:00:00+00:00,10034.850063698924650
2024-04-28T06:00:00+00:00,10034.850063698924650
2024-04-28T07:00:00+00:00,10034.850063698924650
2024-04-28T08:00:00+00:00,10034.850063698924650
2024-04-28T09:00:00+00:00,10034.850063698924650
2024-04-28T10:00:00+00:00,10034.850063698924650
2024-04-28T11:00:00+00:00,10034.850063698924650
2024-04-28T12:00:00+00:00,10034.850063698924650
2024-04-28T13:00:00+00:00,10034.850063698924650
2024-04-28T14:00:00+00:00,10034.850063698924650
2024-04-28T15:00:00+00:00,10034.850063698924650
2024-04-28T16:00:00+00:00,10034.850063698924650
2024-04-28T17:00:00+00:00,10034.850063698924650
2024-04-28T18:00:00+00:00,10034.850063698924650
2024-04-28T19:00:00+00:00,10034.850063698924650
2024-04-28T20:00:00+00:00,10034.850063698924650
2024-04-28T21:00:00+00:00,10034.850063698924650
2024-04-28T22:00:00+00:00,10034.850063698924650
2024-04-28T23:00:00+00:00,10034.850063698924650
2024-04-29T00:00:00+00:00,10034.850063698924650
2024-04-29T01:00:00+00:00,10034.850063698924650
2024-04-29T02:00:00+00:00,10034.850063698924650
2024-04-29T03:00:00+00:00,10034.850063698924650
2024-04-29T04:00:00+00:00,10034.850063698924650
2024-04-29T05:00:00+00:00,10034.850063698924650
2024-04-29T06:00:00+00:00,10034.850063698924650
2024-04-29T07:00:00+00:00,10034.850063698924650
2024-04-29T08:00:00+00:00,10034.850063698924650
2024-04-29T09:00:00+00:00,10034.850063698924650
2024-04-29T10:00:00+00:00,10034.850063698924650
2024-04-29T11:00:00+00:00,10034.850063698924650
2024-04-29T12:00:00+00:00,10034.850063698924650
2024-04-29T13:00:00+00:00,10034.850063698924650
2024-04-29T14:00:00+00:00,10034.850063698924650
2024-04-29T15:00:00+00:00,10034.850063698924650
2024-04-29T16:00:00+00:00,10034.850063698924650
2024-04-29T17:00:00+00:00,10034.850063698924650
2024-04-29T18:00:00+00:00,10034.850063698924650
2024-04-29T19:00:00+00:00,10034.850063698924650
2024-04-29T20:00:00+00:00,10034.850063698924650
2024-04-29T21:00:00+00:00,10034.850063698924650
2024-04-29T22:00:00+00:00,10034.850063698924650
2024-04-29T23:00:00+00:00,10034.850063698924650
2024-04-30T00:00:00+00:00,10034.850063698924650
2024-04-30T01:00:00+00:00,10034.850063698924650
2024-04-30T02:00:00+00:00,10034.850063698924650
2024-04-30T03:00:00+00:00,10034.850063698924650
2024-04-30T04:00:00+00:00,10034.850063698924650
2024-04-30T05:00:00+00:00,10034.850063698924650
2024-04-30T06:00:00+00:00,10034.850063698924650
2024-04-30T07:00:00+00:00,10034.850063698924650
2024-04-30T08:00:00+00:00,10034.850063698924650
2024-04-30T09:00:00+00:00,10034.850063698924650
2024-04-30T10:00:00+00:00,10034.850063698924650
2024-04-30T11:00:00+00:00,10034.850063698924650
2024-04-30T12:00:00+00:00,10034.850063698924650
2024-04-30T13:00:00+00:00,10034.850063698924650
2024-04-30T14:00:00+00:00,10034.850063698924650
2024-04-30T15:00:00+00:00,10034.850063698924650
2024-04-30T16:00:00+00:00,10034.850063698924650
2024-04-30T17:00:00+00:00,10034.850063698924650
2024-04-30T18:00:00+00:00,10034.850063698924650
2024-04-30T19:00:00+00:00,10034.850063698924650
2024-04-30T20:00:00+00:00,10034.850063698924650
2024-04-30T21:00:00+00:00,10034.850063698924650
2024-04-30T22:00:00+00:00,10034.850063698924650
2024-04-30T23:00:00+00:00,10034.850063698924650
2024-05-01T00:00:00+00:00,10034.850063698924650
2024-05-01T01:00:00+00:00,10034.850063698924650
2024-05-01T02:00:00+00:00,10034.850063698924650
2024-05-01T03:00:00+00:00,10034.850063698924650
2024-05-01T04:00:00+00:00,10034.850063698924650
2024-05-01T05:00:00+00:00,10034.850063698924650
2024-05-01T06:00:00+00:00,10034.850063698924650
2024-05-01T07:00:00+00:00,10034.850063698924650
2024-05-01T08:00:00+00:00,10034.850063698924650
2024-05-01T09:00:00+00:00,10034.850063698924650
2024-05-01T10:00:00+00:00,10034.850063698924650
2024-05-01T11:00:00+00:00,10034.850063698924650
2024-05-01T12:00:00+00:00,10034.850063698924650
2024-05-01T13:00:00+00:00,10034.850063698924650
2024-05-01T14:00:00+00:00,10034.850063698924650
2024-05-01T15:00:00+00:00,10034.850063698924650
2024-05-01T16:00:00+00:00,10034.850063698924650
2024-05-01T17:00:00+00:00,10034.850063698924650
2024-05-01T18:00:00+00:00,10034.850063698924650
2024-05-01T19:00:00+00:00,10034.850063698924650
2024-05-01T20:00:00+00:00,10034.850063698924650
2024-05-01T21:00:00+00:00,10034.850063698924650
2024-05-01T22:00:00+00:00,10034.850063698924650
2024-05-01T23:00:00+00:00,10034.850063698924650
2024-05-02T00:00:00+00:00,10034.850063698924650
2024-05-02T01:00:00+00:00,10034.850063698924650
2024-05-02T02:00:00+00:00,10034.850063698924650
2024-05-02T03:00:00+00:00,10034.850063698924650
2024-05-02T04:00:00+00:00,10034.850063698924650
2024-05-02T05:00:00+00:00,10034.850063698924650
2024-05-02T06:00:00+00:00,10034.850063698924650
2024-05-02T07:00:00+00:00,10034.850063698924650
2024-05-02T08:00:00+00:00,10034.850063698924650
2024-05-02T09:00:00+00:00,10034.850063698924650
2024-05-02T10:00:00+00:00,10034.850063698924650
2024-05-02T11:00:00+00:00,10034.850063698924650
2024-05-02T12:00:00+00:00,10034.850063698924650
2024-05-02T13:00:00+00:00,10034.850063698924650
2024-05-02T14:00:00+00:00,10034.850063698924650
2024-05-02T15:00:00+00:00,10034.850063698924650
2024-05-02T16:00:00+00:00,10034.850063698924650
2024-05-02T17:00:00+00:00,10034.850063698924650
2024-05-02T18:00:00+00:00,10034.850063698924650
2024-05-02T19:00:00+00:00,10034.850063698924650
2024-05-02T20:00:00+00:00,10034.850063698924650
2024-05-02T21:00:00+00:00,10034.850063698924650
2024-05-02T22:00:00+00:00,10034.850063698924650
2024-05-02T23:00:00+00:00,10034.850063698924650
2024-05-03T00:00:00+00:00,10034.850063698924650
2024-05-03T01:00:00+00:00,10034.850063698924650
2024-05-03T02:00:00+00:00,10034.850063698924650
2024-05-03T03:00:00+00:00,10034.850063698924650
2024-05-03T04:00:00+00:00,10034.850063698924650
2024-05-03T05:00:00+00:00,10034.850063698924650
2024-05-03T06:00:00+00:00,10034.850063698924650
2024-05-03T07:00:00+00:00,10034.850063698924650
2024-05-03T08:00:00+00:00,10034.850063698924650
2024-05-03T09:00:00+00:00,10034.850063698924650
2024-05-03T10:00:00+00:00,10034.850063698924650
2024-05-03T11:00:00+00:00,10034.850063698924650
2024-05-03T12:00:00+00:00,10034.850063698924650
2024-05-03T13:00:00+00:00,10034.850063698924650
2024-05-03T14:00:00+00:00,10034.850063698924650
2024-05-03T15:00:00+00:00,10034.850063698924650
2024-05-03T16:00:00+00:00,10034.850063698924650
2024-05-03T17:00:00+00:00,10034.900951253458650
2024-05-03T18:00:00+00:00,10034.938853313458650
2024-05-03T19:00:00+00:00,10035.326101473458650
2024-05-03T20:00:00+00:00,10036.680039153458650
2024-05-03T21:00:00+00:00,10036.416627153458650
2024-05-03T22:00:00+00:00,10036.488870333458650
2024-05-03T23:00:00+00:00,10036.650787413458650
2024-05-04T00:00:00+00:00,10036.979206893458650
2024-05-04T01:00:00+00:00,10036.608543933458650
2024-05-04T02:00:00+00:00,10036.353326973458650
2024-05-04T03:00:00+00:00,10036.393863153458650
2024-05-04T04:00:00+00:00,10036.936930893458650
2024-05-04T05:00:00+00:00,10037.467039413458650
2024-05-04T06:00:00+00:00,10036.788867333458650
2024-05-04T07:00:00+00:00,10036.776021933458650
2024-05-04T08:00:00+00:00,10037.104343853458650
2024-05-04T09:00:00+00:00,10037.134993953458650
2024-05-04T10:00:00+00:00,10039.153038813458650
2024-05-04T11:00:00+00:00,10038.262641213458650
2024-05-04T12:00:00+00:00,10038.576524253458650
2024-05-04T13:00:00+00:00,10038.029635413458650
2024-05-04T14:00:00+00:00,10038.174479493458650
2024-05-04T15:00:00+00:00,10037.833149573458650
2024-05-04T16:00:00+00:00,10037.953213413458650
2024-05-04T17:00:00+00:00,10037.595964953458650
2024-05-04T18:00:00+00:00,10037.889181533458650
2024-05-04T19:00:00+00:00,10038.340477833458650
2024-05-04T20:00:00+00:00,10038.253568133458650
2024-05-04T21:00:00+00:00,10038.312396813458650
2024-05-04T22:00:00+00:00,10037.840873073458650
2024-05-04T23:00:00+00:00,10038.293096193458650
2024-05-05T00:00:00+00:00,10037.671118673458650
2024-05-05T01:00:00+00:00,10037.355593373458650
2024-05-05T02:00:00+00:00,10037.073059613458650
2024-05-05T03:00:00+00:00,10037.226261333458650
2024-05-05T04:00:00+00:00,10037.403934353458650
2024-05-05T05:00:00+00:00,10037.186814573458650
2024-05-05T06:00:00+00:00,10037.465136993458650
2024-05-05T07:00:00+00:00,10038.040789773458650
2024-05-05T08:00:00+00:00,10037.928807153458650
2024-05-05T09:00:00+00:00,10037.937620073458650
2024-05-05T10:00:00+00:00,10037.962107633458650
2024-05-05T11:00:00+00:00,10038.240397533458650
2024-05-05T12:00:00+00:00,10038.022025733458650
2024-05-05T13:00:00+00:00,10038.663629073458650
2024-05-05T14:00:00+00:00,10038.631239153458650
2024-05-05T15:00:00+00:00,10039.165624053458650
2024-05-05T16:00:00+00:00,10038.992194893458650
2024-05-05T17:00:00+00:00,10038.823107153458650
2024-05-05T18:00:00+00:00,10038.359046753458650
2024-05-05T19:00:00+00:00,10038.273421593458650
2024-05-05T20:00:00+00:00,10038.043895433458650
2024-05-05T21:00:00+00:00,10038.254673813458650
2024-05-05T22:00:00+00:00,10038.241015413458650
2024-05-05T23:00:00+00:00,10038.488151153458650
2024-05-06T00:00:00+00:00,10038.823139673458650
2024-05-06T01:00:00+00:00,10038.708018873458650
2024-05-06T02:00:00+00:00,10038.185861493458650
2024-05-06T03:00:00+00:00,10038.251714493458650
2024-05-06T04:00:00+00:00,10038.738555153458650
2024-05-06T05:00:00+00:00,10038.772587333458650
2024-05-06T06:00:00+00:00,10038.842651673458650
2024-05-06T07:00:00+00:00,10039.347898653458650
2024-05-06T08:00:00+00:00,10040.327222193458650
2024-05-06T09:00:00+00:00,10040.364880353458650
2024-05-06T10:00:00+00:00,10038.480297573458650
2024-05-06T11:00:00+00:00,10038.799627713458650
2024-05-06T12:00:00+00:00,10037.808466893458650
2024-05-06T13:00:00+00:00,10038.257259153458650
2024-05-06T14:00:00+00:00,10037.284862373458650
2024-05-06T15:00:00+00:00,10037.870287413458650
2024-05-06T16:00:00+00:00,10037.155530333458650
2024-05-06T17:00:00+00:00,10037.118945333458650
2024-05-06T18:00:00+00:00,10037.493039153458650
2024-05-06T19:00:00+00:00,10037.200359153458650
2024-05-06T20:00:00+00:00,10037.343902433458650
2024-05-06T21:00:00+00:00,10037.737410693458650
2024-05-06T22:00:00+00:00,10037.648598573458650
2024-05-06T23:00:00+00:00,10037.111238093458650
2024-05-07T00:00:00+00:00,10037.729540853458650
2024-05-07T01:00:00+00:00,10038.299079873458650
2024-05-07T02:00:00+00:00,10037.985326913458650
2024-05-07T03:00:00+00:00,10037.232049893458650
2024-05-07T04:00:00+00:00,10037.600777913458650
2024-05-07T05:00:00+00:00,10037.758857633458650
2024-05-07T06:00:00+00:00,10037.856954213458650
2024-05-07T07:00:00+00:00,10037.931555093458650
2024-05-07T08:00:00+00:00,10038.845871153458650
2024-05-07T09:00:00+00:00,10038.663726633458650
2024-05-07T10:00:00+00:00,10038.609076773458650
2024-05-07T11:00:00+00:00,10037.640078333458650
2024-05-07T12:00:00+00:00,10037.920709673458650
2024-05-07T13:00:00+00:00,10037.189237313458650
2024-05-07T14:00:00+00:00,10038.508427373458650
2024-05-07T15:00:00+00:00,10038.046659633458650
2024-05-07T16:00:00+00:00,10037.873523153458650
2024-05-07T17:00:00+00:00,10037.479689693458650
2024-05-07T18:00:00+00:00,10037.119042893458650
2024-05-07T19:00:00+00:00,10036.940215413458650
2024-05-07T20:00:00+00:00,10036.801891593458650
2024-05-07T21:00:00+00:00,10036.962979413458650
2024-05-07T22:00:00+00:00,10036.600235073458650
2024-05-07T23:00:00+00:00,10035.724081233458650
2024-05-08T00:00:00+00:00,10036.169491413458650
2024-05-08T01:00:00+00:00,10036.078923213458650
2024-05-08T02:00:00+00:00,10036.445911413458650
2024-05-08T03:00:00+00:00,10036.670266893458650
2024-05-08T04:00:00+00:00,10036.062403053458650
2024-05-08T05:00:00+00:00,10035.909967236490600
2024-05-08T06:00:00+00:00,10035.909967236490600
2024-05-08T07:00:00+00:00,10035.909967236490600
2024-05-08T08:00:00+00:00,10035.909967236490600
2024-05-08T09:00:00+00:00,10035.909967236490600
2024-05-08T10:00:00+00:00,10035.909967236490600
2024-05-08T11:00:00+00:00,10035.909967236490600
2024-05-08T12:00:00+00:00,10035.909967236490600
2024-05-08T13:00:00+00:00,10035.909967236490600
2024-05-08T14:00:00+00:00,10035.909967236490600
2024-05-08T15:00:00+00:00,10035.909967236490600
2024-05-08T16:00:00+00:00,10035.909967236490600
2024-05-08T17:00:00+00:00,10035.909967236490600
2024-05-08T18:00:00+00:00,10035.909967236490600
2024-05-08T19:00:00+00:00,10035.909967236490600
2024-05-08T20:00:00+00:00,10035.909967236490600
2024-05-08T21:00:00+00:00,10035.909967236490600
2024-05-08T22:00:00+00:00,10035.909967236490600
2024-05-08T23:00:00+00:00,10035.909967236490600
2024-05-09T00:00:00+00:00,10035.909967236490600
2024-05-09T01:00:00+00:00,10035.909967236490600
2024-05-09T02:00:00+00:00,10035.909967236490600
2024-05-09T03:00:00+00:00,10035.909967236490600
2024-05-09T04:00:00+00:00,10035.909967236490600
2024-05-09T05:00:00+00:00,10035.909967236490600
2024-05-09T06:00:00+00:00,10035.909967236490600
2024-05-09T07:00:00+00:00,10035.909967236490600
2024-05-09T08:00:00+00:00,10035.909967236490600
2024-05-09T09:00:00+00:00,10035.909967236490600
2024-05-09T10:00:00+00:00,10035.909967236490600
2024-05-09T11:00:00+00:00,10035.909967236490600
2024-05-09T12:00:00+00:00,10035.909967236490600
2024-05-09T13:00:00+00:00,10035.909967236490600
2024-05-09T14:00:00+00:00,10035.909967236490600
2024-05-09T15:00:00+00:00,10035.909967236490600
2024-05-09T16:00:00+00:00,10035.909967236490600
2024-05-09T17:00:00+00:00,10035.909967236490600
2024-05-09T18:00:00+00:00,10035.909967236490600
2024-05-09T19:00:00+00:00,10035.909967236490600
2024-05-09T20:00:00+00:00,10035.909967236490600
2024-05-09T21:00:00+00:00,10035.909967236490600
2024-05-09T22:00:00+00:00,10035.909967236490600
2024-05-09T23:00:00+00:00,10035.909967236490600
2024-05-10T00:00:00+00:00,10035.909967236490600
2024-05-10T01:00:00+00:00,10035.909967236490600
2024-05-10T02:00:00+00:00,10035.909967236490600
2024-05-10T03:00:00+00:00,10035.909967236490600
2024-05-10T04:00:00+00:00,10035.909967236490600
2024-05-10T05:00:00+00:00,10035.909967236490600
2024-05-10T06:00:00+00:00,10035.909967236490600
2024-05-10T07:00:00+00:00,10035.619743430686600
2024-05-10T08:00:00+00:00,10035.559351790686600
2024-05-10T09:00:00+00:00,10035.697491910686600
2024-05-10T10:00:00+00:00,10035.536262270686600
2024-05-10T11:00:00+00:00,10035.971660110686600
2024-05-10T12:00:00+00:00,10035.508424630686600
2024-05-10T13:00:00+00:00,10035.502199670686600
2024-05-10T14:00:00+00:00,10032.421273230686600
2024-05-10T15:00:00+00:00,10032.205543430686600
2024-05-10T16:00:00+00:00,10032.060461263894480
2024-05-10T17:00:00+00:00,10032.060461263894480
2024-05-10T18:00:00+00:00,10032.060461263894480
2024-05-10T19:00:00+00:00,10032.060461263894480
2024-05-10T20:00:00+00:00,10032.060461263894480
2024-05-10T21:00:00+00:00,10032.060461263894480
2024-05-10T22:00:00+00:00,10032.060461263894480
2024-05-10T23:00:00+00:00,10032.060461263894480
2024-05-11T00:00:00+00:00,10032.060461263894480
2024-05-11T01:00:00+00:00,10032.060461263894480
2024-05-11T02:00:00+00:00,10032.060461263894480
2024-05-11T03:00:00+00:00,10032.060461263894480
2024-05-11T04:00:00+00:00,10032.060461263894480
2024-05-11T05:00:00+00:00,10032.060461263894480
2024-05-11T06:00:00+00:00,10032.060461263894480
2024-05-11T07:00:00+00:00,10032.060461263894480
2024-05-11T08:00:00+00:00,10032.060461263894480
2024-05-11T09:00:00+00:00,10032.060461263894480
2024-05-11T10:00:00+00:00,10032.060461263894480
2024-05-11T11:00:00+00:00,10032.060461263894480
2024-05-11T12:00:00+00:00,10032.060461263894480
2024-05-11T13:00:00+00:00,10032.060461263894480
2024-05-11T14:00:00+00:00,10032.060461263894480
2024-05-11T15:00:00+00:00,10032.060461263894480
2024-05-11T16:00:00+00:00,10032.060461263894480
2024-05-11T17:00:00+00:00,10032.060461263894480
2024-05-11T18:00:00+00:00,10032.060461263894480
2024-05-11T19:00:00+00:00,10032.060461263894480
2024-05-11T20:00:00+00:00,10032.060461263894480
2024-05-11T21:00:00+00:00,10032.060461263894480
2024-05-11T22:00:00+00:00,10032.060461263894480
2024-05-11T23:00:00+00:00,10032.060461263894480
2024-05-12T00:00:00+00:00,10032.060461263894480
2024-05-12T01:00:00+00:00,10032.060461263894480
2024-05-12T02:00:00+00:00,10032.060461263894480
2024-05-12T03:00:00+00:00,10032.060461263894480
2024-05-12T04:00:00+00:00,10032.060461263894480
2024-05-12T05:00:00+00:00,10032.060461263894480
2024-05-12T06:00:00+00:00,10032.060461263894480
2024-05-12T07:00:00+00:00,10032.060461263894480
2024-05-12T08:00:00+00:00,10032.060461263894480
2024-05-12T09:00:00+00:00,10032.060461263894480
2024-05-12T10:00:00+00:00,10032.060461263894480
2024-05-12T11:00:00+00:00,10032.060461263894480
2024-05-12T12:00:00+00:00,10032.060461263894480
2024-05-12T13:00:00+00:00,10032.060461263894480
2024-05-12T14:00:00+00:00,10032.060461263894480
2024-05-12T15:00:00+00:00,10032.060461263894480
2024-05-12T16:00:00+00:00,10032.060461263894480
2024-05-12T17:00:00+00:00,10032.060461263894480
2024-05-12T18:00:00+00:00,10032.060461263894480
2024-05-12T19:00:00+00:00,10032.060461263894480
2024-05-12T20:00:00+00:00,10032.060461263894480
2024-05-12T21:00:00+00:00,10032.060461263894480
2024-05-12T22:00:00+00:00,10032.060461263894480
2024-05-12T23:00:00+00:00,10032.060461263894480
2024-05-13T00:00:00+00:00,10032.060461263894480
2024-05-13T01:00:00+00:00,10032.060461263894480
2024-05-13T02:00:00+00:00,10032.060461263894480
2024-05-13T03:00:00+00:00,10032.060461263894480
2024-05-13T04:00:00+00:00,10032.060461263894480
2024-05-13T05:00:00+00:00,10032.060461263894480
2024-05-13T06:00:00+00:00,10032.060461263894480
2024-05-13T07:00:00+00:00,10032.060461263894480
2024-05-13T08:00:00+00:00,10032.060461263894480
2024-05-13T09:00:00+00:00,10032.060461263894480
2024-05-13T10:00:00+00:00,10031.296414675859530
2024-05-13T11:00:00+00:00,10031.397061675859530
2024-05-13T12:00:00+00:00,10031.565665275859530
2024-05-13T13:00:00+00:00,10031.463301075859530
2024-05-13T14:00:00+00:00,10031.412754975859530
2024-05-13T15:00:00+00:00,10031.816821675859530
2024-05-13T16:00:00+00:00,10032.098076775859530
2024-05-13T17:00:00+00:00,10031.512352575859530
2024-05-13T18:00:00+00:00,10031.474812675859530
2024-05-13T19:00:00+00:00,10032.088218775859530
2024-05-13T20:00:00+00:00,10031.959746775859530
2024-05-13T21:00:00+00:00,10031.657424175859530
2024-05-13T22:00:00+00:00,10031.447941675859530
2024-05-13T23:00:00+00:00,10031.718368875859530
2024-05-14T00:00:00+00:00,10031.519539375859530
2024-05-14T01:00:00+00:00,10031.260353475859530
2024-05-14T02:00:00+00:00,10031.085405775859530
2024-05-14T03:00:00+00:00,10031.000293075859530
2024-05-14T04:00:00+00:00,10031.098491475859530
2024-05-14T05:00:00+00:00,10031.364021475859530
2024-05-14T06:00:00+00:00,10030.290421675859530
2024-05-14T07:00:00+00:00,10030.279911775859530
2024-05-14T08:00:00+00:00,10030.002631675859530
2024-05-14T09:00:00+00:00,10029.902223175859530
2024-05-14T10:00:00+00:00,10029.776867575859530
2024-05-14T11:00:00+00:00,10029.903367975859530
2024-05-14T12:00:00+00:00,10029.534408475859530
2024-05-14T13:00:00+00:00,10029.740249875859530
2024-05-14T14:00:00+00:00,10029.911588275859530
2024-05-14T15:00:00+00:00,10029.885941575859530
2024-05-14T16:00:00+00:00,10029.313430275859530
2024-05-14T17:00:00+00:00,10029.134459875859530
2024-05-14T18:00:00+00:00,10029.317325775859530
2024-05-14T19:00:00+00:00,10029.170879962709530
2024-05-14T20:00:00+00:00,10029.170879962709530
2024-05-14T21:00:00+00:00,10029.170879962709530
2024-05-14T22:00:00+00:00,10029.170879962709530
2024-05-14T23:00:00+00:00,10029.170879962709530
2024-05-15T00:00:00+00:00,10029.170879962709530
2024-05-15T01:00:00+00:00,10029.170879962709530
2024-05-15T02:00:00+00:00,10029.170879962709530
2024-05-15T03:00:00+00:00,10029.170879962709530
2024-05-15T04:00:00+00:00,10029.170879962709530
2024-05-15T05:00:00+00:00,10029.170879962709530
2024-05-15T06:00:00+00:00,10029.170879962709530
2024-05-15T07:00:00+00:00,10029.170879962709530
2024-05-15T08:00:00+00:00,10029.170879962709530
2024-05-15T09:00:00+00:00,10029.170879962709530
2024-05-15T10:00:00+00:00,10029.060037890725530
2024-05-15T11:00:00+00:00,10028.727989890725530
2024-05-15T12:00:00+00:00,10030.792597890725530
2024-05-15T13:00:00+00:00,10031.414085890725530
2024-05-15T14:00:00+00:00,10031.980501890725530
2024-05-15T15:00:00+00:00,10032.340677890725530
2024-05-15T16:00:00+00:00,10032.395333890725530
2024-05-15T17:00:00+00:00,10032.854997890725530
2024-05-15T18:00:00+00:00,10033.928149890725530
2024-05-15T19:00:00+00:00,10034.390469890725530
2024-05-15T20:00:00+00:00,10034.269893890725530
2024-05-15T21:00:00+00:00,10034.156485890725530
2024-05-15T22:00:00+00:00,10034.566581890725530
2024-05-15T23:00:00+00:00,10034.710901890725530
2024-05-16T00:00:00+00:00,10034.514741890725530
2024-05-16T01:00:00+00:00,10034.358085890725530
2024-05-16T02:00:00+00:00,10034.235717890725530
2024-05-16T03:00:00+00:00,10034.341125890725530
2024-05-16T04:00:00+00:00,10034.081829890725530
2024-05-16T05:00:00+00:00,10034.031685890725530
2024-05-16T06:00:00+00:00,10034.313525890725530
2024-05-16T07:00:00+00:00,10034.608693890725530
2024-05-16T08:00:00+00:00,10034.855893890725530
2024-05-16T09:00:00+00:00,10034.964005890725530
2024-05-16T10:00:00+00:00,10034.652485890725530
2024-05-16T11:00:00+00:00,10035.186581890725530
2024-05-16T12:00:00+00:00,10034.398117890725530
2024-05-16T13:00:00+00:00,10034.905381890725530
2024-05-16T14:00:00+00:00,10033.738421890725530
2024-05-16T15:00:00+00:00,10034.090709890725530
2024-05-16T16:00:00+00:00,10033.028485890725530
2024-05-16T17:00:00+00:00,10032.772485890725530
2024-05-16T18:00:00+00:00,10032.975989890725530
2024-05-16T19:00:00+00:00,10033.079461890725530
2024-05-16T20:00:00+00:00,10033.218741890725530
2024-05-16T21:00:00+00:00,10033.519685890725530
2024-05-16T22:00:00+00:00,10033.450853890725530
2024-05-16T23:00:00+00:00,10033.156837890725530
2024-05-17T00:00:00+00:00,10033.594405890725530
2024-05-17T01:00:00+00:00,10033.325845890725530
2024-05-17T02:00:00+00:00,10033.398117890725530
2024-05-17T03:00:00+00:00,10033.715749890725530
2024-05-17T04:00:00+00:00,10033.503397890725530
2024-05-17T05:00:00+00:00,10033.900501890725530
2024-05-17T06:00:00+00:00,10034.309397890725530
2024-05-17T07:00:00+00:00,10034.999605890725530
2024-05-17T08:00:00+00:00,10034.614117890725530
2024-05-17T09:00:00+00:00,10034.931605890725530
2024-05-17T10:00:00+00:00,10035.181269890725530
2024-05-17T11:00:00+00:00,10034.729301890725530
2024-05-17T12:00:00+00:00,10034.988453890725530
2024-05-17T13:00:00+00:00,10034.290933890725530
2024-05-17T14:00:00+00:00,10035.671157890725530
2024-05-17T15:00:00+00:00,10036.292661890725530
2024-05-17T16:00:00+00:00,10035.868485890725530
2024-05-17T17:00:00+00:00,10035.504533890725530
2024-05-17T18:00:00+00:00,10035.695669890725530
2024-05-17T19:00:00+00:00,10036.057285890725530
2024-05-17T20:00:00+00:00,10035.804501890725530
2024-05-17T21:00:00+00:00,10035.677541890725530
2024-05-17T22:00:00+00:00,10035.615061890725530
2024-05-17T23:00:00+00:00,10036.018901890725530
2024-05-18T00:00:00+00:00,10035.807045890725530
2024-05-18T01:00:00+00:00,10035.948501890725530
2024-05-18T02:00:00+00:00,10035.833045890725530
2024-05-18T03:00:00+00:00,10035.892581890725530
2024-05-18T04:00:00+00:00,10035.794277890725530
2024-05-18T05:00:00+00:00,10035.748037890725530
2024-05-18T06:00:00+00:00,10035.852549890725530
2024-05-18T07:00:00+00:00,10035.799701890725530
2024-05-18T08:00:00+00:00,10036.024645890725530
2024-05-18T09:00:00+00:00,10036.180565890725530
2024-05-18T10:00:00+00:00,10036.336053890725530
2024-05-18T11:00:00+00:00,10036.285813890725530
2024-05-18T12:00:00+00:00,10035.897301890725530
2024-05-18T13:00:00+00:00,10035.761573890725530
2024-05-18T14:00:00+00:00,10035.650357890725530
2024-05-18T15:00:00+00:00,10035.698309890725530
2024-05-18T16:00:00+00:00,10035.801573890725530
2024-05-18T17:00:00+00:00,10035.766917890725530
2024-05-18T18:00:00+00:00,10035.654677890725530
2024-05-18T19:00:00+00:00,10035.840693890725530
2024-05-18T20:00:00+00:00,10035.922917890725530
2024-05-18T21:00:00+00:00,10035.819365890725530
2024-05-18T22:00:00+00:00,10035.871717890725530
2024-05-18T23:00:00+00:00,10035.844821890725530
2024-05-19T00:00:00+00:00,10035.830949890725530
2024-05-19T01:00:00+00:00,10035.852517890725530
2024-05-19T02:00:00+00:00,10036.319077890725530
2024-05-19T03:00:00+00:00,10036.252837890725530
2024-05-19T04:00:00+00:00,10036.223301890725530
2024-05-19T05:00:00+00:00,10036.136693890725530
2024-05-19T06:00:00+00:00,10036.016741890725530
2024-05-19T07:00:00+00:00,10036.499605890725530
2024-05-19T08:00:00+00:00,10036.236517890725530
2024-05-19T09:00:00+00:00,10036.268517890725530
2024-05-19T10:00:00+00:00,10036.412485890725530
2024-05-19T11:00:00+00:00,10036.508501890725530
2024-05-19T12:00:00+00:00,10035.713285890725530
2024-05-19T13:00:00+00:00,10036.060485890725530
2024-05-19T14:00:00+00:00,10035.865301890725530
2024-05-19T15:00:00+00:00,10035.804309890725530
2024-05-19T16:00:00+00:00,10035.439717890725530
2024-05-19T17:00:00+00:00,10035.532517890725530
2024-05-19T18:00:00+00:00,10035.318437890725530
2024-05-19T19:00:00+00:00,10034.434917890725530
2024-05-19T20:00:00+00:00,10034.642885890725530
2024-05-19T21:00:00+00:00,10034.828501890725530
2024-05-19T22:00:00+00:00,10034.962277890725530
2024-05-19T23:00:00+00:00,10034.818917890725530
2024-05-20T00:00:00+00:00,10035.116485890725530
2024-05-20T01:00:00+00:00,10035.213141890725530
2024-05-20T02:00:00+00:00,10035.458933890725530
2024-05-20T03:00:00+00:00,10035.460853890725530
2024-05-20T04:00:00+00:00,10036.192389890725530
2024-05-20T05:00:00+00:00,10036.198677890725530
2024-05-20T06:00:00+00:00,10035.036501890725530
2024-05-20T07:00:00+00:00,10035.700725890725530
2024-05-20T08:00:00+00:00,10035.599701890725530
2024-05-20T09:00:00+00:00,10035.810917890725530
2024-05-20T10:00:00+00:00,10036.156485890725530
2024-05-20T11:00:00+00:00,10035.971221890725530
2024-05-20T12:00:00+00:00,10035.878725890725530
2024-05-20T13:00:00+00:00,10036.140469890725530
2024-05-20T14:00:00+00:00,10035.990117890725530
2024-05-20T15:00:00+00:00,10036.652485890725530
2024-05-20T16:00:00+00:00,10037.884597890725530
2024-05-20T17:00:00+00:00,10038.110917890725530
2024-05-20T18:00:00+00:00,10038.745957890725530
2024-05-20T19:00:00+00:00,10040.780485890725530
2024-05-20T20:00:00+00:00,10039.980501890725530
2024-05-20T21:00:00+00:00,10040.328965890725530
2024-05-20T22:00:00+00:00,10040.125733890725530
2024-05-20T23:00:00+00:00,10043.095093890725530
2024-05-21T00:00:00+00:00,10042.880213890725530
2024-05-21T01:00:00+00:00,10042.524437890725530
2024-05-21T02:00:00+00:00,10042.834581890725530
2024-05-21T03:00:00+00:00,10042.834901890725530
2024-05-21T04:00:00+00:00,10042.236501890725530
2024-05-21T05:00:00+00:00,10042.716277890725530
2024-05-21T06:00:00+00:00,10042.709157890725530
2024-05-21T07:00:00+00:00,10042.185765890725530
2024-05-21T08:00:00+00:00,10042.246101890725530
2024-05-21T09:00:00+00:00,10042.364533890725530
2024-05-21T10:00:00+00:00,10042.470101890725530
2024-05-21T11:00:00+00:00,10042.588501890725530
2024-05-21T12:00:00+00:00,10042.940485890725530
2024-05-21T13:00:00+00:00,10041.733973890725530
2024-05-21T14:00:00+00:00,10041.121621890725530
2024-05-21T15:00:00+00:00,10040.503685890725530
2024-05-21T16:00:00+00:00,10040.249349890725530
2024-05-21T17:00:00+00:00,10040.551781890725530
2024-05-21T18:00:00+00:00,10040.508085890725530
2024-05-21T19:00:00+00:00,10039.638085890725530
2024-05-21T20:00:00+00:00,10040.343717890725530
2024-05-21T21:00:00+00:00,10040.344917890725530
2024-05-21T22:00:00+00:00,10041.136053890725530
2024-05-21T23:00:00+00:00,10041.017845890725530
2024-05-22T00:00:00+00:00,10040.972517890725530
2024-05-22T01:00:00+00:00,10041.035829890725530
2024-05-22T02:00:00+00:00,10040.785317890725530
2024-05-22T03:00:00+00:00,10040.709653890725530
2024-05-22T04:00:00+00:00,10040.140469890725530
2024-05-22T05:00:00+00:00,10040.617493890725530
2024-05-22T06:00:00+00:00,10040.547029890725530
2024-05-22T07:00:00+00:00,10040.324501890725530
2024-05-22T08:00:00+00:00,10040.796933890725530
2024-05-22T09:00:00+00:00,10040.760405890725530
2024-05-22T10:00:00+00:00,10041.084501890725530
2024-05-22T11:00:00+00:00,10040.358309890725530
2024-05-22T12:00:00+00:00,10040.210709890725530
2024-05-22T13:00:00+00:00,10040.119493890725530
2024-05-22T14:00:00+00:00,10040.963909890725530
2024-05-22T15:00:00+00:00,10041.509941890725530
2024-05-22T16:00:00+00:00,10041.148309890725530
2024-05-22T17:00:00+00:00,10040.562133890725530
2024-05-22T18:00:00+00:00,10040.099861890725530
2024-05-22T19:00:00+00:00,10040.200453890725530
2024-05-22T20:00:00+00:00,10039.887717890725530
2024-05-22T21:00:00+00:00,10039.976933890725530
2024-05-22T22:00:00+00:00,10039.406549890725530
2024-05-22T23:00:00+00:00,10039.447093890725530
2024-05-23T00:00:00+00:00,10039.980197890725530
2024-05-23T01:00:00+00:00,10039.953557890725530
2024-05-23T02:00:00+00:00,10039.989877890725530
2024-05-23T03:00:00+00:00,10039.894325890725530
2024-05-23T04:00:00+00:00,10040.060517890725530
2024-05-23T05:00:00+00:00,10039.946725890725530
2024-05-23T06:00:00+00:00,10040.078741890725530
2024-05-23T07:00:00+00:00,10040.354965890725530
2024-05-23T08:00:00+00:00,10040.281285890725530
2024-05-23T09:00:00+00:00,10040.212597890725530
2024-05-23T10:00:00+00:00,10040.040037890725530
2024-05-23T11:00:00+00:00,10040.752853890725530
2024-05-23T12:00:00+00:00,10039.866149890725530
2024-05-23T13:00:00+00:00,10037.638325890725530
2024-05-23T14:00:00+00:00,10037.178309890725530
2024-05-23T15:00:00+00:00,10037.702101890725530
2024-05-23T16:00:00+00:00,10037.296949890725530
2024-05-23T17:00:00+00:00,10037.003301890725530
2024-05-23T18:00:00+00:00,10036.609397890725530
2024-05-23T19:00:00+00:00,10036.447692485165530
2024-05-23T20:00:00+00:00,10036.447692485165530
2024-05-23T21:00:00+00:00,10036.447692485165530
2024-05-23T22:00:00+00:00,10036.447692485165530
2024-05-23T23:00:00+00:00,10036.447692485165530
2024-05-24T00:00:00+00:00,10036.447692485165530
2024-05-24T01:00:00+00:00,10036.447692485165530
2024-05-24T02:00:00+00:00,10036.447692485165530
2024-05-24T03:00:00+00:00,10036.447692485165530
2024-05-24T04:00:00+00:00,10036.447692485165530
2024-05-24T05:00:00+00:00,10036.447692485165530
2024-05-24T06:00:00+00:00,10036.447692485165530
2024-05-24T07:00:00+00:00,10036.447692485165530
2024-05-24T08:00:00+00:00,10036.447692485165530
2024-05-24T09:00:00+00:00,10036.447692485165530
2024-05-24T10:00:00+00:00,10036.447692485165530
2024-05-24T11:00:00+00:00,10036.447692485165530
2024-05-24T12:00:00+00:00,10036.447692485165530
2024-05-24T13:00:00+00:00,10036.447692485165530
2024-05-24T14:00:00+00:00,10036.447692485165530
2024-05-24T15:00:00+00:00,10036.447692485165530
2024-05-24T16:00:00+00:00,10036.447692485165530
2024-05-24T17:00:00+00:00,10036.447692485165530
2024-05-24T18:00:00+00:00,10036.447692485165530
2024-05-24T19:00:00+00:00,10036.447692485165530
2024-05-24T20:00:00+00:00,10036.447692485165530
2024-05-24T21:00:00+00:00,10036.447692485165530
2024-05-24T22:00:00+00:00,10036.447692485165530
2024-05-24T23:00:00+00:00,10036.447692485165530
2024-05-25T00:00:00+00:00,10036.447692485165530
2024-05-25T01:00:00+00:00,10036.447692485165530
2024-05-25T02:00:00+00:00,10036.447692485165530
2024-05-25T03:00:00+00:00,10036.447692485165530
2024-05-25T04:00:00+00:00,10036.447692485165530
2024-05-25T05:00:00+00:00,10036.447692485165530
2024-05-25T06:00:00+00:00,10036.212746840972230
2024-05-25T07:00:00+00:00,10036.349286040972230
2024-05-25T08:00:00+00:00,10036.528530240972230
2024-05-25T09:00:00+00:00,10036.847657040972230
2024-05-25T10:00:00+00:00,10037.275028240972230
2024-05-25T11:00:00+00:00,10036.861381040972230
2024-05-25T12:00:00+00:00,10036.878360840972230
2024-05-25T13:00:00+00:00,10036.746493640972230
2024-05-25T14:00:00+00:00,10036.740171840972230
2024-05-25T15:00:00+00:00,10036.606946840972230
2024-05-25T16:00:00+00:00,10036.616028040972230
2024-05-25T17:00:00+00:00,10036.803667240972230
2024-05-25T18:00:00+00:00,10037.019834840972230
2024-05-25T19:00:00+00:00,10036.935330040972230
2024-05-25T20:00:00+00:00,10036.854577440972230
2024-05-25T21:00:00+00:00,10036.911517440972230
2024-05-25T22:00:00+00:00,10036.896902840972230
2024-05-25T23:00:00+00:00,10037.132795040972230
2024-05-26T00:00:00+00:00,10036.936322840972230
2024-05-26T01:00:00+00:00,10036.944265240972230
2024-05-26T02:00:00+00:00,10036.568417440972230
2024-05-26T03:00:00+00:00,10036.816048040972230
2024-05-26T04:00:00+00:00,10036.670602840972230
2024-05-26T05:00:00+00:00,10036.912378840972230
2024-05-26T06:00:00+00:00,10036.862782640972230
2024-05-26T07:00:00+00:00,10037.205181840972230
2024-05-26T08:00:00+00:00,10036.942644640972230
2024-05-26T09:00:00+00:00,10036.834911240972230
2024-05-26T10:00:00+00:00,10037.034026040972230
2024-05-26T11:00:00+00:00,10036.905531440972230
2024-05-26T12:00:00+00:00,10036.698664040972230
2024-05-26T13:00:00+00:00,10036.907327240972230
2024-05-26T14:00:00+00:00,10037.127758040972230
2024-05-26T15:00:00+00:00,10036.486628240972230
2024-05-26T16:00:00+00:00,10036.429148040972230
2024-05-26T17:00:00+00:00,10036.384647240972230
2024-05-26T18:00:00+00:00,10036.416796440972230
2024-05-26T19:00:00+00:00,10036.567731240972230
2024-05-26T20:00:00+00:00,10036.300989240972230
2024-05-26T21:00:00+00:00,10036.004872040972230
2024-05-26T22:00:00+00:00,10036.066162840972230
2024-05-26T23:00:00+00:00,10035.989761040972230
2024-05-27T00:00:00+00:00,10036.448259440972230
2024-05-27T01:00:00+00:00,10036.816617440972230
2024-05-27T02:00:00+00:00,10036.871133840972230
2024-05-27T03:00:00+00:00,10036.523770640972230
2024-05-27T04:00:00+00:00,10036.372777440972230
2024-05-27T05:00:00+00:00,10036.014493440972230
2024-05-27T06:00:00+00:00,10035.822678640972230
2024-05-27T07:00:00+00:00,10036.187868440972230
2024-05-27T08:00:00+00:00,10036.159602840972230
2024-05-27T09:00:00+00:00,10036.117803040972230
2024-05-27T10:00:00+00:00,10035.967614677185030
2024-05-27T11:00:00+00:00,10035.967614677185030
2024-05-27T12:00:00+00:00,10035.967614677185030
2024-05-27T13:00:00+00:00,10035.967614677185030
2024-05-27T14:00:00+00:00,10035.967614677185030
2024-05-27T15:00:00+00:00,10037.078866898185030
2024-05-27T16:00:00+00:00,10036.771829178185030
2024-05-27T17:00:00+00:00,10036.804737938185030
2024-05-27T18:00:00+00:00,10036.518089498185030
2024-05-27T19:00:00+00:00,10035.470481938185030
2024-05-27T20:00:00+00:00,10036.048081938185030
2024-05-27T21:00:00+00:00,10036.257447498185030
2024-05-27T22:00:00+00:00,10035.949269018185030
2024-05-27T23:00:00+00:00,10035.725232418185030
2024-05-28T00:00:00+00:00,10035.640007538185030
2024-05-28T01:00:00+00:00,10034.537802338185030
2024-05-28T02:00:00+00:00,10034.632947498185030
2024-05-28T03:00:00+00:00,10033.723660698185030
2024-05-28T04:00:00+00:00,10033.358314258185030
2024-05-28T05:00:00+00:00,10033.722750978185030
2024-05-28T06:00:00+00:00,10033.611750698185030
2024-05-28T07:00:00+00:00,10033.464556271399410
2024-05-28T08:00:00+00:00,10033.464556271399410
2024-05-28T09:00:00+00:00,10033.464556271399410
2024-05-28T10:00:00+00:00,10033.464556271399410
2024-05-28T11:00:00+00:00,10033.464556271399410
2024-05-28T12:00:00+00:00,10033.464556271399410
2024-05-28T13:00:00+00:00,10033.464556271399410
2024-05-28T14:00:00+00:00,10033.464556271399410
2024-05-28T15:00:00+00:00,10033.464556271399410
2024-05-28T16:00:00+00:00,10033.464556271399410
2024-05-28T17:00:00+00:00,10033.464556271399410
2024-05-28T18:00:00+00:00,10033.464556271399410
2024-05-28T19:00:00+00:00,10033.464556271399410
2024-05-28T20:00:00+00:00,10033.464556271399410
2024-05-28T21:00:00+00:00,10033.464556271399410
2024-05-28T22:00:00+00:00,10033.464556271399410
2024-05-28T23:00:00+00:00,10033.464556271399410
2024-05-29T00:00:00+00:00,10033.464556271399410
2024-05-29T01:00:00+00:00,10033.464556271399410
2024-05-29T02:00:00+00:00,10033.464556271399410
2024-05-29T03:00:00+00:00,10033.464556271399410
2024-05-29T04:00:00+00:00,10033.464556271399410
2024-05-29T05:00:00+00:00,10033.464556271399410
2024-05-29T06:00:00+00:00,10033.464556271399410
2024-05-29T07:00:00+00:00,10033.464556271399410
2024-05-29T08:00:00+00:00,10033.464556271399410
2024-05-29T09:00:00+00:00,10033.464556271399410
2024-05-29T10:00:00+00:00,10033.464556271399410
2024-05-29T11:00:00+00:00,10033.464556271399410
2024-05-29T12:00:00+00:00,10033.464556271399410
2024-05-29T13:00:00+00:00,10033.464556271399410
2024-05-29T14:00:00+00:00,10033.464556271399410
2024-05-29T15:00:00+00:00,10033.464556271399410
2024-05-29T16:00:00+00:00,10033.464556271399410
2024-05-29T17:00:00+00:00,10033.464556271399410
2024-05-29T18:00:00+00:00,10033.464556271399410
2024-05-29T19:00:00+00:00,10033.464556271399410
2024-05-29T20:00:00+00:00,10033.464556271399410
2024-05-29T21:00:00+00:00,10033.464556271399410
2024-05-29T22:00:00+00:00,10033.464556271399410
2024-05-29T23:00:00+00:00,10033.464556271399410
2024-05-30T00:00:00+00:00,10033.464556271399410
2024-05-30T01:00:00+00:00,10033.464556271399410
2024-05-30T02:00:00+00:00,10033.464556271399410
2024-05-30T03:00:00+00:00,10033.464556271399410
2024-05-30T04:00:00+00:00,10033.464556271399410
2024-05-30T05:00:00+00:00,10033.464556271399410
2024-05-30T06:00:00+00:00,10033.464556271399410
2024-05-30T07:00:00+00:00,10033.464556271399410
2024-05-30T08:00:00+00:00,10033.464556271399410
2024-05-30T09:00:00+00:00,10033.464556271399410
2024-05-30T10:00:00+00:00,10033.464556271399410
2024-05-30T11:00:00+00:00,10033.464556271399410
2024-05-30T12:00:00+00:00,10033.464556271399410
2024-05-30T13:00:00+00:00,10033.464556271399410
2024-05-30T14:00:00+00:00,10033.464556271399410
2024-05-30T15:00:00+00:00,10033.464556271399410
2024-05-30T16:00:00+00:00,10033.464556271399410
2024-05-30T17:00:00+00:00,10033.464556271399410
2024-05-30T18:00:00+00:00,10033.464556271399410
2024-05-30T19:00:00+00:00,10033.464556271399410
2024-05-30T20:00:00+00:00,10033.055412197038300
2024-05-30T21:00:00+00:00,10032.968877167038300
2024-05-30T22:00:00+00:00,10032.820103537038300
2024-05-30T23:00:00+00:00,10032.874511177038300
2024-05-31T00:00:00+00:00,10033.032050807038300
2024-05-31T01:00:00+00:00,10033.002830807038300
2024-05-31T02:00:00+00:00,10033.148916197038300
2024-05-31T03:00:00+00:00,10033.142809217038300
2024-05-31T04:00:00+00:00,10033.114728797038300
2024-05-31T05:00:00+00:00,10033.006804727038300
2024-05-31T06:00:00+00:00,10032.757382807038300
2024-05-31T07:00:00+00:00,10032.615651197038300
2024-05-31T08:00:00+00:00,10032.558686807038300
2024-05-31T09:00:00+00:00,10032.286940807038300
2024-05-31T10:00:00+00:00,10032.138078019513300
2024-05-31T11:00:00+00:00,10032.138078019513300
2024-05-31T12:00:00+00:00,10032.138078019513300
2024-05-31T13:00:00+00:00,10031.161765197885805
2024-05-31T14:00:00+00:00,10031.012621247003175
2024-05-31T15:00:00+00:00,10031.012621247003175
2024-05-31T16:00:00+00:00,10031.012621247003175
2024-05-31T17:00:00+00:00,10031.012621247003175
2024-05-31T18:00:00+00:00,10031.012621247003175
2024-05-31T19:00:00+00:00,10031.012621247003175
2024-05-31T20:00:00+00:00,10031.012621247003175
2024-05-31T21:00:00+00:00,10031.012621247003175
2024-05-31T22:00:00+00:00,10031.012621247003175
2024-05-31T23:00:00+00:00,10031.012621247003175
2024-06-01T00:00:00+00:00,10031.012621247003175
2024-06-01T01:00:00+00:00,10031.012621247003175
2024-06-01T02:00:00+00:00,10031.012621247003175
2024-06-01T03:00:00+00:00,10031.012621247003175
2024-06-01T04:00:00+00:00,10031.012621247003175
2024-06-01T05:00:00+00:00,10031.012621247003175
2024-06-01T06:00:00+00:00,10031.012621247003175
2024-06-01T07:00:00+00:00,10031.012621247003175
2024-06-01T08:00:00+00:00,10031.012621247003175
2024-06-01T09:00:00+00:00,10031.012621247003175
2024-06-01T10:00:00+00:00,10031.012621247003175
2024-06-01T11:00:00+00:00,10031.012621247003175
2024-06-01T12:00:00+00:00,10031.012621247003175
2024-06-01T13:00:00+00:00,10031.012621247003175
2024-06-01T14:00:00+00:00,10031.012621247003175
2024-06-01T15:00:00+00:00,10031.012621247003175
2024-06-01T16:00:00+00:00,10031.012621247003175
2024-06-01T17:00:00+00:00,10031.012621247003175
2024-06-01T18:00:00+00:00,10031.012621247003175
2024-06-01T19:00:00+00:00,10031.012621247003175
2024-06-01T20:00:00+00:00,10031.012621247003175
2024-06-01T21:00:00+00:00,10031.012621247003175
2024-06-01T22:00:00+00:00,10031.012621247003175
2024-06-01T23:00:00+00:00,10031.012621247003175
2024-06-02T00:00:00+00:00,10031.012621247003175
2024-06-02T01:00:00+00:00,10031.012621247003175
2024-06-02T02:00:00+00:00,10031.012621247003175
2024-06-02T03:00:00+00:00,10031.012621247003175
2024-06-02T04:00:00+00:00,10031.012621247003175
2024-06-02T05:00:00+00:00,10031.012621247003175
2024-06-02T06:00:00+00:00,10031.012621247003175
2024-06-02T07:00:00+00:00,10031.012621247003175
2024-06-02T08:00:00+00:00,10031.012621247003175
2024-06-02T09:00:00+00:00,10031.012621247003175
2024-06-02T10:00:00+00:00,10031.012621247003175
2024-06-02T11:00:00+00:00,10031.012621247003175
2024-06-02T12:00:00+00:00,10031.012621247003175
2024-06-02T13:00:00+00:00,10031.012621247003175
2024-06-02T14:00:00+00:00,10031.012621247003175
2024-06-02T15:00:00+00:00,10031.012621247003175
2024-06-02T16:00:00+00:00,10031.012621247003175
2024-06-02T17:00:00+00:00,10031.012621247003175
2024-06-02T18:00:00+00:00,10031.012621247003175
2024-06-02T19:00:00+00:00,10031.012621247003175
2024-06-02T20:00:00+00:00,10031.012621247003175
2024-06-02T21:00:00+00:00,10031.012621247003175
2024-06-02T22:00:00+00:00,10031.012621247003175
2024-06-02T23:00:00+00:00,10031.012621247003175
2024-06-03T00:00:00+00:00,10031.012621247003175
2024-06-03T01:00:00+00:00,10031.012621247003175
2024-06-03T02:00:00+00:00,10031.012621247003175
2024-06-03T03:00:00+00:00,10031.012621247003175
2024-06-03T04:00:00+00:00,10031.048672545210775
2024-06-03T05:00:00+00:00,10031.327212545210775
2024-06-03T06:00:00+00:00,10031.824098585210775
2024-06-03T07:00:00+00:00,10031.630234745210775
2024-06-03T08:00:00+00:00,10031.975990845210775
2024-06-03T09:00:00+00:00,10031.788826625210775
2024-06-03T10:00:00+00:00,10031.632125885210775
2024-06-03T11:00:00+00:00,10031.884292545210775
2024-06-03T12:00:00+00:00,10032.860985725210775
2024-06-03T13:00:00+00:00,10032.932980985210775
2024-06-03T14:00:00+00:00,10031.438643205210775
2024-06-03T15:00:00+00:00,10032.669013025210775
2024-06-03T16:00:00+00:00,10031.884321865210775
2024-06-03T17:00:00+00:00,10032.161322565210775
2024-06-03T18:00:00+00:00,10032.189821605210775
2024-06-03T19:00:00+00:00,10032.066076545210775
2024-06-03T20:00:00+00:00,10031.915489025210775
2024-06-03T21:00:00+00:00,10031.886007765210775
2024-06-03T22:00:00+00:00,10031.829332205210775
2024-06-03T23:00:00+00:00,10031.488325945210775
2024-06-04T00:00:00+00:00,10031.769079605210775
2024-06-04T01:00:00+00:00,10032.082788945210775
2024-06-04T02:00:00+00:00,10031.971622165210775
2024-06-04T03:00:00+00:00,10032.016555065210775
2024-06-04T04:00:00+00:00,10031.856761065210775
2024-06-04T05:00:00+00:00,10031.702523205210775
2024-06-04T06:00:00+00:00,10031.628372925210775
2024-06-04T07:00:00+00:00,10031.786994125210775
2024-06-04T08:00:00+00:00,10031.527380185210775
2024-06-04T09:00:00+00:00,10031.353483265210775
2024-06-04T10:00:00+00:00,10031.606720105210775
2024-06-04T11:00:00+00:00,10031.702288645210775
2024-06-04T12:00:00+00:00,10031.688669505210775
2024-06-04T13:00:00+00:00,10032.541045885210775
2024-06-04T14:00:00+00:00,10032.722096885210775
2024-06-04T15:00:00+00:00,10033.885382545210775
2024-06-04T16:00:00+00:00,10034.405812545210775
2024-06-04T17:00:00+00:00,10034.059836545210775
2024-06-04T18:00:00+00:00,10034.249932765210775
2024-06-04T19:00:00+00:00,10033.854010145210775
2024-06-04T20:00:00+00:00,10033.823356085210775
2024-06-04T21:00:00+00:00,10034.141932545210775
2024-06-04T22:00:00+00:00,10034.055878345210775
2024-06-04T23:00:00+00:00,10034.021485985210775
2024-06-05T00:00:00+00:00,10034.370628545210775
2024-06-05T01:00:00+00:00,10034.678928345210775
2024-06-05T02:00:00+00:00,10034.461461905210775
2024-06-05T03:00:00+00:00,10034.622164825210775
2024-06-05T04:00:00+00:00,10034.946077525210775
2024-06-05T05:00:00+00:00,10034.698997885210775
2024-06-05T06:00:00+00:00,10034.873539845210775
2024-06-05T07:00:00+00:00,10034.992212545210775
2024-06-05T08:00:00+00:00,10034.592830165210775
2024-06-05T09:00:00+00:00,10034.543895085210775
2024-06-05T10:00:00+00:00,10034.406296325210775
2024-06-05T11:00:00+00:00,10034.657539405210775
2024-06-05T12:00:00+00:00,10034.611067205210775
2024-06-05T13:00:00+00:00,10034.304218745210775
2024-06-05T14:00:00+00:00,10034.505485885210775
2024-06-05T15:00:00+00:00,10035.549292545210775
2024-06-05T16:00:00+00:00,10035.157533365210775
2024-06-05T17:00:00+00:00,10035.621097225210775
2024-06-05T18:00:00+00:00,10034.840936005210775
2024-06-05T19:00:00+00:00,10035.109419245210775
2024-06-05T20:00:00+00:00,10034.986377865210775
2024-06-05T21:00:00+00:00,10034.901936265210775
2024-06-05T22:00:00+00:00,10034.911377305210775
2024-06-05T23:00:00+00:00,10034.857340545210775
2024-06-06T00:00:00+00:00,10034.725488505210775
2024-06-06T01:00:00+00:00,10034.880796545210775
2024-06-06T02:00:00+00:00,10034.933572545210775
2024-06-06T03:00:00+00:00,10034.772312545210775
2024-06-06T04:00:00+00:00,10034.778938865210775
2024-06-06T05:00:00+00:00,10034.545742245210775
2024-06-06T06:00:00+00:00,10034.534805885210775
2024-06-06T07:00:00+00:00,10034.730487565210775
2024-06-06T08:00:00+00:00,10034.558291205210775
2024-06-06T09:00:00+00:00,10034.668050625210775
2024-06-06T10:00:00+00:00,10034.681420545210775
2024-06-06T11:00:00+00:00,10034.948247205210775
2024-06-06T12:00:00+00:00,10034.973403765210775
2024-06-06T13:00:00+00:00,10034.879462485210775
2024-06-06T14:00:00+00:00,10035.380072165210775
2024-06-06T15:00:00+00:00,10035.138812545210775
2024-06-06T16:00:00+00:00,10034.624173245210775
2024-06-06T17:00:00+00:00,10034.843135005210775
2024-06-06T18:00:00+00:00,10034.808962545210775
2024-06-06T19:00:00+00:00,10033.935944885210775
2024-06-06T20:00:00+00:00,10034.288547205210775
2024-06-06T21:00:00+00:00,10034.318600205210775
2024-06-06T22:00:00+00:00,10034.553893205210775
2024-06-06T23:00:00+00:00,10034.404434505210775
2024-06-07T00:00:00+00:00,10034.527563845210775
2024-06-07T01:00:00+00:00,10034.464467205210775
2024-06-07T02:00:00+00:00,10034.441113825210775
2024-06-07T03:00:00+00:00,10034.683883425210775
2024-06-07T04:00:00+00:00,10035.031090865210775
2024-06-07T05:00:00+00:00,10035.125032145210775
2024-06-07T06:00:00+00:00,10035.088528745210775
2024-06-07T07:00:00+00:00,10034.860272545210775
2024-06-07T08:00:00+00:00,10034.870827745210775
2024-06-07T09:00:00+00:00,10035.141847165210775
2024-06-07T10:00:00+00:00,10035.252251625210775
2024-06-07T11:00:00+00:00,10035.725197885210775
2024-06-07T12:00:00+00:00,10035.042188485210775
2024-06-07T13:00:00+00:00,10035.482736145210775
2024-06-07T14:00:00+00:00,10035.330770585210775
2024-06-07T15:00:00+00:00,10034.862530185210775
2024-06-07T16:00:00+00:00,10034.513519565210775
2024-06-07T17:00:00+00:00,10032.945075485210775
2024-06-07T18:00:00+00:00,10031.993406925210775
2024-06-07T19:00:00+00:00,10032.140842545210775
2024-06-07T20:00:00+00:00,10032.218525885210775
2024-06-07T21:00:00+00:00,10032.133527205210775
2024-06-07T22:00:00+00:00,10032.498546545210775
2024-06-07T23:00:00+00:00,10032.345769186977775
2024-06-08T00:00:00+00:00,10032.345769186977775
2024-06-08T01:00:00+00:00,10032.345769186977775
2024-06-08T02:00:00+00:00,10032.345769186977775
2024-06-08T03:00:00+00:00,10032.345769186977775
2024-06-08T04:00:00+00:00,10032.345769186977775
2024-06-08T05:00:00+00:00,10032.345769186977775
2024-06-08T06:00:00+00:00,10032.345769186977775
2024-06-08T07:00:00+00:00,10032.345769186977775
2024-06-08T08:00:00+00:00,10032.345769186977775
2024-06-08T09:00:00+00:00,10032.345769186977775
2024-06-08T10:00:00+00:00,10032.345769186977775
2024-06-08T11:00:00+00:00,10032.345769186977775
2024-06-08T12:00:00+00:00,10032.345769186977775
2024-06-08T13:00:00+00:00,10032.345769186977775
2024-06-08T14:00:00+00:00,10032.345769186977775
2024-06-08T15:00:00+00:00,10032.345769186977775
2024-06-08T16:00:00+00:00,10032.345769186977775
2024-06-08T17:00:00+00:00,10032.345769186977775
2024-06-08T18:00:00+00:00,10032.345769186977775
2024-06-08T19:00:00+00:00,10032.345769186977775
2024-06-08T20:00:00+00:00,10032.345769186977775
2024-06-08T21:00:00+00:00,10032.345769186977775
2024-06-08T22:00:00+00:00,10032.345769186977775
2024-06-08T23:00:00+00:00,10032.345769186977775
2024-06-09T00:00:00+00:00,10032.345769186977775
2024-06-09T01:00:00+00:00,10032.345769186977775
2024-06-09T02:00:00+00:00,10032.345769186977775
2024-06-09T03:00:00+00:00,10032.345769186977775
2024-06-09T04:00:00+00:00,10032.345769186977775
2024-06-09T05:00:00+00:00,10032.345769186977775
2024-06-09T06:00:00+00:00,10032.345769186977775
2024-06-09T07:00:00+00:00,10032.345769186977775
2024-06-09T08:00:00+00:00,10032.345769186977775
2024-06-09T09:00:00+00:00,10032.345769186977775
2024-06-09T10:00:00+00:00,10032.345769186977775
2024-06-09T11:00:00+00:00,10032.345769186977775
2024-06-09T12:00:00+00:00,10032.345769186977775
2024-06-09T13:00:00+00:00,10032.345769186977775
2024-06-09T14:00:00+00:00,10032.345769186977775
2024-06-09T15:00:00+00:00,10032.345769186977775
2024-06-09T16:00:00+00:00,10032.345769186977775
2024-06-09T17:00:00+00:00,10032.345769186977775
2024-06-09T18:00:00+00:00,10032.345769186977775
2024-06-09T19:00:00+00:00,10032.345769186977775
2024-06-09T20:00:00+00:00,10032.345769186977775
2024-06-09T21:00:00+00:00,10032.345769186977775
2024-06-09T22:00:00+00:00,10032.345769186977775
2024-06-09T23:00:00+00:00,10032.345769186977775
2024-06-10T00:00:00+00:00,10032.345769186977775
2024-06-10T01:00:00+00:00,10032.345769186977775
2024-06-10T02:00:00+00:00,10032.345769186977775
2024-06-10T03:00:00+00:00,10032.345769186977775
2024-06-10T04:00:00+00:00,10032.345769186977775
2024-06-10T05:00:00+00:00,10032.345769186977775
2024-06-10T06:00:00+00:00,10032.345769186977775
2024-06-10T07:00:00+00:00,10032.345769186977775
2024-06-10T08:00:00+00:00,10032.345769186977775
2024-06-10T09:00:00+00:00,10032.345769186977775
2024-06-10T10:00:00+00:00,10032.345769186977775
2024-06-10T11:00:00+00:00,10032.345769186977775
2024-06-10T12:00:00+00:00,10032.345769186977775
2024-06-10T13:00:00+00:00,10032.345769186977775
2024-06-10T14:00:00+00:00,10032.345769186977775
2024-06-10T15:00:00+00:00,10032.345769186977775
2024-06-10T16:00:00+00:00,10032.345769186977775
2024-06-10T17:00:00+00:00,10032.345769186977775
2024-06-10T18:00:00+00:00,10032.345769186977775
2024-06-10T19:00:00+00:00,10032.345769186977775
2024-06-10T20:00:00+00:00,10032.345769186977775
2024-06-10T21:00:00+00:00,10032.345769186977775
2024-06-10T22:00:00+00:00,10032.345769186977775
2024-06-10T23:00:00+00:00,10032.345769186977775
2024-06-11T00:00:00+00:00,10032.345769186977775
2024-06-11T01:00:00+00:00,10032.345769186977775
2024-06-11T02:00:00+00:00,10032.345769186977775
2024-06-11T03:00:00+00:00,10032.345769186977775
2024-06-11T04:00:00+00:00,10032.345769186977775
2024-06-11T05:00:00+00:00,10032.345769186977775
2024-06-11T06:00:00+00:00,10032.345769186977775
2024-06-11T07:00:00+00:00,10032.345769186977775
2024-06-11T08:00:00+00:00,10032.345769186977775
2024-06-11T09:00:00+00:00,10032.345769186977775
2024-06-11T10:00:00+00:00,10032.345769186977775
2024-06-11T11:00:00+00:00,10032.345769186977775
2024-06-11T12:00:00+00:00,10032.345769186977775
2024-06-11T13:00:00+00:00,10032.345769186977775
2024-06-11T14:00:00+00:00,10032.345769186977775
2024-06-11T15:00:00+00:00,10032.345769186977775
2024-06-11T16:00:00+00:00,10032.345769186977775
2024-06-11T17:00:00+00:00,10032.345769186977775
2024-06-11T18:00:00+00:00,10032.345769186977775
2024-06-11T19:00:00+00:00,10032.345769186977775
2024-06-11T20:00:00+00:00,10032.345769186977775
2024-06-11T21:00:00+00:00,10032.345769186977775
2024-06-11T22:00:00+00:00,10032.345769186977775
2024-06-11T23:00:00+00:00,10032.345769186977775
2024-06-12T00:00:00+00:00,10032.345769186977775
2024-06-12T01:00:00+00:00,10032.345769186977775
2024-06-12T02:00:00+00:00,10032.345769186977775
2024-06-12T03:00:00+00:00,10032.345769186977775
2024-06-12T04:00:00+00:00,10032.345769186977775
2024-06-12T05:00:00+00:00,10032.345769186977775
2024-06-12T06:00:00+00:00,10032.345769186977775
2024-06-12T07:00:00+00:00,10032.345769186977775
2024-06-12T08:00:00+00:00,10032.345769186977775
2024-06-12T09:00:00+00:00,10032.345769186977775
2024-06-12T10:00:00+00:00,10032.345769186977775
2024-06-12T11:00:00+00:00,10032.345769186977775
2024-06-12T12:00:00+00:00,10032.345769186977775
2024-06-12T13:00:00+00:00,10032.345769186977775
2024-06-12T14:00:00+00:00,10032.345769186977775
2024-06-12T15:00:00+00:00,10032.345769186977775
2024-06-12T16:00:00+00:00,10032.345769186977775
2024-06-12T17:00:00+00:00,10032.345769186977775
2024-06-12T18:00:00+00:00,10032.345769186977775
2024-06-12T19:00:00+00:00,10032.345769186977775
2024-06-12T20:00:00+00:00,10032.345769186977775
2024-06-12T21:00:00+00:00,10032.345769186977775
2024-06-12T22:00:00+00:00,10032.345769186977775
2024-06-12T23:00:00+00:00,10032.345769186977775
2024-06-13T00:00:00+00:00,10032.345769186977775
2024-06-13T01:00:00+00:00,10032.345769186977775
2024-06-13T02:00:00+00:00,10032.345769186977775
2024-06-13T03:00:00+00:00,10032.345769186977775
2024-06-13T04:00:00+00:00,10032.345769186977775
2024-06-13T05:00:00+00:00,10032.345769186977775
2024-06-13T06:00:00+00:00,10032.345769186977775
2024-06-13T07:00:00+00:00,10032.345769186977775
2024-06-13T08:00:00+00:00,10032.345769186977775
2024-06-13T09:00:00+00:00,10032.345769186977775
2024-06-13T10:00:00+00:00,10032.345769186977775
2024-06-13T11:00:00+00:00,10032.345769186977775
2024-06-13T12:00:00+00:00,10032.345769186977775
2024-06-13T13:00:00+00:00,10032.345769186977775
2024-06-13T14:00:00+00:00,10032.345769186977775
2024-06-13T15:00:00+00:00,10032.345769186977775
2024-06-13T16:00:00+00:00,10032.345769186977775
2024-06-13T17:00:00+00:00,10032.345769186977775
2024-06-13T18:00:00+00:00,10032.345769186977775
2024-06-13T19:00:00+00:00,10032.345769186977775
2024-06-13T20:00:00+00:00,10032.345769186977775
2024-06-13T21:00:00+00:00,10032.345769186977775
2024-06-13T22:00:00+00:00,10032.345769186977775
2024-06-13T23:00:00+00:00,10032.345769186977775
2024-06-14T00:00:00+00:00,10032.345769186977775
2024-06-14T01:00:00+00:00,10032.345769186977775
2024-06-14T02:00:00+00:00,10032.345769186977775
2024-06-14T03:00:00+00:00,10032.345769186977775
2024-06-14T04:00:00+00:00,10032.345769186977775
2024-06-14T05:00:00+00:00,10032.345769186977775
2024-06-14T06:00:00+00:00,10032.345769186977775
2024-06-14T07:00:00+00:00,10032.345769186977775
2024-06-14T08:00:00+00:00,10032.345769186977775
2024-06-14T09:00:00+00:00,10032.345769186977775
2024-06-14T10:00:00+00:00,10032.345769186977775
2024-06-14T11:00:00+00:00,10032.345769186977775
2024-06-14T12:00:00+00:00,10032.345769186977775
2024-06-14T13:00:00+00:00,10032.345769186977775
2024-06-14T14:00:00+00:00,10032.345769186977775
2024-06-14T15:00:00+00:00,10032.345769186977775
2024-06-14T16:00:00+00:00,10032.345769186977775
2024-06-14T17:00:00+00:00,10032.345769186977775
2024-06-14T18:00:00+00:00,10032.345769186977775
2024-06-14T19:00:00+00:00,10032.345769186977775
2024-06-14T20:00:00+00:00,10032.345769186977775
2024-06-14T21:00:00+00:00,10032.345769186977775
2024-06-14T22:00:00+00:00,10032.345769186977775
2024-06-14T23:00:00+00:00,10032.345769186977775
2024-06-15T00:00:00+00:00,10032.345769186977775
2024-06-15T01:00:00+00:00,10032.345769186977775
2024-06-15T02:00:00+00:00,10032.345769186977775
2024-06-15T03:00:00+00:00,10032.345769186977775
2024-06-15T04:00:00+00:00,10032.345769186977775
2024-06-15T05:00:00+00:00,10032.345769186977775
2024-06-15T06:00:00+00:00,10032.345769186977775
2024-06-15T07:00:00+00:00,10032.345769186977775
2024-06-15T08:00:00+00:00,10032.345769186977775
2024-06-15T09:00:00+00:00,10032.345769186977775
2024-06-15T10:00:00+00:00,10032.345769186977775
2024-06-15T11:00:00+00:00,10032.345769186977775
2024-06-15T12:00:00+00:00,10032.345769186977775
2024-06-15T13:00:00+00:00,10032.345769186977775
2024-06-15T14:00:00+00:00,10032.345769186977775
2024-06-15T15:00:00+00:00,10032.345769186977775
2024-06-15T16:00:00+00:00,10032.345769186977775
2024-06-15T17:00:00+00:00,10032.345769186977775
2024-06-15T18:00:00+00:00,10032.345769186977775
2024-06-15T19:00:00+00:00,10032.345769186977775
2024-06-15T20:00:00+00:00,10032.345769186977775
2024-06-15T21:00:00+00:00,10032.345769186977775
2024-06-15T22:00:00+00:00,10032.345769186977775
2024-06-15T23:00:00+00:00,10032.345769186977775
2024-06-16T00:00:00+00:00,10032.345769186977775
2024-06-16T01:00:00+00:00,10032.345769186977775
2024-06-16T02:00:00+00:00,10032.345769186977775
2024-06-16T03:00:00+00:00,10032.345769186977775
2024-06-16T04:00:00+00:00,10032.345769186977775
2024-06-16T05:00:00+00:00,10032.345769186977775
2024-06-16T06:00:00+00:00,10032.345769186977775
2024-06-16T07:00:00+00:00,10032.345769186977775
2024-06-16T08:00:00+00:00,10032.345769186977775
2024-06-16T09:00:00+00:00,10032.345769186977775
2024-06-16T10:00:00+00:00,10032.345769186977775
2024-06-16T11:00:00+00:00,10032.345769186977775
2024-06-16T12:00:00+00:00,10032.345769186977775
2024-06-16T13:00:00+00:00,10032.345769186977775
2024-06-16T14:00:00+00:00,10032.345769186977775
2024-06-16T15:00:00+00:00,10032.345769186977775
2024-06-16T16:00:00+00:00,10032.345769186977775
2024-06-16T17:00:00+00:00,10032.345769186977775
2024-06-16T18:00:00+00:00,10032.345769186977775
2024-06-16T19:00:00+00:00,10032.345769186977775
2024-06-16T20:00:00+00:00,10032.345769186977775
2024-06-16T21:00:00+00:00,10032.345769186977775
2024-06-16T22:00:00+00:00,10032.345769186977775
2024-06-16T23:00:00+00:00,10032.345769186977775
2024-06-17T00:00:00+00:00,10032.345769186977775
2024-06-17T01:00:00+00:00,10032.345769186977775
2024-06-17T02:00:00+00:00,10032.345769186977775
2024-06-17T03:00:00+00:00,10032.345769186977775
2024-06-17T04:00:00+00:00,10032.345769186977775
2024-06-17T05:00:00+00:00,10032.345769186977775
2024-06-17T06:00:00+00:00,10032.345769186977775
2024-06-17T07:00:00+00:00,10032.345769186977775
2024-06-17T08:00:00+00:00,10032.345769186977775
2024-06-17T09:00:00+00:00,10032.345769186977775
2024-06-17T10:00:00+00:00,10032.345769186977775
2024-06-17T11:00:00+00:00,10032.345769186977775
2024-06-17T12:00:00+00:00,10032.345769186977775
2024-06-17T13:00:00+00:00,10032.345769186977775
2024-06-17T14:00:00+00:00,10032.345769186977775
2024-06-17T15:00:00+00:00,10032.345769186977775
2024-06-17T16:00:00+00:00,10032.345769186977775
2024-06-17T17:00:00+00:00,10032.345769186977775
2024-06-17T18:00:00+00:00,10032.345769186977775
2024-06-17T19:00:00+00:00,10032.345769186977775
2024-06-17T20:00:00+00:00,10032.345769186977775
2024-06-17T21:00:00+00:00,10032.345769186977775
2024-06-17T22:00:00+00:00,10032.345769186977775
2024-06-17T23:00:00+00:00,10032.345769186977775
2024-06-18T00:00:00+00:00,10032.345769186977775
2024-06-18T01:00:00+00:00,10032.345769186977775
2024-06-18T02:00:00+00:00,10032.345769186977775
2024-06-18T03:00:00+00:00,10032.345769186977775
2024-06-18T04:00:00+00:00,10032.345769186977775
2024-06-18T05:00:00+00:00,10032.345769186977775
2024-06-18T06:00:00+00:00,10032.345769186977775
2024-06-18T07:00:00+00:00,10032.345769186977775
2024-06-18T08:00:00+00:00,10032.345769186977775
2024-06-18T09:00:00+00:00,10032.345769186977775
2024-06-18T10:00:00+00:00,10032.345769186977775
2024-06-18T11:00:00+00:00,10032.345769186977775
2024-06-18T12:00:00+00:00,10032.345769186977775
2024-06-18T13:00:00+00:00,10032.345769186977775
2024-06-18T14:00:00+00:00,10032.345769186977775
2024-06-18T15:00:00+00:00,10032.345769186977775
2024-06-18T16:00:00+00:00,10032.345769186977775
2024-06-18T17:00:00+00:00,10032.345769186977775
2024-06-18T18:00:00+00:00,10032.345769186977775
2024-06-18T19:00:00+00:00,10032.345769186977775
2024-06-18T20:00:00+00:00,10032.345769186977775
2024-06-18T21:00:00+00:00,10032.345769186977775
2024-06-18T22:00:00+00:00,10032.345769186977775
2024-06-18T23:00:00+00:00,10032.345769186977775
2024-06-19T00:00:00+00:00,10032.345769186977775
2024-06-19T01:00:00+00:00,10032.345769186977775
2024-06-19T02:00:00+00:00,10032.345769186977775
2024-06-19T03:00:00+00:00,10032.345769186977775
2024-06-19T04:00:00+00:00,10032.345769186977775
2024-06-19T05:00:00+00:00,10032.345769186977775
2024-06-19T06:00:00+00:00,10032.345769186977775
2024-06-19T07:00:00+00:00,10032.345769186977775
2024-06-19T08:00:00+00:00,10032.345769186977775
2024-06-19T09:00:00+00:00,10032.345769186977775
2024-06-19T10:00:00+00:00,10032.345769186977775
2024-06-19T11:00:00+00:00,10032.345769186977775
2024-06-19T12:00:00+00:00,10032.345769186977775
2024-06-19T13:00:00+00:00,10032.345769186977775
2024-06-19T14:00:00+00:00,10032.345769186977775
2024-06-19T15:00:00+00:00,10032.345769186977775
2024-06-19T16:00:00+00:00,10032.345769186977775
2024-06-19T17:00:00+00:00,10032.345769186977775
2024-06-19T18:00:00+00:00,10032.345769186977775
2024-06-19T19:00:00+00:00,10032.345769186977775
2024-06-19T20:00:00+00:00,10032.345769186977775
2024-06-19T21:00:00+00:00,10032.345769186977775
2024-06-19T22:00:00+00:00,10032.345769186977775
2024-06-19T23:00:00+00:00,10032.345769186977775
2024-06-20T00:00:00+00:00,10032.345769186977775
2024-06-20T01:00:00+00:00,10032.345769186977775
2024-06-20T02:00:00+00:00,10032.345769186977775
2024-06-20T03:00:00+00:00,10032.345769186977775
2024-06-20T04:00:00+00:00,10032.345769186977775
2024-06-20T05:00:00+00:00,10032.345769186977775
2024-06-20T06:00:00+00:00,10032.345769186977775
2024-06-20T07:00:00+00:00,10032.345769186977775
2024-06-20T08:00:00+00:00,10032.345769186977775
2024-06-20T09:00:00+00:00,10032.345769186977775
2024-06-20T10:00:00+00:00,10032.345769186977775
2024-06-20T11:00:00+00:00,10032.345769186977775
2024-06-20T12:00:00+00:00,10032.345769186977775
2024-06-20T13:00:00+00:00,10032.345769186977775
2024-06-20T14:00:00+00:00,10032.345769186977775
2024-06-20T15:00:00+00:00,10032.345769186977775
2024-06-20T16:00:00+00:00,10032.345769186977775
2024-06-20T17:00:00+00:00,10032.345769186977775
2024-06-20T18:00:00+00:00,10032.345769186977775
2024-06-20T19:00:00+00:00,10032.345769186977775
2024-06-20T20:00:00+00:00,10032.345769186977775
2024-06-20T21:00:00+00:00,10032.345769186977775
2024-06-20T22:00:00+00:00,10032.345769186977775
2024-06-20T23:00:00+00:00,10032.345769186977775
2024-06-21T00:00:00+00:00,10032.345769186977775
2024-06-21T01:00:00+00:00,10032.345769186977775
2024-06-21T02:00:00+00:00,10032.345769186977775
2024-06-21T03:00:00+00:00,10032.345769186977775
2024-06-21T04:00:00+00:00,10032.345769186977775
2024-06-21T05:00:00+00:00,10032.345769186977775
2024-06-21T06:00:00+00:00,10032.345769186977775
2024-06-21T07:00:00+00:00,10032.345769186977775
2024-06-21T08:00:00+00:00,10032.345769186977775
2024-06-21T09:00:00+00:00,10032.345769186977775
2024-06-21T10:00:00+00:00,10032.345769186977775
2024-06-21T11:00:00+00:00,10032.345769186977775
2024-06-21T12:00:00+00:00,10032.345769186977775
2024-06-21T13:00:00+00:00,10032.345769186977775
2024-06-21T14:00:00+00:00,10032.345769186977775
2024-06-21T15:00:00+00:00,10032.345769186977775
2024-06-21T16:00:00+00:00,10032.345769186977775
2024-06-21T17:00:00+00:00,10032.345769186977775
2024-06-21T18:00:00+00:00,10032.345769186977775
2024-06-21T19:00:00+00:00,10032.345769186977775
2024-06-21T20:00:00+00:00,10032.345769186977775
2024-06-21T21:00:00+00:00,10032.345769186977775
2024-06-21T22:00:00+00:00,10032.345769186977775
2024-06-21T23:00:00+00:00,10032.345769186977775
2024-06-22T00:00:00+00:00,10032.345769186977775
2024-06-22T01:00:00+00:00,10032.345769186977775
2024-06-22T02:00:00+00:00,10032.345769186977775
2024-06-22T03:00:00+00:00,10032.345769186977775
2024-06-22T04:00:00+00:00,10032.345769186977775
2024-06-22T05:00:00+00:00,10032.345769186977775
2024-06-22T06:00:00+00:00,10032.345769186977775
2024-06-22T07:00:00+00:00,10032.345769186977775
2024-06-22T08:00:00+00:00,10032.345769186977775
2024-06-22T09:00:00+00:00,10032.345769186977775
2024-06-22T10:00:00+00:00,10032.345769186977775
2024-06-22T11:00:00+00:00,10032.345769186977775
2024-06-22T12:00:00+00:00,10032.345769186977775
2024-06-22T13:00:00+00:00,10032.345769186977775
2024-06-22T14:00:00+00:00,10032.345769186977775
2024-06-22T15:00:00+00:00,10032.345769186977775
2024-06-22T16:00:00+00:00,10032.345769186977775
2024-06-22T17:00:00+00:00,10032.345769186977775
2024-06-22T18:00:00+00:00,10032.345769186977775
2024-06-22T19:00:00+00:00,10032.345769186977775
2024-06-22T20:00:00+00:00,10032.345769186977775
2024-06-22T21:00:00+00:00,10032.345769186977775
2024-06-22T22:00:00+00:00,10032.345769186977775
2024-06-22T23:00:00+00:00,10032.345769186977775
2024-06-23T00:00:00+00:00,10032.345769186977775
2024-06-23T01:00:00+00:00,10032.345769186977775
2024-06-23T02:00:00+00:00,10032.345769186977775
2024-06-23T03:00:00+00:00,10032.345769186977775
2024-06-23T04:00:00+00:00,10032.345769186977775
2024-06-23T05:00:00+00:00,10032.345769186977775
2024-06-23T06:00:00+00:00,10032.345769186977775
2024-06-23T07:00:00+00:00,10032.345769186977775
2024-06-23T08:00:00+00:00,10032.345769186977775
2024-06-23T09:00:00+00:00,10032.345769186977775
2024-06-23T10:00:00+00:00,10032.345769186977775
2024-06-23T11:00:00+00:00,10032.345769186977775
2024-06-23T12:00:00+00:00,10032.345769186977775
2024-06-23T13:00:00+00:00,10032.345769186977775
2024-06-23T14:00:00+00:00,10032.345769186977775
2024-06-23T15:00:00+00:00,10032.345769186977775
2024-06-23T16:00:00+00:00,10032.345769186977775
2024-06-23T17:00:00+00:00,10032.345769186977775
2024-06-23T18:00:00+00:00,10032.345769186977775
2024-06-23T19:00:00+00:00,10032.345769186977775
2024-06-23T20:00:00+00:00,10032.345769186977775
2024-06-23T21:00:00+00:00,10032.345769186977775
2024-06-23T22:00:00+00:00,10032.345769186977775
2024-06-23T23:00:00+00:00,10032.345769186977775
2024-06-24T00:00:00+00:00,10032.345769186977775
2024-06-24T01:00:00+00:00,10032.345769186977775
2024-06-24T02:00:00+00:00,10032.345769186977775
2024-06-24T03:00:00+00:00,10032.345769186977775
2024-06-24T04:00:00+00:00,10032.345769186977775
2024-06-24T05:00:00+00:00,10032.345769186977775
2024-06-24T06:00:00+00:00,10032.345769186977775
2024-06-24T07:00:00+00:00,10032.345769186977775
2024-06-24T08:00:00+00:00,10032.345769186977775
2024-06-24T09:00:00+00:00,10032.345769186977775
2024-06-24T10:00:00+00:00,10032.345769186977775
2024-06-24T11:00:00+00:00,10032.345769186977775
2024-06-24T12:00:00+00:00,10032.345769186977775
2024-06-24T13:00:00+00:00,10032.345769186977775
2024-06-24T14:00:00+00:00,10032.345769186977775
2024-06-24T15:00:00+00:00,10032.345769186977775
2024-06-24T16:00:00+00:00,10032.345769186977775
2024-06-24T17:00:00+00:00,10032.345769186977775
2024-06-24T18:00:00+00:00,10032.345769186977775
2024-06-24T19:00:00+00:00,10032.345769186977775
2024-06-24T20:00:00+00:00,10032.345769186977775
2024-06-24T21:00:00+00:00,10032.345769186977775
2024-06-24T22:00:00+00:00,10032.345769186977775
2024-06-24T23:00:00+00:00,10032.345769186977775
2024-06-25T00:00:00+00:00,10032.345769186977775
2024-06-25T01:00:00+00:00,10032.345769186977775
2024-06-25T02:00:00+00:00,10032.345769186977775
2024-06-25T03:00:00+00:00,10032.345769186977775
2024-06-25T04:00:00+00:00,10032.345769186977775
2024-06-25T05:00:00+00:00,10032.345769186977775
2024-06-25T06:00:00+00:00,10032.345769186977775
2024-06-25T07:00:00+00:00,10032.345769186977775
2024-06-25T08:00:00+00:00,10032.345769186977775
2024-06-25T09:00:00+00:00,10032.345769186977775
2024-06-25T10:00:00+00:00,10032.345769186977775
2024-06-25T11:00:00+00:00,10032.345769186977775
2024-06-25T12:00:00+00:00,10032.345769186977775
2024-06-25T13:00:00+00:00,10032.345769186977775
2024-06-25T14:00:00+00:00,10032.345769186977775
2024-06-25T15:00:00+00:00,10032.345769186977775
2024-06-25T16:00:00+00:00,10032.345769186977775
2024-06-25T17:00:00+00:00,10032.345769186977775
2024-06-25T18:00:00+00:00,10032.345769186977775
2024-06-25T19:00:00+00:00,10032.345769186977775
2024-06-25T20:00:00+00:00,10032.345769186977775
2024-06-25T21:00:00+00:00,10032.345769186977775
2024-06-25T22:00:00+00:00,10032.345769186977775
2024-06-25T23:00:00+00:00,10032.345769186977775
2024-06-26T00:00:00+00:00,10032.345769186977775
2024-06-26T01:00:00+00:00,10032.345769186977775
2024-06-26T02:00:00+00:00,10032.345769186977775
2024-06-26T03:00:00+00:00,10032.345769186977775
2024-06-26T04:00:00+00:00,10032.345769186977775
2024-06-26T05:00:00+00:00,10032.345769186977775
2024-06-26T06:00:00+00:00,10032.345769186977775
2024-06-26T07:00:00+00:00,10032.345769186977775
2024-06-26T08:00:00+00:00,10032.345769186977775
2024-06-26T09:00:00+00:00,10032.345769186977775
2024-06-26T10:00:00+00:00,10032.345769186977775
2024-06-26T11:00:00+00:00,10032.345769186977775
2024-06-26T12:00:00+00:00,10032.345769186977775
2024-06-26T13:00:00+00:00,10032.345769186977775
2024-06-26T14:00:00+00:00,10032.345769186977775
2024-06-26T15:00:00+00:00,10032.345769186977775
2024-06-26T16:00:00+00:00,10032.345769186977775
2024-06-26T17:00:00+00:00,10032.345769186977775
2024-06-26T18:00:00+00:00,10032.345769186977775
2024-06-26T19:00:00+00:00,10032.345769186977775
2024-06-26T20:00:00+00:00,10032.345769186977775
2024-06-26T21:00:00+00:00,10032.345769186977775
2024-06-26T22:00:00+00:00,10032.345769186977775
2024-06-26T23:00:00+00:00,10032.345769186977775
2024-06-27T00:00:00+00:00,10032.345769186977775
2024-06-27T01:00:00+00:00,10032.345769186977775
2024-06-27T02:00:00+00:00,10032.345769186977775
2024-06-27T03:00:00+00:00,10032.345769186977775
2024-06-27T04:00:00+00:00,10032.345769186977775
2024-06-27T05:00:00+00:00,10032.345769186977775
2024-06-27T06:00:00+00:00,10032.345769186977775
2024-06-27T07:00:00+00:00,10032.345769186977775
2024-06-27T08:00:00+00:00,10032.345769186977775
2024-06-27T09:00:00+00:00,10032.345769186977775
2024-06-27T10:00:00+00:00,10032.345769186977775
2024-06-27T11:00:00+00:00,10032.345769186977775
2024-06-27T12:00:00+00:00,10032.345769186977775
2024-06-27T13:00:00+00:00,10032.345769186977775
2024-06-27T14:00:00+00:00,10032.345769186977775
2024-06-27T15:00:00+00:00,10032.345769186977775
2024-06-27T16:00:00+00:00,10032.345769186977775
2024-06-27T17:00:00+00:00,10032.345769186977775
2024-06-27T18:00:00+00:00,10032.345769186977775
2024-06-27T19:00:00+00:00,10032.345769186977775
2024-06-27T20:00:00+00:00,10032.345769186977775
2024-06-27T21:00:00+00:00,10032.345769186977775
2024-06-27T22:00:00+00:00,10032.345769186977775
2024-06-27T23:00:00+00:00,10032.345769186977775
2024-06-28T00:00:00+00:00,10032.345769186977775
2024-06-28T01:00:00+00:00,10032.345769186977775
2024-06-28T02:00:00+00:00,10032.345769186977775
2024-06-28T03:00:00+00:00,10032.345769186977775
2024-06-28T04:00:00+00:00,10032.345769186977775
2024-06-28T05:00:00+00:00,10032.345769186977775
2024-06-28T06:00:00+00:00,10032.345769186977775
2024-06-28T07:00:00+00:00,10032.345769186977775
2024-06-28T08:00:00+00:00,10032.345769186977775
2024-06-28T09:00:00+00:00,10032.345769186977775
2024-06-28T10:00:00+00:00,10032.345769186977775
2024-06-28T11:00:00+00:00,10032.345769186977775
2024-06-28T12:00:00+00:00,10032.345769186977775
2024-06-28T13:00:00+00:00,10032.345769186977775
2024-06-28T14:00:00+00:00,10032.345769186977775
2024-06-28T15:00:00+00:00,10032.345769186977775
2024-06-28T16:00:00+00:00,10032.345769186977775
2024-06-28T17:00:00+00:00,10032.345769186977775
2024-06-28T18:00:00+00:00,10032.345769186977775
2024-06-28T19:00:00+00:00,10032.345769186977775
2024-06-28T20:00:00+00:00,10032.345769186977775
2024-06-28T21:00:00+00:00,10032.345769186977775
2024-06-28T22:00:00+00:00,10032.345769186977775
2024-06-28T23:00:00+00:00,10032.345769186977775
2024-06-29T00:00:00+00:00,10032.345769186977775
2024-06-29T01:00:00+00:00,10032.345769186977775
2024-06-29T02:00:00+00:00,10032.345769186977775
2024-06-29T03:00:00+00:00,10032.345769186977775
2024-06-29T04:00:00+00:00,10032.345769186977775
2024-06-29T05:00:00+00:00,10032.345769186977775
2024-06-29T06:00:00+00:00,10032.345769186977775
2024-06-29T07:00:00+00:00,10032.345769186977775
2024-06-29T08:00:00+00:00,10032.345769186977775
2024-06-29T09:00:00+00:00,10032.345769186977775
2024-06-29T10:00:00+00:00,10032.345769186977775
2024-06-29T11:00:00+00:00,10032.345769186977775
2024-06-29T12:00:00+00:00,10032.345769186977775
2024-06-29T13:00:00+00:00,10032.345769186977775
2024-06-29T14:00:00+00:00,10032.345769186977775
2024-06-29T15:00:00+00:00,10032.345769186977775
2024-06-29T16:00:00+00:00,10032.345769186977775
2024-06-29T17:00:00+00:00,10032.345769186977775
2024-06-29T18:00:00+00:00,10032.345769186977775
2024-06-29T19:00:00+00:00,10032.345769186977775
2024-06-29T20:00:00+00:00,10032.345769186977775
2024-06-29T21:00:00+00:00,10032.345769186977775
2024-06-29T22:00:00+00:00,10032.345769186977775
2024-06-29T23:00:00+00:00,10032.345769186977775
2024-06-30T00:00:00+00:00,10032.345769186977775
2024-06-30T01:00:00+00:00,10032.345769186977775
2024-06-30T02:00:00+00:00,10032.345769186977775
2024-06-30T03:00:00+00:00,10032.345769186977775
2024-06-30T04:00:00+00:00,10032.345769186977775
2024-06-30T05:00:00+00:00,10032.345769186977775
2024-06-30T06:00:00+00:00,10032.345769186977775
2024-06-30T07:00:00+00:00,10032.345769186977775
2024-06-30T08:00:00+00:00,10032.345769186977775
2024-06-30T09:00:00+00:00,10032.345769186977775
2024-06-30T10:00:00+00:00,10032.345769186977775
2024-06-30T11:00:00+00:00,10032.345769186977775
2024-06-30T12:00:00+00:00,10032.345769186977775
2024-06-30T13:00:00+00:00,10032.345769186977775
2024-06-30T14:00:00+00:00,10032.345769186977775
2024-06-30T15:00:00+00:00,10032.345769186977775
2024-06-30T16:00:00+00:00,10032.009446659934025
2024-06-30T17:00:00+00:00,10032.179177909934025
2024-06-30T18:00:00+00:00,10032.743572909934025
2024-06-30T19:00:00+00:00,10032.697292909934025
2024-06-30T20:00:00+00:00,10032.637460409934025
2024-06-30T21:00:00+00:00,10032.556210409934025
2024-06-30T22:00:00+00:00,10034.117835409934025
2024-06-30T23:00:00+00:00,10033.908210409934025
2024-07-01T00:00:00+00:00,10034.168177909934025
2024-07-01T01:00:00+00:00,10035.320026659934025
2024-07-01T02:00:00+00:00,10034.986966659934025
2024-07-01T03:00:00+00:00,10034.989940409934025
2024-07-01T04:00:00+00:00,10034.733352909934025
2024-07-01T05:00:00+00:00,10034.982221659934025
2024-07-01T06:00:00+00:00,10034.935194159934025
2024-07-01T07:00:00+00:00,10034.730184159934025
2024-07-01T08:00:00+00:00,10034.155047909934025
2024-07-01T09:00:00+00:00,10034.179520409934025
2024-07-01T10:00:00+00:00,10034.038584159934025
2024-07-01T11:00:00+00:00,10033.729590409934025
2024-07-01T12:00:00+00:00,10034.086944159934025
2024-07-01T13:00:00+00:00,10033.767257909934025
2024-07-01T14:00:00+00:00,10033.995976659934025
2024-07-01T15:00:00+00:00,10034.494656659934025
2024-07-01T16:00:00+00:00,10034.472605409934025
2024-07-01T17:00:00+00:00,10035.412391659934025
2024-07-01T18:00:00+00:00,10035.334927909934025
2024-07-01T19:00:00+00:00,10034.647211659934025
2024-07-01T20:00:00+00:00,10034.754055409934025
2024-07-01T21:00:00+00:00,10034.489960409934025
2024-07-01T22:00:00+00:00,10034.238231659934025
2024-07-01T23:00:00+00:00,10034.116177909934025
2024-07-02T00:00:00+00:00,10034.159500409934025
2024-07-02T01:00:00+00:00,10034.158444159934025
2024-07-02T02:00:00+00:00,10034.277979159934025
2024-07-02T03:00:00+00:00,10034.504032909934025
2024-07-02T04:00:00+00:00,10034.340460409934025
2024-07-02T05:00:00+00:00,10034.317694159934025
2024-07-02T06:00:00+00:00,10034.060944159934025
2024-07-02T07:00:00+00:00,10033.677427909934025
2024-07-02T08:00:00+00:00,10033.742460409934025
2024-07-02T09:00:00+00:00,10033.709960409934025
2024-07-02T10:00:00+00:00,10033.817161659934025
2024-07-02T11:00:00+00:00,10034.005710409934025
2024-07-02T12:00:00+00:00,10034.081175409934025
2024-07-02T13:00:00+00:00,10033.672439159934025
2024-07-02T14:00:00+00:00,10032.711267909934025
2024-07-02T15:00:00+00:00,10032.569324159934025
2024-07-02T16:00:00+00:00,10032.525140409934025
2024-07-02T17:00:00+00:00,10032.894161659934025
2024-07-02T18:00:00+00:00,10033.189960409934025
2024-07-02T19:00:00+00:00,10032.554731659934025
2024-07-02T20:00:00+00:00,10032.673210409934025
2024-07-02T21:00:00+00:00,10032.585476659934025
2024-07-02T22:00:00+00:00,10032.799960409934025
2024-07-02T23:00:00+00:00,10032.873832909934025
2024-07-03T00:00:00+00:00,10032.806476659934025
2024-07-03T01:00:00+00:00,10032.032797909934025
2024-07-03T02:00:00+00:00,10031.616944159934025
2024-07-03T03:00:00+00:00,10031.467440367192150
2024-07-03T04:00:00+00:00,10031.467440367192150
2024-07-03T05:00:00+00:00,10031.467440367192150
2024-07-03T06:00:00+00:00,10031.467440367192150
2024-07-03T07:00:00+00:00,10031.467440367192150
2024-07-03T08:00:00+00:00,10031.467440367192150
2024-07-03T09:00:00+00:00,10031.467440367192150
2024-07-03T10:00:00+00:00,10031.467440367192150
2024-07-03T11:00:00+00:00,10031.467440367192150
2024-07-03T12:00:00+00:00,10031.467440367192150
2024-07-03T13:00:00+00:00,10031.467440367192150
2024-07-03T14:00:00+00:00,10031.467440367192150
2024-07-03T15:00:00+00:00,10031.467440367192150
2024-07-03T16:00:00+00:00,10031.467440367192150
2024-07-03T17:00:00+00:00,10031.467440367192150
2024-07-03T18:00:00+00:00,10031.467440367192150
2024-07-03T19:00:00+00:00,10031.467440367192150
2024-07-03T20:00:00+00:00,10031.467440367192150
2024-07-03T21:00:00+00:00,10031.467440367192150
2024-07-03T22:00:00+00:00,10031.467440367192150
2024-07-03T23:00:00+00:00,10031.467440367192150
2024-07-04T00:00:00+00:00,10031.467440367192150
2024-07-04T01:00:00+00:00,10031.467440367192150
2024-07-04T02:00:00+00:00,10031.467440367192150
2024-07-04T03:00:00+00:00,10031.467440367192150
2024-07-04T04:00:00+00:00,10031.467440367192150
2024-07-04T05:00:00+00:00,10031.467440367192150
2024-07-04T06:00:00+00:00,10031.467440367192150
2024-07-04T07:00:00+00:00,10031.467440367192150
2024-07-04T08:00:00+00:00,10031.467440367192150
2024-07-04T09:00:00+00:00,10031.467440367192150
2024-07-04T10:00:00+00:00,10031.467440367192150
2024-07-04T11:00:00+00:00,10031.467440367192150
2024-07-04T12:00:00+00:00,10031.467440367192150
2024-07-04T13:00:00+00:00,10031.467440367192150
2024-07-04T14:00:00+00:00,10031.467440367192150
2024-07-04T15:00:00+00:00,10031.467440367192150
2024-07-04T16:00:00+00:00,10031.467440367192150
2024-07-04T17:00:00+00:00,10031.467440367192150
2024-07-04T18:00:00+00:00,10031.467440367192150
2024-07-04T19:00:00+00:00,10031.467440367192150
2024-07-04T20:00:00+00:00,10031.467440367192150
2024-07-04T21:00:00+00:00,10031.467440367192150
2024-07-04T22:00:00+00:00,10031.467440367192150
2024-07-04T23:00:00+00:00,10031.467440367192150
2024-07-05T00:00:00+00:00,10031.467440367192150
2024-07-05T01:00:00+00:00,10031.467440367192150
2024-07-05T02:00:00+00:00,10031.467440367192150
2024-07-05T03:00:00+00:00,10031.467440367192150
2024-07-05T04:00:00+00:00,10031.467440367192150
2024-07-05T05:00:00+00:00,10031.467440367192150
2024-07-05T06:00:00+00:00,10031.467440367192150
2024-07-05T07:00:00+00:00,10031.467440367192150
2024-07-05T08:00:00+00:00,10031.467440367192150
2024-07-05T09:00:00+00:00,10031.467440367192150
2024-07-05T10:00:00+00:00,10031.467440367192150
2024-07-05T11:00:00+00:00,10031.467440367192150
2024-07-05T12:00:00+00:00,10031.467440367192150
2024-07-05T13:00:00+00:00,10031.467440367192150
2024-07-05T14:00:00+00:00,10031.467440367192150
2024-07-05T15:00:00+00:00,10031.467440367192150
2024-07-05T16:00:00+00:00,10031.467440367192150
2024-07-05T17:00:00+00:00,10031.467440367192150
2024-07-05T18:00:00+00:00,10031.467440367192150
2024-07-05T19:00:00+00:00,10031.467440367192150
2024-07-05T20:00:00+00:00,10031.467440367192150
2024-07-05T21:00:00+00:00,10031.467440367192150
2024-07-05T22:00:00+00:00,10031.467440367192150
2024-07-05T23:00:00+00:00,10031.467440367192150
2024-07-06T00:00:00+00:00,10031.467440367192150
2024-07-06T01:00:00+00:00,10031.467440367192150
2024-07-06T02:00:00+00:00,10031.467440367192150
2024-07-06T03:00:00+00:00,10031.467440367192150
2024-07-06T04:00:00+00:00,10031.467440367192150
2024-07-06T05:00:00+00:00,10031.467440367192150
2024-07-06T06:00:00+00:00,10031.467440367192150
2024-07-06T07:00:00+00:00,10031.467440367192150
2024-07-06T08:00:00+00:00,10031.467440367192150
2024-07-06T09:00:00+00:00,10031.467440367192150
2024-07-06T10:00:00+00:00,10031.467440367192150
2024-07-06T11:00:00+00:00,10031.467440367192150
2024-07-06T12:00:00+00:00,10031.467440367192150
2024-07-06T13:00:00+00:00,10031.467440367192150
2024-07-06T14:00:00+00:00,10031.467440367192150
2024-07-06T15:00:00+00:00,10031.467440367192150
2024-07-06T16:00:00+00:00,10031.467440367192150
2024-07-06T17:00:00+00:00,10031.467440367192150
2024-07-06T18:00:00+00:00,10031.467440367192150
2024-07-06T19:00:00+00:00,10031.467440367192150
2024-07-06T20:00:00+00:00,10031.467440367192150
2024-07-06T21:00:00+00:00,10031.467440367192150
2024-07-06T22:00:00+00:00,10031.467440367192150
2024-07-06T23:00:00+00:00,10031.467440367192150
2024-07-07T00:00:00+00:00,10031.467440367192150
2024-07-07T01:00:00+00:00,10031.467440367192150
2024-07-07T02:00:00+00:00,10031.467440367192150
2024-07-07T03:00:00+00:00,10031.467440367192150
2024-07-07T04:00:00+00:00,10031.467440367192150
2024-07-07T05:00:00+00:00,10031.467440367192150
2024-07-07T06:00:00+00:00,10031.467440367192150
2024-07-07T07:00:00+00:00,10031.467440367192150
2024-07-07T08:00:00+00:00,10031.467440367192150
2024-07-07T09:00:00+00:00,10031.467440367192150
2024-07-07T10:00:00+00:00,10031.467440367192150
2024-07-07T11:00:00+00:00,10031.467440367192150
2024-07-07T12:00:00+00:00,10031.467440367192150
2024-07-07T13:00:00+00:00,10031.467440367192150
2024-07-07T14:00:00+00:00,10031.467440367192150
2024-07-07T15:00:00+00:00,10031.467440367192150
2024-07-07T16:00:00+00:00,10031.467440367192150
2024-07-07T17:00:00+00:00,10031.467440367192150
2024-07-07T18:00:00+00:00,10031.467440367192150
2024-07-07T19:00:00+00:00,10031.467440367192150
2024-07-07T20:00:00+00:00,10031.467440367192150
2024-07-07T21:00:00+00:00,10031.467440367192150
2024-07-07T22:00:00+00:00,10031.467440367192150
2024-07-07T23:00:00+00:00,10031.467440367192150
2024-07-08T00:00:00+00:00,10031.467440367192150
2024-07-08T01:00:00+00:00,10031.467440367192150
2024-07-08T02:00:00+00:00,10031.467440367192150
2024-07-08T03:00:00+00:00,10031.467440367192150
2024-07-08T04:00:00+00:00,10031.467440367192150
2024-07-08T05:00:00+00:00,10031.467440367192150
2024-07-08T06:00:00+00:00,10031.467440367192150
2024-07-08T07:00:00+00:00,10031.467440367192150
2024-07-08T08:00:00+00:00,10031.467440367192150
2024-07-08T09:00:00+00:00,10031.467440367192150
2024-07-08T10:00:00+00:00,10031.467440367192150
2024-07-08T11:00:00+00:00,10031.467440367192150
2024-07-08T12:00:00+00:00,10031.467440367192150
2024-07-08T13:00:00+00:00,10031.467440367192150
2024-07-08T14:00:00+00:00,10031.467440367192150
2024-07-08T15:00:00+00:00,10031.467440367192150
2024-07-08T16:00:00+00:00,10031.467440367192150
2024-07-08T17:00:00+00:00,10031.467440367192150
2024-07-08T18:00:00+00:00,10031.467440367192150
2024-07-08T19:00:00+00:00,10031.467440367192150
2024-07-08T20:00:00+00:00,10031.467440367192150
2024-07-08T21:00:00+00:00,10031.467440367192150
2024-07-08T22:00:00+00:00,10031.467440367192150
2024-07-08T23:00:00+00:00,10031.467440367192150
2024-07-09T00:00:00+00:00,10031.467440367192150
2024-07-09T01:00:00+00:00,10031.467440367192150
2024-07-09T02:00:00+00:00,10031.467440367192150
2024-07-09T03:00:00+00:00,10031.467440367192150
2024-07-09T04:00:00+00:00,10031.467440367192150
2024-07-09T05:00:00+00:00,10031.467440367192150
2024-07-09T06:00:00+00:00,10031.467440367192150
2024-07-09T07:00:00+00:00,10031.467440367192150
2024-07-09T08:00:00+00:00,10031.467440367192150
2024-07-09T09:00:00+00:00,10031.467440367192150
2024-07-09T10:00:00+00:00,10031.467440367192150
2024-07-09T11:00:00+00:00,10031.467440367192150
2024-07-09T12:00:00+00:00,10031.467440367192150
2024-07-09T13:00:00+00:00,10031.467440367192150
2024-07-09T14:00:00+00:00,10031.467440367192150
2024-07-09T15:00:00+00:00,10031.467440367192150
2024-07-09T16:00:00+00:00,10031.467440367192150
2024-07-09T17:00:00+00:00,10031.467440367192150
2024-07-09T18:00:00+00:00,10031.987179852397650
2024-07-09T19:00:00+00:00,10031.907890782397650
2024-07-09T20:00:00+00:00,10032.025090102397650
2024-07-09T21:00:00+00:00,10031.799824782397650
2024-07-09T22:00:00+00:00,10032.036855352397650
2024-07-09T23:00:00+00:00,10032.235557352397650
2024-07-10T00:00:00+00:00,10031.253150262397650
2024-07-10T01:00:00+00:00,10031.797872622397650
2024-07-10T02:00:00+00:00,10031.943692002397650
2024-07-10T03:00:00+00:00,10032.462164782397650
2024-07-10T04:00:00+00:00,10034.496995272397650
2024-07-10T05:00:00+00:00,10033.847849782397650
2024-07-10T06:00:00+00:00,10034.307060562397650
2024-07-10T07:00:00+00:00,10033.853043922397650
2024-07-10T08:00:00+00:00,10033.466132782397650
2024-07-10T09:00:00+00:00,10033.002477352397650
2024-07-10T10:00:00+00:00,10033.291832782397650
2024-07-10T11:00:00+00:00,10033.005963352397650
2024-07-10T12:00:00+00:00,10032.410624272397650
2024-07-10T13:00:00+00:00,10031.730087352397650
2024-07-10T14:00:00+00:00,10031.648218642397650
2024-07-10T15:00:00+00:00,10031.624967022397650
2024-07-10T16:00:00+00:00,10031.619807742397650
2024-07-10T17:00:00+00:00,10031.499680182397650
2024-07-10T18:00:00+00:00,10031.503776232397650
2024-07-10T19:00:00+00:00,10031.088715642397650
2024-07-10T20:00:00+00:00,10031.118695242397650
2024-07-10T21:00:00+00:00,10031.162583982397650
2024-07-10T22:00:00+00:00,10031.644209742397650
2024-07-10T23:00:00+00:00,10031.670563902397650
2024-07-11T00:00:00+00:00,10031.501562622397650
2024-07-11T01:00:00+00:00,10032.637057402397650
2024-07-11T02:00:00+00:00,10031.921799922397650
2024-07-11T03:00:00+00:00,10031.395431352397650
2024-07-11T04:00:00+00:00,10031.764929922397650
2024-07-11T05:00:00+00:00,10032.137966782397650
2024-07-11T06:00:00+00:00,10032.141435352397650
2024-07-11T07:00:00+00:00,10032.482191852397650
2024-07-11T08:00:00+00:00,10032.425701222397650
2024-07-11T09:00:00+00:00,10032.654103942397650
2024-07-11T10:00:00+00:00,10032.954178822397650
2024-07-11T11:00:00+00:00,10033.504443922397650
2024-07-11T12:00:00+00:00,10033.571305402397650
2024-07-11T13:00:00+00:00,10033.135224232397650
2024-07-11T14:00:00+00:00,10031.782394782397650
2024-07-11T15:00:00+00:00,10031.106110782397650
2024-07-11T16:00:00+00:00,10031.522391472397650
2024-07-11T17:00:00+00:00,10031.795136112397650
2024-07-11T18:00:00+00:00,10031.871740962397650
2024-07-11T19:00:00+00:00,10031.064278782397650
2024-07-11T20:00:00+00:00,10031.371029352397650
2024-07-11T21:00:00+00:00,10031.207222212397650
2024-07-11T22:00:00+00:00,10030.995552292397650
2024-07-11T23:00:00+00:00,10030.997835622397650
2024-07-12T00:00:00+00:00,10030.715661352397650
2024-07-12T01:00:00+00:00,10030.318274782397650
2024-07-12T02:00:00+00:00,10030.169428613186365
2024-07-12T03:00:00+00:00,10030.169428613186365
2024-07-12T04:00:00+00:00,10030.169428613186365
2024-07-12T05:00:00+00:00,10030.169428613186365
2024-07-12T06:00:00+00:00,10030.169428613186365
2024-07-12T07:00:00+00:00,10030.169428613186365
2024-07-12T08:00:00+00:00,10030.169428613186365
2024-07-12T09:00:00+00:00,10030.169428613186365
2024-07-12T10:00:00+00:00,10030.169428613186365
2024-07-12T11:00:00+00:00,10030.169428613186365
2024-07-12T12:00:00+00:00,10030.169428613186365
2024-07-12T13:00:00+00:00,10030.169428613186365
2024-07-12T14:00:00+00:00,10030.169428613186365
2024-07-12T15:00:00+00:00,10030.169428613186365
2024-07-12T16:00:00+00:00,10030.169428613186365
2024-07-12T17:00:00+00:00,10030.169428613186365
2024-07-12T18:00:00+00:00,10030.169428613186365
2024-07-12T19:00:00+00:00,10028.779041675852365
2024-07-12T20:00:00+00:00,10028.720561675852365
2024-07-12T21:00:00+00:00,10028.815196075852365
2024-07-12T22:00:00+00:00,10029.150561675852365
2024-07-12T23:00:00+00:00,10029.317556475852365
2024-07-13T00:00:00+00:00,10029.225502075852365
2024-07-13T01:00:00+00:00,10029.301904475852365
2024-07-13T02:00:00+00:00,10029.416164075852365
2024-07-13T03:00:00+00:00,10029.188384475852365
2024-07-13T04:00:00+00:00,10029.122783675852365
2024-07-13T05:00:00+00:00,10029.639058875852365
2024-07-13T06:00:00+00:00,10029.574610475852365
2024-07-13T07:00:00+00:00,10029.801254875852365
2024-07-13T08:00:00+00:00,10029.422184075852365
2024-07-13T09:00:00+00:00,10030.674498875852365
2024-07-13T10:00:00+00:00,10030.259376875852365
2024-07-13T11:00:00+00:00,10030.426784475852365
2024-07-13T12:00:00+00:00,10030.829281675852365
2024-07-13T13:00:00+00:00,10030.570782875852365
2024-07-13T14:00:00+00:00,10030.884304475852365
2024-07-13T15:00:00+00:00,10030.936988075852365
2024-07-13T16:00:00+00:00,10030.578127275852365
2024-07-13T17:00:00+00:00,10030.726064475852365
2024-07-13T18:00:00+00:00,10030.615640475852365
2024-07-13T19:00:00+00:00,10030.582238075852365
2024-07-13T20:00:00+00:00,10030.533441675852365
2024-07-13T21:00:00+00:00,10030.688224475852365
2024-07-13T22:00:00+00:00,10032.027296075852365
2024-07-13T23:00:00+00:00,10031.579218875852365
2024-07-14T00:00:00+00:00,10032.525167275852365
2024-07-14T01:00:00+00:00,10032.442607275852365
2024-07-14T02:00:00+00:00,10031.840624475852365
2024-07-14T03:00:00+00:00,10032.030082475852365
2024-07-14T04:00:00+00:00,10032.862304475852365
2024-07-14T05:00:00+00:00,10033.404758075852365
2024-07-14T06:00:00+00:00,10032.735007275852365
2024-07-14T07:00:00+00:00,10033.054961675852365
2024-07-14T08:00:00+00:00,10033.295744475852365
2024-07-14T09:00:00+00:00,10033.268241675852365
2024-07-14T10:00:00+00:00,10032.811581675852365
2024-07-14T11:00:00+00:00,10033.118756475852365
2024-07-14T12:00:00+00:00,10032.232543675852365
2024-07-14T13:00:00+00:00,10032.435624075852365
2024-07-14T14:00:00+00:00,10032.968944475852365
2024-07-14T15:00:00+00:00,10033.092784475852365
2024-07-14T16:00:00+00:00,10033.132912075852365
2024-07-14T17:00:00+00:00,10032.957867675852365
2024-07-14T18:00:00+00:00,10032.982893675852365
2024-07-14T19:00:00+00:00,10032.803807275852365
2024-07-14T20:00:00+00:00,10033.092784475852365
2024-07-14T21:00:00+00:00,10035.143643675852365
2024-07-14T22:00:00+00:00,10034.429912475852365
2024-07-14T23:00:00+00:00,10034.320709675852365
2024-07-15T00:00:00+00:00,10035.032927275852365
2024-07-15T01:00:00+00:00,10035.339104475852365
2024-07-15T02:00:00+00:00,10037.217344475852365
2024-07-15T03:00:00+00:00,10037.502640875852365
2024-07-15T04:00:00+00:00,10037.437504475852365
2024-07-15T05:00:00+00:00,10037.764287275852365
2024-07-15T06:00:00+00:00,10037.884738875852365
2024-07-15T07:00:00+00:00,10037.833310875852365
2024-07-15T08:00:00+00:00,10037.901113275852365
2024-07-15T09:00:00+00:00,10037.485045275852365
2024-07-15T10:00:00+00:00,10037.310155675852365
2024-07-15T11:00:00+00:00,10037.169184475852365
2024-07-15T12:00:00+00:00,10037.447824475852365
2024-07-15T13:00:00+00:00,10037.950081675852365
2024-07-15T14:00:00+00:00,10038.483367675852365
2024-07-15T15:00:00+00:00,10038.153024475852365
2024-07-15T16:00:00+00:00,10038.816548875852365
2024-07-15T17:00:00+00:00,10038.249292875852365
2024-07-15T18:00:00+00:00,10038.966584475852365
2024-07-15T19:00:00+00:00,10038.696544475852365
2024-07-15T20:00:00+00:00,10039.366243675852365
2024-07-15T21:00:00+00:00,10039.024101275852365
2024-07-15T22:00:00+00:00,10040.419296475852365
2024-07-15T23:00:00+00:00,10041.073825275852365
2024-07-16T00:00:00+00:00,10040.879981275852365
2024-07-16T01:00:00+00:00,10041.287002075852365
2024-07-16T02:00:00+00:00,10041.238549675852365
2024-07-16T03:00:00+00:00,10041.121985275852365
2024-07-16T04:00:00+00:00,10040.665961675852365
2024-07-16T05:00:00+00:00,10039.234766875852365
2024-07-16T06:00:00+00:00,10037.935685275852365
2024-07-16T07:00:00+00:00,10037.927721675852365
2024-07-16T08:00:00+00:00,10037.799856875852365
2024-07-16T09:00:00+00:00,10038.430873275852365
2024-07-16T10:00:00+00:00,10038.871193275852365
2024-07-16T11:00:00+00:00,10039.391613675852365
2024-07-16T12:00:00+00:00,10039.386797675852365
2024-07-16T13:00:00+00:00,10038.830687275852365
2024-07-16T14:00:00+00:00,10039.546379275852365
2024-07-16T15:00:00+00:00,10041.338877275852365
2024-07-16T16:00:00+00:00,10040.688304475852365
2024-07-16T17:00:00+00:00,10040.770038875852365
2024-07-16T18:00:00+00:00,10041.196461275852365
2024-07-16T19:00:00+00:00,10041.832844075852365
2024-07-16T20:00:00+00:00,10040.949434875852365
2024-07-16T21:00:00+00:00,10040.688321675852365
2024-07-16T22:00:00+00:00,10040.889406875852365
2024-07-16T23:00:00+00:00,10041.623967275852365
2024-07-17T00:00:00+00:00,10042.417609675852365
2024-07-17T01:00:00+00:00,10042.701031275852365
2024-07-17T02:00:00+00:00,10042.602423675852365
2024-07-17T03:00:00+00:00,10042.755159675852365
2024-07-17T04:00:00+00:00,10042.975904475852365
2024-07-17T05:00:00+00:00,10042.621601675852365
2024-07-17T06:00:00+00:00,10042.538800875852365
2024-07-17T07:00:00+00:00,10041.992064475852365
2024-07-17T08:00:00+00:00,10041.857268075852365
2024-07-17T09:00:00+00:00,10042.119310075852365
2024-07-17T10:00:00+00:00,10041.754738875852365
2024-07-17T11:00:00+00:00,10041.073120075852365
2024-07-17T12:00:00+00:00,10041.085142875852365
2024-07-17T13:00:00+00:00,10041.792458475852365
2024-07-17T14:00:00+00:00,10041.603499275852365
2024-07-17T15:00:00+00:00,10041.073601675852365
2024-07-17T16:00:00+00:00,10040.244544475852365
2024-07-17T17:00:00+00:00,10040.307892075852365
2024-07-17T18:00:00+00:00,10040.695184475852365
2024-07-17T19:00:00+00:00,10040.835846075852365
2024-07-17T20:00:00+00:00,10040.706037675852365
2024-07-17T21:00:00+00:00,10040.375264475852365
2024-07-17T22:00:00+00:00,10040.291328475852365
2024-07-17T23:00:00+00:00,10039.979647275852365
2024-07-18T00:00:00+00:00,10040.591193275852365
2024-07-18T01:00:00+00:00,10040.996167275852365
2024-07-18T02:00:00+00:00,10041.034626475852365
2024-07-18T03:00:00+00:00,10041.316242075852365
2024-07-18T04:00:00+00:00,10040.815584475852365
2024-07-18T05:00:00+00:00,10041.129948875852365
2024-07-18T06:00:00+00:00,10041.548321675852365
2024-07-18T07:00:00+00:00,10040.977264475852365
2024-07-18T08:00:00+00:00,10041.439772475852365
2024-07-18T09:00:00+00:00,10041.317807275852365
2024-07-18T10:00:00+00:00,10040.877487275852365
2024-07-18T11:00:00+00:00,10041.132064475852365
2024-07-18T12:00:00+00:00,10041.291439675852365
2024-07-18T13:00:00+00:00,10040.850328475852365
2024-07-18T14:00:00+00:00,10039.820392475852365
2024-07-18T15:00:00+00:00,10039.033870875852365
2024-07-18T16:00:00+00:00,10039.663184475852365
2024-07-18T17:00:00+00:00,10039.063798875852365
2024-07-18T18:00:00+00:00,10039.002721675852365
2024-07-18T19:00:00+00:00,10039.062904475852365
2024-07-18T20:00:00+00:00,10039.529041675852365
2024-07-18T21:00:00+00:00,10039.570304475852365
2024-07-18T22:00:00+00:00,10039.883344475852365
2024-07-18T23:00:00+00:00,10039.807526875852365
2024-07-19T00:00:00+00:00,10039.140304475852365
2024-07-19T01:00:00+00:00,10039.511824475852365
2024-07-19T02:00:00+00:00,10039.532464475852365
2024-07-19T03:00:00+00:00,10040.387304475852365
2024-07-19T04:00:00+00:00,10040.072406875852365
2024-07-19T05:00:00+00:00,10040.110384475852365
2024-07-19T06:00:00+00:00,10040.189521675852365
2024-07-19T07:00:00+00:00,10039.302001675852365
2024-07-19T08:00:00+00:00,10039.499784475852365
2024-07-19T09:00:00+00:00,10039.312304475852365
2024-07-19T10:00:00+00:00,10039.818001675852365
2024-07-19T11:00:00+00:00,10040.027824475852365
2024-07-19T12:00:00+00:00,10040.540384475852365
2024-07-19T13:00:00+00:00,10041.782052475852365
2024-07-19T14:00:00+00:00,10042.833213275852365
2024-07-19T15:00:00+00:00,10042.987548875852365
2024-07-19T16:00:00+00:00,10043.989724075852365
2024-07-19T17:00:00+00:00,10044.567626875852365
2024-07-19T18:00:00+00:00,10044.623647275852365
2024-07-19T19:00:00+00:00,10045.258791675852365
2024-07-19T20:00:00+00:00,10044.871000475852365
2024-07-19T21:00:00+00:00,10044.803026075852365
2024-07-19T22:00:00+00:00,10044.508751275852365
2024-07-19T23:00:00+00:00,10044.403504475852365
2024-07-20T00:00:00+00:00,10043.990498075852365
2024-07-20T01:00:00+00:00,10043.890927275852365
2024-07-20T02:00:00+00:00,10044.249684875852365
2024-07-20T03:00:00+00:00,10044.303761675852365
2024-07-20T04:00:00+00:00,10044.404949275852365
2024-07-20T05:00:00+00:00,10044.192494875852365
2024-07-20T06:00:00+00:00,10044.344628875852365
2024-07-20T07:00:00+00:00,10044.235426075852365
2024-07-20T08:00:00+00:00,10044.146725675852365
2024-07-20T09:00:00+00:00,10044.270703275852365
2024-07-20T10:00:00+00:00,10044.171287275852365
2024-07-20T11:00:00+00:00,10044.100251275852365
2024-07-20T12:00:00+00:00,10044.087506075852365
2024-07-20T13:00:00+00:00,10044.196915275852365
2024-07-20T14:00:00+00:00,10044.283104475852365
2024-07-20T15:00:00+00:00,10044.687304475852365
2024-07-20T16:00:00+00:00,10044.652749675852365
2024-07-20T17:00:00+00:00,10045.681481675852365
2024-07-20T18:00:00+00:00,10045.793247275852365
2024-07-20T19:00:00+00:00,10045.373584475852365
2024-07-20T20:00:00+00:00,10045.571866075852365
2024-07-20T21:00:00+00:00,10045.147249675852365
2024-07-20T22:00:00+00:00,10045.184384475852365
2024-07-20T23:00:00+00:00,10045.229035675852365
2024-07-21T00:00:00+00:00,10045.101858875852365
2024-07-21T01:00:00+00:00,10045.463592075852365
2024-07-21T02:00:00+00:00,10045.481961675852365
2024-07-21T03:00:00+00:00,10045.282992075852365
2024-07-21T04:00:00+00:00,10045.057121675852365
2024-07-21T05:00:00+00:00,10045.067424475852365
2024-07-21T06:00:00+00:00,10044.510127275852365
2024-07-21T07:00:00+00:00,10044.475727275852365
2024-07-21T08:00:00+00:00,10044.637441675852365
2024-07-21T09:00:00+00:00,10044.947024475852365
2024-07-21T10:00:00+00:00,10044.642360875852365
2024-07-21T11:00:00+00:00,10044.781887275852365
2024-07-21T12:00:00+00:00,10044.864498875852365
2024-07-21T13:00:00+00:00,10044.575521675852365
2024-07-21T14:00:00+00:00,10045.488411675852365
2024-07-21T15:00:00+00:00,10045.270384475852365
2024-07-21T16:00:00+00:00,10045.941184475852365
2024-07-21T17:00:00+00:00,10044.382881675852365
2024-07-21T18:00:00+00:00,10044.755106875852365
2024-07-21T19:00:00+00:00,10045.714178875852365
2024-07-21T20:00:00+00:00,10046.233429675852365
2024-07-21T21:00:00+00:00,10047.041967275852365
2024-07-21T22:00:00+00:00,10046.728944475852365
2024-07-21T23:00:00+00:00,10046.992689275852365
2024-07-22T00:00:00+00:00,10047.031681675852365
2024-07-22T01:00:00+00:00,10046.450321675852365
2024-07-22T02:00:00+00:00,10046.829770875852365
2024-07-22T03:00:00+00:00,10046.501921675852365
2024-07-22T04:00:00+00:00,10046.577550075852365
2024-07-22T05:00:00+00:00,10046.065041675852365
2024-07-22T06:00:00+00:00,10045.696944475852365
2024-07-22T07:00:00+00:00,10045.394224475852365
2024-07-22T08:00:00+00:00,10045.126730075852365
2024-07-22T09:00:00+00:00,10045.723122875852365
2024-07-22T10:00:00+00:00,10045.714161675852365
2024-07-22T11:00:00+00:00,10045.875841675852365
2024-07-22T12:00:00+00:00,10046.187333675852365
2024-07-22T13:00:00+00:00,10045.156864475852365
2024-07-22T14:00:00+00:00,10044.492944475852365
2024-07-22T15:00:00+00:00,10045.098160875852365
2024-07-22T16:00:00+00:00,10045.077744475852365
2024-07-22T17:00:00+00:00,10045.793264475852365
2024-07-22T18:00:00+00:00,10045.754547275852365
2024-07-22T19:00:00+00:00,10047.107464875852365
2024-07-22T20:00:00+00:00,10046.921584475852365
2024-07-22T21:00:00+00:00,10046.435856475852365
2024-07-22T22:00:00+00:00,10046.080521675852365
2024-07-22T23:00:00+00:00,10045.903361675852365
2024-07-23T00:00:00+00:00,10045.831121675852365
2024-07-23T01:00:00+00:00,10045.693521675852365
2024-07-23T02:00:00+00:00,10046.102262475852365
2024-07-23T03:00:00+00:00,10045.803567275852365
2024-07-23T04:00:00+00:00,10044.878224475852365
2024-07-23T05:00:00+00:00,10044.004464475852365
2024-07-23T06:00:00+00:00,10044.161569275852365
2024-07-23T07:00:00+00:00,10044.259024475852365
2024-07-23T08:00:00+00:00,10044.795664475852365
2024-07-23T09:00:00+00:00,10044.882008475852365
2024-07-23T10:00:00+00:00,10044.764721675852365
2024-07-23T11:00:00+00:00,10044.431041675852365
2024-07-23T12:00:00+00:00,10044.136354075852365
2024-07-23T13:00:00+00:00,10043.426561675852365
2024-07-23T14:00:00+00:00,10045.380120475852365
2024-07-23T15:00:00+00:00,10044.272801675852365
2024-07-23T16:00:00+00:00,10043.024047275852365
2024-07-23T17:00:00+00:00,10043.165603275852365
2024-07-23T18:00:00+00:00,10043.027504475852365
2024-07-23T19:00:00+00:00,10042.470241675852365
2024-07-23T20:00:00+00:00,10042.301197956812365
2024-07-23T21:00:00+00:00,10042.301197956812365
2024-07-23T22:00:00+00:00,10042.301197956812365
2024-07-23T23:00:00+00:00,10042.301197956812365
2024-07-24T00:00:00+00:00,10042.301197956812365
2024-07-24T01:00:00+00:00,10042.301197956812365
2024-07-24T02:00:00+00:00,10042.301197956812365
2024-07-24T03:00:00+00:00,10042.301197956812365
2024-07-24T04:00:00+00:00,10042.301197956812365
2024-07-24T05:00:00+00:00,10042.301197956812365
2024-07-24T06:00:00+00:00,10042.301197956812365
2024-07-24T07:00:00+00:00,10042.301197956812365
2024-07-24T08:00:00+00:00,10042.301197956812365
2024-07-24T09:00:00+00:00,10042.301197956812365
2024-07-24T10:00:00+00:00,10042.301197956812365
2024-07-24T11:00:00+00:00,10042.301197956812365
2024-07-24T12:00:00+00:00,10042.301197956812365
2024-07-24T13:00:00+00:00,10042.301197956812365
2024-07-24T14:00:00+00:00,10042.301197956812365
2024-07-24T15:00:00+00:00,10042.301197956812365
2024-07-24T16:00:00+00:00,10042.301197956812365
2024-07-24T17:00:00+00:00,10042.301197956812365
2024-07-24T18:00:00+00:00,10042.301197956812365
2024-07-24T19:00:00+00:00,10042.301197956812365
2024-07-24T20:00:00+00:00,10042.301197956812365
2024-07-24T21:00:00+00:00,10042.301197956812365
2024-07-24T22:00:00+00:00,10042.301197956812365
2024-07-24T23:00:00+00:00,10042.301197956812365
2024-07-25T00:00:00+00:00,10042.301197956812365
2024-07-25T01:00:00+00:00,10042.301197956812365
2024-07-25T02:00:00+00:00,10042.301197956812365
2024-07-25T03:00:00+00:00,10042.301197956812365
2024-07-25T04:00:00+00:00,10042.301197956812365
2024-07-25T05:00:00+00:00,10042.301197956812365
2024-07-25T06:00:00+00:00,10042.301197956812365
2024-07-25T07:00:00+00:00,10042.301197956812365
2024-07-25T08:00:00+00:00,10042.301197956812365
2024-07-25T09:00:00+00:00,10042.301197956812365
2024-07-25T10:00:00+00:00,10042.301197956812365
2024-07-25T11:00:00+00:00,10042.301197956812365
2024-07-25T12:00:00+00:00,10042.301197956812365
2024-07-25T13:00:00+00:00,10042.301197956812365
2024-07-25T14:00:00+00:00,10042.301197956812365
2024-07-25T15:00:00+00:00,10042.301197956812365
2024-07-25T16:00:00+00:00,10042.301197956812365
2024-07-25T17:00:00+00:00,10042.301197956812365
2024-07-25T18:00:00+00:00,10042.301197956812365
2024-07-25T19:00:00+00:00,10042.301197956812365
2024-07-25T20:00:00+00:00,10042.301197956812365
2024-07-25T21:00:00+00:00,10042.301197956812365
2024-07-25T22:00:00+00:00,10042.301197956812365
2024-07-25T23:00:00+00:00,10042.301197956812365
2024-07-26T00:00:00+00:00,10042.301197956812365
2024-07-26T01:00:00+00:00,10042.301197956812365
2024-07-26T02:00:00+00:00,10042.301197956812365
2024-07-26T03:00:00+00:00,10042.301197956812365
2024-07-26T04:00:00+00:00,10042.301197956812365
2024-07-26T05:00:00+00:00,10042.301197956812365
2024-07-26T06:00:00+00:00,10042.357568741304865
2024-07-26T07:00:00+00:00,10042.100393741304865
2024-07-26T08:00:00+00:00,10042.423568741304865
2024-07-26T09:00:00+00:00,10042.708568741304865
2024-07-26T10:00:00+00:00,10042.720568741304865
2024-07-26T11:00:00+00:00,10042.747553741304865
2024-07-26T12:00:00+00:00,10042.735568741304865
2024-07-26T13:00:00+00:00,10043.596373741304865
2024-07-26T14:00:00+00:00,10042.756568741304865
2024-07-26T15:00:00+00:00,10043.104568741304865
2024-07-26T16:00:00+00:00,10042.858553741304865
2024-07-26T17:00:00+00:00,10042.822553741304865
2024-07-26T18:00:00+00:00,10043.125178741304865
2024-07-26T19:00:00+00:00,10043.749553741304865
2024-07-26T20:00:00+00:00,10042.917308741304865
2024-07-26T21:00:00+00:00,10043.683568741304865
2024-07-26T22:00:00+00:00,10043.653553741304865
2024-07-26T23:00:00+00:00,10043.626538741304865
2024-07-27T00:00:00+00:00,10043.572958741304865
2024-07-27T01:00:00+00:00,10043.251538741304865
2024-07-27T02:00:00+00:00,10043.806553741304865
2024-07-27T03:00:00+00:00,10043.461553741304865
2024-07-27T04:00:00+00:00,10043.563568741304865
2024-07-27T05:00:00+00:00,10043.607368741304865
2024-07-27T06:00:00+00:00,10043.903888741304865
2024-07-27T07:00:00+00:00,10043.819573741304865
2024-07-27T08:00:00+00:00,10043.743553741304865
2024-07-27T09:00:00+00:00,10044.090368741304865
2024-07-27T10:00:00+00:00,10043.997668741304865
2024-07-27T11:00:00+00:00,10044.079373741304865
2024-07-27T12:00:00+00:00,10044.364553741304865
2024-07-27T13:00:00+00:00,10045.603568741304865
2024-07-27T14:00:00+00:00,10045.237088741304865
2024-07-27T15:00:00+00:00,10045.030553741304865
2024-07-27T16:00:00+00:00,10044.790568741304865
2024-07-27T17:00:00+00:00,10044.574568741304865
2024-07-27T18:00:00+00:00,10044.578693741304865
2024-07-27T19:00:00+00:00,10044.133553741304865
2024-07-27T20:00:00+00:00,10043.451383741304865
2024-07-27T21:00:00+00:00,10045.054553741304865
2024-07-27T22:00:00+00:00,10044.694508741304865
2024-07-27T23:00:00+00:00,10043.609303741304865
2024-07-28T00:00:00+00:00,10043.701553741304865
2024-07-28T01:00:00+00:00,10043.899568741304865
2024-07-28T02:00:00+00:00,10043.988728741304865
2024-07-28T03:00:00+00:00,10043.675978741304865
2024-07-28T04:00:00+00:00,10042.771553741304865
2024-07-28T05:00:00+00:00,10042.897553741304865
2024-07-28T06:00:00+00:00,10042.993568741304865
2024-07-28T07:00:00+00:00,10043.105843741304865
2024-07-28T08:00:00+00:00,10042.834553741304865
2024-07-28T09:00:00+00:00,10042.915028741304865
2024-07-28T10:00:00+00:00,10043.104568741304865
2024-07-28T11:00:00+00:00,10043.518553741304865
2024-07-28T12:00:00+00:00,10043.764568741304865
2024-07-28T13:00:00+00:00,10043.746568741304865
2024-07-28T14:00:00+00:00,10043.383553741304865
2024-07-28T15:00:00+00:00,10043.232053741304865
2024-07-28T16:00:00+00:00,10043.284568741304865
2024-07-28T17:00:00+00:00,10043.747258741304865
2024-07-28T18:00:00+00:00,10044.118568741304865
2024-07-28T19:00:00+00:00,10043.932553741304865
2024-07-28T20:00:00+00:00,10043.776538741304865
2024-07-28T21:00:00+00:00,10043.797448741304865
2024-07-28T22:00:00+00:00,10043.779913741304865
2024-07-28T23:00:00+00:00,10044.139373741304865
2024-07-29T00:00:00+00:00,10044.835568741304865
2024-07-29T01:00:00+00:00,10044.586538741304865
2024-07-29T02:00:00+00:00,10046.103053741304865
2024-07-29T03:00:00+00:00,10045.786058741304865
2024-07-29T04:00:00+00:00,10045.816553741304865
2024-07-29T05:00:00+00:00,10046.257658741304865
2024-07-29T06:00:00+00:00,10046.146568741304865
2024-07-29T07:00:00+00:00,10046.056568741304865
2024-07-29T08:00:00+00:00,10045.950803741304865
2024-07-29T09:00:00+00:00,10046.044553741304865
2024-07-29T10:00:00+00:00,10046.194553741304865
2024-07-29T11:00:00+00:00,10046.134568741304865
2024-07-29T12:00:00+00:00,10046.463623741304865
2024-07-29T13:00:00+00:00,10045.674953741304865
2024-07-29T14:00:00+00:00,10044.106568741304865
2024-07-29T15:00:00+00:00,10043.920553741304865
2024-07-29T16:00:00+00:00,10042.174568741304865
2024-07-29T17:00:00+00:00,10042.287173741304865
2024-07-29T18:00:00+00:00,10042.894538741304865
2024-07-29T19:00:00+00:00,10042.719128741304865
2024-07-29T20:00:00+00:00,10042.819538741304865
2024-07-29T21:00:00+00:00,10043.014553741304865
2024-07-29T22:00:00+00:00,10042.605593741304865
2024-07-29T23:00:00+00:00,10041.941588741304865
2024-07-30T00:00:00+00:00,10041.679553741304865
2024-07-30T01:00:00+00:00,10041.081548741304865
2024-07-30T02:00:00+00:00,10040.932607929794865
2024-07-30T03:00:00+00:00,10040.932607929794865
2024-07-30T04:00:00+00:00,10040.932607929794865
2024-07-30T05:00:00+00:00,10040.932607929794865
2024-07-30T06:00:00+00:00,10040.932607929794865
2024-07-30T07:00:00+00:00,10040.932607929794865
2024-07-30T08:00:00+00:00,10040.932607929794865
2024-07-30T09:00:00+00:00,10040.932607929794865
2024-07-30T10:00:00+00:00,10040.932607929794865
2024-07-30T11:00:00+00:00,10040.932607929794865
2024-07-30T12:00:00+00:00,10040.932607929794865
2024-07-30T13:00:00+00:00,10040.932607929794865
2024-07-30T14:00:00+00:00,10040.932607929794865
2024-07-30T15:00:00+00:00,10040.932607929794865
2024-07-30T16:00:00+00:00,10040.932607929794865
2024-07-30T17:00:00+00:00,10040.932607929794865
2024-07-30T18:00:00+00:00,10040.932607929794865
2024-07-30T19:00:00+00:00,10040.932607929794865
2024-07-30T20:00:00+00:00,10040.932607929794865
2024-07-30T21:00:00+00:00,10040.932607929794865
2024-07-30T22:00:00+00:00,10040.932607929794865
2024-07-30T23:00:00+00:00,10040.932607929794865
2024-07-31T00:00:00+00:00,10040.932607929794865
2024-07-31T01:00:00+00:00,10040.932607929794865
2024-07-31T02:00:00+00:00,10040.932607929794865
2024-07-31T03:00:00+00:00,10040.932607929794865
2024-07-31T04:00:00+00:00,10040.932607929794865
2024-07-31T05:00:00+00:00,10040.932607929794865
2024-07-31T06:00:00+00:00,10040.932607929794865
2024-07-31T07:00:00+00:00,10040.932607929794865
2024-07-31T08:00:00+00:00,10040.932607929794865
2024-07-31T09:00:00+00:00,10040.932607929794865
2024-07-31T10:00:00+00:00,10040.932607929794865
2024-07-31T11:00:00+00:00,10040.932607929794865
2024-07-31T12:00:00+00:00,10040.932607929794865
2024-07-31T13:00:00+00:00,10040.932607929794865
2024-07-31T14:00:00+00:00,10040.932607929794865
2024-07-31T15:00:00+00:00,10040.932607929794865
2024-07-31T16:00:00+00:00,10040.932607929794865
2024-07-31T17:00:00+00:00,10040.932607929794865
2024-07-31T18:00:00+00:00,10040.932607929794865
2024-07-31T19:00:00+00:00,10040.932607929794865
2024-07-31T20:00:00+00:00,10040.932607929794865
2024-07-31T21:00:00+00:00,10040.932607929794865
2024-07-31T22:00:00+00:00,10040.932607929794865
2024-07-31T23:00:00+00:00,10040.932607929794865
2024-08-01T00:00:00+00:00,10040.932607929794865
2024-08-01T01:00:00+00:00,10040.932607929794865
2024-08-01T02:00:00+00:00,10040.932607929794865
2024-08-01T03:00:00+00:00,10040.932607929794865
2024-08-01T04:00:00+00:00,10040.932607929794865
2024-08-01T05:00:00+00:00,10040.932607929794865
2024-08-01T06:00:00+00:00,10040.932607929794865
2024-08-01T07:00:00+00:00,10040.932607929794865
2024-08-01T08:00:00+00:00,10040.932607929794865
2024-08-01T09:00:00+00:00,10040.932607929794865
2024-08-01T10:00:00+00:00,10040.932607929794865
2024-08-01T11:00:00+00:00,10040.932607929794865
2024-08-01T12:00:00+00:00,10040.932607929794865
2024-08-01T13:00:00+00:00,10040.932607929794865
2024-08-01T14:00:00+00:00,10040.932607929794865
2024-08-01T15:00:00+00:00,10040.932607929794865
2024-08-01T16:00:00+00:00,10040.932607929794865
2024-08-01T17:00:00+00:00,10040.932607929794865
2024-08-01T18:00:00+00:00,10040.932607929794865
2024-08-01T19:00:00+00:00,10040.932607929794865
2024-08-01T20:00:00+00:00,10040.932607929794865
2024-08-01T21:00:00+00:00,10040.932607929794865
2024-08-01T22:00:00+00:00,10040.932607929794865
2024-08-01T23:00:00+00:00,10040.932607929794865
2024-08-02T00:00:00+00:00,10040.932607929794865
2024-08-02T01:00:00+00:00,10040.932607929794865
2024-08-02T02:00:00+00:00,10040.932607929794865
2024-08-02T03:00:00+00:00,10040.932607929794865
2024-08-02T04:00:00+00:00,10040.932607929794865
2024-08-02T05:00:00+00:00,10040.932607929794865
2024-08-02T06:00:00+00:00,10040.932607929794865
2024-08-02T07:00:00+00:00,10040.932607929794865
2024-08-02T08:00:00+00:00,10040.932607929794865
2024-08-02T09:00:00+00:00,10040.932607929794865
2024-08-02T10:00:00+00:00,10040.932607929794865
2024-08-02T11:00:00+00:00,10040.932607929794865
2024-08-02T12:00:00+00:00,10040.932607929794865
2024-08-02T13:00:00+00:00,10040.932607929794865
2024-08-02T14:00:00+00:00,10040.932607929794865
2024-08-02T15:00:00+00:00,10040.932607929794865
2024-08-02T16:00:00+00:00,10040.932607929794865
2024-08-02T17:00:00+00:00,10040.932607929794865
2024-08-02T18:00:00+00:00,10040.932607929794865
2024-08-02T19:00:00+00:00,10040.932607929794865
2024-08-02T20:00:00+00:00,10040.932607929794865
2024-08-02T21:00:00+00:00,10040.932607929794865
2024-08-02T22:00:00+00:00,10040.932607929794865
2024-08-02T23:00:00+00:00,10040.932607929794865
2024-08-03T00:00:00+00:00,10040.932607929794865
2024-08-03T01:00:00+00:00,10040.932607929794865
2024-08-03T02:00:00+00:00,10040.932607929794865
2024-08-03T03:00:00+00:00,10040.932607929794865
2024-08-03T04:00:00+00:00,10040.932607929794865
2024-08-03T05:00:00+00:00,10040.932607929794865
2024-08-03T06:00:00+00:00,10040.932607929794865
2024-08-03T07:00:00+00:00,10040.932607929794865
2024-08-03T08:00:00+00:00,10040.932607929794865
2024-08-03T09:00:00+00:00,10040.932607929794865
2024-08-03T10:00:00+00:00,10040.932607929794865
2024-08-03T11:00:00+00:00,10040.932607929794865
2024-08-03T12:00:00+00:00,10040.932607929794865
2024-08-03T13:00:00+00:00,10040.932607929794865
2024-08-03T14:00:00+00:00,10040.932607929794865
2024-08-03T15:00:00+00:00,10040.932607929794865
2024-08-03T16:00:00+00:00,10040.932607929794865
2024-08-03T17:00:00+00:00,10040.932607929794865
2024-08-03T18:00:00+00:00,10040.932607929794865
2024-08-03T19:00:00+00:00,10040.932607929794865
2024-08-03T20:00:00+00:00,10040.932607929794865
2024-08-03T21:00:00+00:00,10040.932607929794865
2024-08-03T22:00:00+00:00,10040.932607929794865
2024-08-03T23:00:00+00:00,10040.932607929794865
2024-08-04T00:00:00+00:00,10040.932607929794865
2024-08-04T01:00:00+00:00,10040.932607929794865
2024-08-04T02:00:00+00:00,10040.932607929794865
2024-08-04T03:00:00+00:00,10040.932607929794865
2024-08-04T04:00:00+00:00,10040.932607929794865
2024-08-04T05:00:00+00:00,10040.932607929794865
2024-08-04T06:00:00+00:00,10040.932607929794865
2024-08-04T07:00:00+00:00,10040.932607929794865
2024-08-04T08:00:00+00:00,10040.932607929794865
2024-08-04T09:00:00+00:00,10040.932607929794865
2024-08-04T10:00:00+00:00,10040.932607929794865
2024-08-04T11:00:00+00:00,10040.932607929794865
2024-08-04T12:00:00+00:00,10040.932607929794865
2024-08-04T13:00:00+00:00,10040.932607929794865
2024-08-04T14:00:00+00:00,10040.932607929794865
2024-08-04T15:00:00+00:00,10040.932607929794865
2024-08-04T16:00:00+00:00,10040.932607929794865
2024-08-04T17:00:00+00:00,10040.932607929794865
2024-08-04T18:00:00+00:00,10040.932607929794865
2024-08-04T19:00:00+00:00,10040.932607929794865
2024-08-04T20:00:00+00:00,10040.932607929794865
2024-08-04T21:00:00+00:00,10040.932607929794865
2024-08-04T22:00:00+00:00,10040.932607929794865
2024-08-04T23:00:00+00:00,10040.932607929794865
2024-08-05T00:00:00+00:00,10040.932607929794865
2024-08-05T01:00:00+00:00,10040.932607929794865
2024-08-05T02:00:00+00:00,10040.932607929794865
2024-08-05T03:00:00+00:00,10040.932607929794865
2024-08-05T04:00:00+00:00,10040.932607929794865
2024-08-05T05:00:00+00:00,10040.932607929794865
2024-08-05T06:00:00+00:00,10040.932607929794865
2024-08-05T07:00:00+00:00,10040.932607929794865
2024-08-05T08:00:00+00:00,10040.932607929794865
2024-08-05T09:00:00+00:00,10040.932607929794865
2024-08-05T10:00:00+00:00,10040.932607929794865
2024-08-05T11:00:00+00:00,10040.932607929794865
2024-08-05T12:00:00+00:00,10040.932607929794865
2024-08-05T13:00:00+00:00,10040.932607929794865
2024-08-05T14:00:00+00:00,10040.932607929794865
2024-08-05T15:00:00+00:00,10040.932607929794865
2024-08-05T16:00:00+00:00,10040.932607929794865
2024-08-05T17:00:00+00:00,10040.932607929794865
2024-08-05T18:00:00+00:00,10040.932607929794865
2024-08-05T19:00:00+00:00,10040.932607929794865
2024-08-05T20:00:00+00:00,10040.932607929794865
2024-08-05T21:00:00+00:00,10040.932607929794865
2024-08-05T22:00:00+00:00,10040.932607929794865
2024-08-05T23:00:00+00:00,10040.932607929794865
2024-08-06T00:00:00+00:00,10040.932607929794865
2024-08-06T01:00:00+00:00,10040.932607929794865
2024-08-06T02:00:00+00:00,10040.932607929794865
2024-08-06T03:00:00+00:00,10040.932607929794865
2024-08-06T04:00:00+00:00,10040.932607929794865
2024-08-06T05:00:00+00:00,10040.932607929794865
2024-08-06T06:00:00+00:00,10040.932607929794865
2024-08-06T07:00:00+00:00,10040.932607929794865
2024-08-06T08:00:00+00:00,10040.932607929794865
2024-08-06T09:00:00+00:00,10040.932607929794865
2024-08-06T10:00:00+00:00,10040.932607929794865
2024-08-06T11:00:00+00:00,10040.932607929794865
2024-08-06T12:00:00+00:00,10040.932607929794865
2024-08-06T13:00:00+00:00,10040.932607929794865
2024-08-06T14:00:00+00:00,10040.932607929794865
2024-08-06T15:00:00+00:00,10040.932607929794865
2024-08-06T16:00:00+00:00,10040.932607929794865
2024-08-06T17:00:00+00:00,10040.932607929794865
2024-08-06T18:00:00+00:00,10040.932607929794865
2024-08-06T19:00:00+00:00,10040.932607929794865
2024-08-06T20:00:00+00:00,10040.932607929794865
2024-08-06T21:00:00+00:00,10040.932607929794865
2024-08-06T22:00:00+00:00,10040.932607929794865
2024-08-06T23:00:00+00:00,10040.932607929794865
2024-08-07T00:00:00+00:00,10040.932607929794865
2024-08-07T01:00:00+00:00,10040.932607929794865
2024-08-07T02:00:00+00:00,10040.932607929794865
2024-08-07T03:00:00+00:00,10040.932607929794865
2024-08-07T04:00:00+00:00,10040.932607929794865
2024-08-07T05:00:00+00:00,10040.932607929794865
2024-08-07T06:00:00+00:00,10040.932607929794865
2024-08-07T07:00:00+00:00,10040.932607929794865
2024-08-07T08:00:00+00:00,10040.932607929794865
2024-08-07T09:00:00+00:00,10040.932607929794865
2024-08-07T10:00:00+00:00,10040.932607929794865
2024-08-07T11:00:00+00:00,10040.932607929794865
2024-08-07T12:00:00+00:00,10040.932607929794865
2024-08-07T13:00:00+00:00,10040.932607929794865
2024-08-07T14:00:00+00:00,10040.932607929794865
2024-08-07T15:00:00+00:00,10040.932607929794865
2024-08-07T16:00:00+00:00,10040.932607929794865
2024-08-07T17:00:00+00:00,10040.932607929794865
2024-08-07T18:00:00+00:00,10040.932607929794865
2024-08-07T19:00:00+00:00,10040.932607929794865
2024-08-07T20:00:00+00:00,10040.932607929794865
2024-08-07T21:00:00+00:00,10040.932607929794865
2024-08-07T22:00:00+00:00,10040.932607929794865
2024-08-07T23:00:00+00:00,10040.932607929794865
2024-08-08T00:00:00+00:00,10040.932607929794865
2024-08-08T01:00:00+00:00,10040.932607929794865
2024-08-08T02:00:00+00:00,10040.932607929794865
2024-08-08T03:00:00+00:00,10040.932607929794865
2024-08-08T04:00:00+00:00,10040.932607929794865
2024-08-08T05:00:00+00:00,10040.932607929794865
2024-08-08T06:00:00+00:00,10040.932607929794865
2024-08-08T07:00:00+00:00,10040.932607929794865
2024-08-08T08:00:00+00:00,10040.932607929794865
2024-08-08T09:00:00+00:00,10040.932607929794865
2024-08-08T10:00:00+00:00,10040.932607929794865
2024-08-08T11:00:00+00:00,10040.932607929794865
2024-08-08T12:00:00+00:00,10040.932607929794865
2024-08-08T13:00:00+00:00,10040.932607929794865
2024-08-08T14:00:00+00:00,10040.932607929794865
2024-08-08T15:00:00+00:00,10040.932607929794865
2024-08-08T16:00:00+00:00,10041.019351998818530
2024-08-08T17:00:00+00:00,10040.852681478818530
2024-08-08T18:00:00+00:00,10040.613198168818530
2024-08-08T19:00:00+00:00,10040.759161548818530
2024-08-08T20:00:00+00:00,10040.914177968818530
2024-08-08T21:00:00+00:00,10043.730416568818530
2024-08-08T22:00:00+00:00,10045.686802158818530
2024-08-08T23:00:00+00:00,10044.595691268818530
2024-08-09T00:00:00+00:00,10043.798500158818530
2024-08-09T01:00:00+00:00,10044.112654158818530
2024-08-09T02:00:00+00:00,10043.834830548818530
2024-08-09T03:00:00+00:00,10044.042374868818530
2024-08-09T04:00:00+00:00,10042.964151048818530
2024-08-09T05:00:00+00:00,10043.418475158818530
2024-08-09T06:00:00+00:00,10043.251281048818530
2024-08-09T07:00:00+00:00,10043.206623888818530
2024-08-09T08:00:00+00:00,10043.598742128818530
2024-08-09T09:00:00+00:00,10043.031677268818530
2024-08-09T10:00:00+00:00,10042.761471048818530
2024-08-09T11:00:00+00:00,10042.854754518818530
2024-08-09T12:00:00+00:00,10042.680365268818530
2024-08-09T13:00:00+00:00,10042.508121048818530
2024-08-09T14:00:00+00:00,10042.324121388818530
2024-08-09T15:00:00+00:00,10041.427532628818530
2024-08-09T16:00:00+00:00,10042.478800008818530
2024-08-09T17:00:00+00:00,10042.081631658818530
2024-08-09T18:00:00+00:00,10042.278788628818530
2024-08-09T19:00:00+00:00,10042.898972538818530
2024-08-09T20:00:00+00:00,10043.007980598818530
2024-08-09T21:00:00+00:00,10042.984419048818530
2024-08-09T22:00:00+00:00,10043.037740778818530
2024-08-09T23:00:00+00:00,10043.163419268818530
2024-08-10T00:00:00+00:00,10042.663357038818530
2024-08-10T01:00:00+00:00,10042.531750158818530
2024-08-10T02:00:00+00:00,10042.653780408818530
2024-08-10T03:00:00+00:00,10042.487565918818530
2024-08-10T04:00:00+00:00,10042.446438768818530
2024-08-10T05:00:00+00:00,10042.348426098818530
2024-08-10T06:00:00+00:00,10042.521616158818530
2024-08-10T07:00:00+00:00,10043.170192158818530
2024-08-10T08:00:00+00:00,10042.987070778818530
2024-08-10T09:00:00+00:00,10043.262242658818530
2024-08-10T10:00:00+00:00,10043.079003048818530
2024-08-10T11:00:00+00:00,10043.303420478818530
2024-08-10T12:00:00+00:00,10042.968880248818530
2024-08-10T13:00:00+00:00,10042.476958998818530
2024-08-10T14:00:00+00:00,10042.736760978818530
2024-08-10T15:00:00+00:00,10042.619392368818530
2024-08-10T16:00:00+00:00,10042.884058668818530
2024-08-10T17:00:00+00:00,10043.044868358818530
2024-08-10T18:00:00+00:00,10043.358312978818530
2024-08-10T19:00:00+00:00,10043.464838208818530
2024-08-10T20:00:00+00:00,10043.413729068818530
2024-08-10T21:00:00+00:00,10043.565401268818530
2024-08-10T22:00:00+00:00,10043.319280188818530
2024-08-10T23:00:00+00:00,10043.307862548818530
2024-08-11T00:00:00+00:00,10043.597762508818530
2024-08-11T01:00:00+00:00,10043.626391058818530
2024-08-11T02:00:00+00:00,10043.482285578818530
2024-08-11T03:00:00+00:00,10043.580636048818530
2024-08-11T04:00:00+00:00,10043.261381268818530
2024-08-11T05:00:00+00:00,10043.630089968818530
2024-08-11T06:00:00+00:00,10043.639751048818530
2024-08-11T07:00:00+00:00,10043.871127158818530
2024-08-11T08:00:00+00:00,10043.876903538818530
2024-08-11T09:00:00+00:00,10043.622844158818530
2024-08-11T10:00:00+00:00,10043.500611228818530
2024-08-11T11:00:00+00:00,10042.878248508818530
2024-08-11T12:00:00+00:00,10042.579194168818530
2024-08-11T13:00:00+00:00,10042.520839218818530
2024-08-11T14:00:00+00:00,10042.339204158818530
2024-08-11T15:00:00+00:00,10041.963046968818530
2024-08-11T16:00:00+00:00,10042.055789958818530
2024-08-11T17:00:00+00:00,10042.195757388818530
2024-08-11T18:00:00+00:00,10042.192446948818530
2024-08-11T19:00:00+00:00,10041.108108948818530
2024-08-11T20:00:00+00:00,10039.222864038818530
2024-08-11T21:00:00+00:00,10040.075606358818530
2024-08-11T22:00:00+00:00,10040.052298158818530
2024-08-11T23:00:00+00:00,10039.573618668818530
2024-08-12T00:00:00+00:00,10039.130104158818530
2024-08-12T01:00:00+00:00,10039.356447048818530
2024-08-12T02:00:00+00:00,10039.208090798353420
2024-08-12T03:00:00+00:00,10039.208090798353420
2024-08-12T04:00:00+00:00,10039.208090798353420
2024-08-12T05:00:00+00:00,10039.208090798353420
2024-08-12T06:00:00+00:00,10039.208090798353420
2024-08-12T07:00:00+00:00,10039.208090798353420
2024-08-12T08:00:00+00:00,10039.208090798353420
2024-08-12T09:00:00+00:00,10039.208090798353420
2024-08-12T10:00:00+00:00,10039.208090798353420
2024-08-12T11:00:00+00:00,10039.208090798353420
2024-08-12T12:00:00+00:00,10039.208090798353420
2024-08-12T13:00:00+00:00,10039.208090798353420
2024-08-12T14:00:00+00:00,10039.208090798353420
2024-08-12T15:00:00+00:00,10039.208090798353420
2024-08-12T16:00:00+00:00,10039.208090798353420
2024-08-12T17:00:00+00:00,10039.208090798353420
2024-08-12T18:00:00+00:00,10039.208090798353420
2024-08-12T19:00:00+00:00,10039.208090798353420
2024-08-12T20:00:00+00:00,10039.208090798353420
2024-08-12T21:00:00+00:00,10039.208090798353420
2024-08-12T22:00:00+00:00,10039.208090798353420
2024-08-12T23:00:00+00:00,10039.208090798353420
2024-08-13T00:00:00+00:00,10039.208090798353420
2024-08-13T01:00:00+00:00,10039.208090798353420
2024-08-13T02:00:00+00:00,10039.208090798353420
2024-08-13T03:00:00+00:00,10039.208090798353420
2024-08-13T04:00:00+00:00,10039.208090798353420
2024-08-13T05:00:00+00:00,10039.208090798353420
2024-08-13T06:00:00+00:00,10039.208090798353420
2024-08-13T07:00:00+00:00,10039.208090798353420
2024-08-13T08:00:00+00:00,10039.208090798353420
2024-08-13T09:00:00+00:00,10039.208090798353420
2024-08-13T10:00:00+00:00,10039.208090798353420
2024-08-13T11:00:00+00:00,10039.208090798353420
2024-08-13T12:00:00+00:00,10039.208090798353420
2024-08-13T13:00:00+00:00,10039.208090798353420
2024-08-13T14:00:00+00:00,10039.208090798353420
2024-08-13T15:00:00+00:00,10039.208090798353420
2024-08-13T16:00:00+00:00,10039.208090798353420
2024-08-13T17:00:00+00:00,10039.208090798353420
2024-08-13T18:00:00+00:00,10038.446745642184030
2024-08-13T19:00:00+00:00,10038.487343982184030
2024-08-13T20:00:00+00:00,10038.075436572184030
2024-08-13T21:00:00+00:00,10038.831757062184030
2024-08-13T22:00:00+00:00,10038.101692572184030
2024-08-13T23:00:00+00:00,10038.104990982184030
2024-08-14T00:00:00+00:00,10038.432698682184030
2024-08-14T01:00:00+00:00,10037.995454232184030
2024-08-14T02:00:00+00:00,10038.463286922184030
2024-08-14T03:00:00+00:00,10038.705071862184030
2024-08-14T04:00:00+00:00,10038.689777742184030
2024-08-14T05:00:00+00:00,10038.511122072184030
2024-08-14T06:00:00+00:00,10038.555199332184030
2024-08-14T07:00:00+00:00,10038.641384652184030
2024-08-14T08:00:00+00:00,10038.611813832184030
2024-08-14T09:00:00+00:00,10038.548159442184030
2024-08-14T10:00:00+00:00,10038.946577832184030
2024-08-14T11:00:00+00:00,10039.269641502184030
2024-08-14T12:00:00+00:00,10038.888371562184030
2024-08-14T13:00:00+00:00,10036.504638552184030
2024-08-14T14:00:00+00:00,10036.325359302184030
2024-08-14T15:00:00+00:00,10036.215445122184030
2024-08-14T16:00:00+00:00,10035.717073422184030
2024-08-14T17:00:00+00:00,10035.776756592184030
2024-08-14T18:00:00+00:00,10035.484149882184030
2024-08-14T19:00:00+00:00,10035.321822162184030
2024-08-14T20:00:00+00:00,10035.745249392184030
2024-08-14T21:00:00+00:00,10035.358629792184030
2024-08-14T22:00:00+00:00,10035.213678788213215
2024-08-14T23:00:00+00:00,10035.213678788213215
2024-08-15T00:00:00+00:00,10035.213678788213215
2024-08-15T01:00:00+00:00,10035.213678788213215
2024-08-15T02:00:00+00:00,10035.213678788213215
2024-08-15T03:00:00+00:00,10035.213678788213215
2024-08-15T04:00:00+00:00,10035.213678788213215
2024-08-15T05:00:00+00:00,10035.213678788213215
2024-08-15T06:00:00+00:00,10035.213678788213215
2024-08-15T07:00:00+00:00,10035.213678788213215
2024-08-15T08:00:00+00:00,10035.213678788213215
2024-08-15T09:00:00+00:00,10035.213678788213215
2024-08-15T10:00:00+00:00,10035.213678788213215
2024-08-15T11:00:00+00:00,10035.213678788213215
2024-08-15T12:00:00+00:00,10035.213678788213215
2024-08-15T13:00:00+00:00,10035.213678788213215
2024-08-15T14:00:00+00:00,10035.213678788213215
2024-08-15T15:00:00+00:00,10035.213678788213215
2024-08-15T16:00:00+00:00,10035.213678788213215
2024-08-15T17:00:00+00:00,10035.213678788213215
2024-08-15T18:00:00+00:00,10035.213678788213215
2024-08-15T19:00:00+00:00,10035.213678788213215
2024-08-15T20:00:00+00:00,10035.213678788213215
2024-08-15T21:00:00+00:00,10035.213678788213215
2024-08-15T22:00:00+00:00,10035.213678788213215
2024-08-15T23:00:00+00:00,10035.213678788213215
2024-08-16T00:00:00+00:00,10035.213678788213215
2024-08-16T01:00:00+00:00,10035.213678788213215
2024-08-16T02:00:00+00:00,10035.213678788213215
2024-08-16T03:00:00+00:00,10035.213678788213215
2024-08-16T04:00:00+00:00,10035.213678788213215
2024-08-16T05:00:00+00:00,10035.213678788213215
2024-08-16T06:00:00+00:00,10035.213678788213215
2024-08-16T07:00:00+00:00,10035.213678788213215
2024-08-16T08:00:00+00:00,10035.213678788213215
2024-08-16T09:00:00+00:00,10035.213678788213215
2024-08-16T10:00:00+00:00,10035.213678788213215
2024-08-16T11:00:00+00:00,10035.213678788213215
2024-08-16T12:00:00+00:00,10035.213678788213215
2024-08-16T13:00:00+00:00,10035.213678788213215
2024-08-16T14:00:00+00:00,10035.213678788213215
2024-08-16T15:00:00+00:00,10035.213678788213215
2024-08-16T16:00:00+00:00,10035.213678788213215
2024-08-16T17:00:00+00:00,10035.213678788213215
2024-08-16T18:00:00+00:00,10035.213678788213215
2024-08-16T19:00:00+00:00,10035.213678788213215
2024-08-16T20:00:00+00:00,10035.213678788213215
2024-08-16T21:00:00+00:00,10035.213678788213215
2024-08-16T22:00:00+00:00,10035.213678788213215
2024-08-16T23:00:00+00:00,10035.213678788213215
2024-08-17T00:00:00+00:00,10035.213678788213215
2024-08-17T01:00:00+00:00,10035.213678788213215
2024-08-17T02:00:00+00:00,10035.213678788213215
2024-08-17T03:00:00+00:00,10035.213678788213215
2024-08-17T04:00:00+00:00,10035.213678788213215
2024-08-17T05:00:00+00:00,10035.213678788213215
2024-08-17T06:00:00+00:00,10035.213678788213215
2024-08-17T07:00:00+00:00,10035.213678788213215
2024-08-17T08:00:00+00:00,10035.213678788213215
2024-08-17T09:00:00+00:00,10035.213678788213215
2024-08-17T10:00:00+00:00,10034.691211891009290
2024-08-17T11:00:00+00:00,10034.743159411009290
2024-08-17T12:00:00+00:00,10034.900337861009290
2024-08-17T13:00:00+00:00,10035.059646971009290
2024-08-17T14:00:00+00:00,10035.416600161009290
2024-08-17T15:00:00+00:00,10035.167583501009290
2024-08-17T16:00:00+00:00,10035.542968591009290
2024-08-17T17:00:00+00:00,10035.236001361009290
2024-08-17T18:00:00+00:00,10035.217569461009290
2024-08-17T19:00:00+00:00,10035.311453781009290
2024-08-17T20:00:00+00:00,10035.182819411009290
2024-08-17T21:00:00+00:00,10035.025015291009290
2024-08-17T22:00:00+00:00,10035.042584781009290
2024-08-17T23:00:00+00:00,10035.343244581009290
2024-08-18T00:00:00+00:00,10035.659360121009290
2024-08-18T01:00:00+00:00,10035.248480941009290
2024-08-18T02:00:00+00:00,10036.415355491009290
2024-08-18T03:00:00+00:00,10035.081866711009290
2024-08-18T04:00:00+00:00,10035.282385491009290
2024-08-18T05:00:00+00:00,10035.339879491009290
2024-08-18T06:00:00+00:00,10035.519108581009290
2024-08-18T07:00:00+00:00,10035.480891981009290
2024-08-18T08:00:00+00:00,10035.705169311009290
2024-08-18T09:00:00+00:00,10035.999369491009290
2024-08-18T10:00:00+00:00,10035.983693921009290
2024-08-18T11:00:00+00:00,10036.242890401009290
2024-08-18T12:00:00+00:00,10036.150798541009290
2024-08-18T13:00:00+00:00,10035.911437491009290
2024-08-18T14:00:00+00:00,10035.874252401009290
2024-08-18T15:00:00+00:00,10035.972296581009290
2024-08-18T16:00:00+00:00,10035.932490441009290
2024-08-18T17:00:00+00:00,10035.403427271009290
2024-08-18T18:00:00+00:00,10035.529558961009290
2024-08-18T19:00:00+00:00,10035.709160071009290
2024-08-18T20:00:00+00:00,10035.888659721009290
2024-08-18T21:00:00+00:00,10035.254196521009290
2024-08-18T22:00:00+00:00,10035.103139491009290
2024-08-18T23:00:00+00:00,10033.542938341009290
2024-08-19T00:00:00+00:00,10033.405426221009290
2024-08-19T01:00:00+00:00,10033.774013491009290
2024-08-19T02:00:00+00:00,10033.954121901009290
2024-08-19T03:00:00+00:00,10034.066302841009290
2024-08-19T04:00:00+00:00,10033.917366482990965
2024-08-19T05:00:00+00:00,10033.917366482990965
2024-08-19T06:00:00+00:00,10033.917366482990965
2024-08-19T07:00:00+00:00,10033.917366482990965
2024-08-19T08:00:00+00:00,10033.917366482990965
2024-08-19T09:00:00+00:00,10033.917366482990965
2024-08-19T10:00:00+00:00,10033.917366482990965
2024-08-19T11:00:00+00:00,10033.917366482990965
2024-08-19T12:00:00+00:00,10033.917366482990965
2024-08-19T13:00:00+00:00,10033.917366482990965
2024-08-19T14:00:00+00:00,10033.917366482990965
2024-08-19T15:00:00+00:00,10033.917366482990965
2024-08-19T16:00:00+00:00,10033.917366482990965
2024-08-19T17:00:00+00:00,10033.917366482990965
2024-08-19T18:00:00+00:00,10033.917366482990965
2024-08-19T19:00:00+00:00,10033.917366482990965
2024-08-19T20:00:00+00:00,10033.917366482990965
2024-08-19T21:00:00+00:00,10033.917366482990965
2024-08-19T22:00:00+00:00,10033.917366482990965
2024-08-19T23:00:00+00:00,10033.917366482990965
2024-08-20T00:00:00+00:00,10033.917366482990965
2024-08-20T01:00:00+00:00,10033.917366482990965
2024-08-20T02:00:00+00:00,10033.904244982460785
2024-08-20T03:00:00+00:00,10034.054135632460785
2024-08-20T04:00:00+00:00,10034.462963002460785
2024-08-20T05:00:00+00:00,10034.884979422460785
2024-08-20T06:00:00+00:00,10034.620949572460785
2024-08-20T07:00:00+00:00,10034.560379482460785
2024-08-20T08:00:00+00:00,10034.296266682460785
2024-08-20T09:00:00+00:00,10034.447086372460785
2024-08-20T10:00:00+00:00,10034.214776602460785
2024-08-20T11:00:00+00:00,10033.887638392460785
2024-08-20T12:00:00+00:00,10034.177780902460785
2024-08-20T13:00:00+00:00,10034.506727422460785
2024-08-20T14:00:00+00:00,10032.134042212460785
2024-08-20T15:00:00+00:00,10031.078470282460785
2024-08-20T16:00:00+00:00,10031.038023862460785
2024-08-20T17:00:00+00:00,10031.433413332460785
2024-08-20T18:00:00+00:00,10031.685531562460785
2024-08-20T19:00:00+00:00,10032.217307422460785
2024-08-20T20:00:00+00:00,10031.894764642460785
2024-08-20T21:00:00+00:00,10031.860539472460785
2024-08-20T22:00:00+00:00,10031.978428012460785
2024-08-20T23:00:00+00:00,10031.390810212460785
2024-08-21T00:00:00+00:00,10031.349667012460785
2024-08-21T01:00:00+00:00,10031.835057232460785
2024-08-21T02:00:00+00:00,10031.970663892460785
2024-08-21T03:00:00+00:00,10031.898796012460785
2024-08-21T04:00:00+00:00,10031.961838012460785
2024-08-21T05:00:00+00:00,10031.998319422460785
2024-08-21T06:00:00+00:00,10032.408639892460785
2024-08-21T07:00:00+00:00,10032.549124012460785
2024-08-21T08:00:00+00:00,10032.102853012460785
2024-08-21T09:00:00+00:00,10031.849872102460785
2024-08-21T10:00:00+00:00,10032.144991612460785
2024-08-21T11:00:00+00:00,10031.967047272460785
2024-08-21T12:00:00+00:00,10032.208863112460785
2024-08-21T13:00:00+00:00,10032.907468012460785
2024-08-21T14:00:00+00:00,10032.048786202460785
2024-08-21T15:00:00+00:00,10032.216992212460785
2024-08-21T16:00:00+00:00,10032.837093232460785
2024-08-21T17:00:00+00:00,10032.908164792460785
2024-08-21T18:00:00+00:00,10034.306469532460785
2024-08-21T19:00:00+00:00,10035.631546012460785
2024-08-21T20:00:00+00:00,10035.077440012460785
2024-08-21T21:00:00+00:00,10035.077390242460785
2024-08-21T22:00:00+00:00,10034.978679742460785
2024-08-21T23:00:00+00:00,10034.944769782460785
2024-08-22T00:00:00+00:00,10034.384226862460785
2024-08-22T01:00:00+00:00,10034.636146012460785
2024-08-22T02:00:00+00:00,10033.336286332460785
2024-08-22T03:00:00+00:00,10033.937541112460785
2024-08-22T04:00:00+00:00,10034.411384692460785
2024-08-22T05:00:00+00:00,10034.228032012460785
2024-08-22T06:00:00+00:00,10034.292583702460785
2024-08-22T07:00:00+00:00,10034.659886302460785
2024-08-22T08:00:00+00:00,10034.564493802460785
2024-08-22T09:00:00+00:00,10034.500074832460785
2024-08-22T10:00:00+00:00,10035.266582602460785
2024-08-22T11:00:00+00:00,10035.243489322460785
2024-08-22T12:00:00+00:00,10034.485492222460785
2024-08-22T13:00:00+00:00,10034.380643422460785
2024-08-22T14:00:00+00:00,10033.873802332460785
2024-08-22T15:00:00+00:00,10033.702792612460785
2024-08-22T16:00:00+00:00,10033.573888312460785
2024-08-22T17:00:00+00:00,10033.300153312460785
2024-08-22T18:00:00+00:00,10033.576310452460785
2024-08-22T19:00:00+00:00,10033.537888012460785
2024-08-22T20:00:00+00:00,10034.155052602460785
2024-08-22T21:00:00+00:00,10033.931850742460785
2024-08-22T22:00:00+00:00,10033.748663962460785
2024-08-22T23:00:00+00:00,10033.650434572460785
2024-08-23T00:00:00+00:00,10034.231615452460785
2024-08-23T01:00:00+00:00,10034.301774562460785
2024-08-23T02:00:00+00:00,10034.064952312460785
2024-08-23T03:00:00+00:00,10034.011217302460785
2024-08-23T04:00:00+00:00,10034.200675102460785
2024-08-23T05:00:00+00:00,10034.447451352460785
2024-08-23T06:00:00+00:00,10035.000429232460785
2024-08-23T07:00:00+00:00,10034.800834942460785
2024-08-23T08:00:00+00:00,10035.219118612460785
2024-08-23T09:00:00+00:00,10034.722629682460785
2024-08-23T10:00:00+00:00,10034.786700262460785
2024-08-23T11:00:00+00:00,10034.257363132460785
2024-08-23T12:00:00+00:00,10034.929092232460785
2024-08-23T13:00:00+00:00,10034.884979422460785
2024-08-23T14:00:00+00:00,10034.677471702460785
2024-08-23T15:00:00+00:00,10035.570245962460785
2024-08-23T16:00:00+00:00,10035.900287422460785
2024-08-23T17:00:00+00:00,10038.003733522460785
2024-08-23T18:00:00+00:00,10038.257079412460785
2024-08-23T19:00:00+00:00,10039.047161572460785
2024-08-23T20:00:00+00:00,10039.045336672460785
2024-08-23T21:00:00+00:00,10040.314206232460785
2024-08-23T22:00:00+00:00,10039.803864652460785
2024-08-23T23:00:00+00:00,10039.724697172460785
2024-08-24T00:00:00+00:00,10039.599509032460785
2024-08-24T01:00:00+00:00,10039.391636332460785
2024-08-24T02:00:00+00:00,10039.579949422460785
2024-08-24T03:00:00+00:00,10039.384220602460785
2024-08-24T04:00:00+00:00,10039.493051002460785
2024-08-24T05:00:00+00:00,10039.642974832460785
2024-08-24T06:00:00+00:00,10039.742548012460785
2024-08-24T07:00:00+00:00,10040.185501012460785
2024-08-24T08:00:00+00:00,10040.353060012460785
2024-08-24T09:00:00+00:00,10040.208162952460785
2024-08-24T10:00:00+00:00,10039.858279852460785
2024-08-24T11:00:00+00:00,10039.505327602460785
2024-08-24T12:00:00+00:00,10039.807232422460785
2024-08-24T13:00:00+00:00,10040.030367922460785
2024-08-24T14:00:00+00:00,10039.947998572460785
2024-08-24T15:00:00+00:00,10039.623100012460785
2024-08-24T16:00:00+00:00,10040.157314602460785
2024-08-24T17:00:00+00:00,10039.747508422460785
2024-08-24T18:00:00+00:00,10040.032972552460785
2024-08-24T19:00:00+00:00,10040.012301412460785
2024-08-24T20:00:00+00:00,10039.880245012460785
2024-08-24T21:00:00+00:00,10039.019837842460785
2024-08-24T22:00:00+00:00,10039.387488832460785
2024-08-24T23:00:00+00:00,10039.923395602460785
2024-08-25T00:00:00+00:00,10039.954883422460785
2024-08-25T01:00:00+00:00,10039.911898732460785
2024-08-25T02:00:00+00:00,10039.890199012460785
2024-08-25T03:00:00+00:00,10039.830491602460785
2024-08-25T04:00:00+00:00,10039.913408422460785
2024-08-25T05:00:00+00:00,10039.891028512460785
2024-08-25T06:00:00+00:00,10039.652962012460785
2024-08-25T07:00:00+00:00,10039.444359352460785
2024-08-25T08:00:00+00:00,10039.548445012460785
2024-08-25T09:00:00+00:00,10039.432829302460785
2024-08-25T10:00:00+00:00,10039.465511602460785
2024-08-25T11:00:00+00:00,10039.453732702460785
2024-08-25T12:00:00+00:00,10039.536832012460785
2024-08-25T13:00:00+00:00,10039.798987192460785
2024-08-25T14:00:00+00:00,10039.908464602460785
2024-08-25T15:00:00+00:00,10039.882169452460785
2024-08-25T16:00:00+00:00,10039.719305422460785
2024-08-25T17:00:00+00:00,10039.896818422460785
2024-08-25T18:00:00+00:00,10039.939952422460785
2024-08-25T19:00:00+00:00,10039.973829202460785
2024-08-25T20:00:00+00:00,10040.006312422460785
2024-08-25T21:00:00+00:00,10040.299524082460785
2024-08-25T22:00:00+00:00,10040.462570602460785
2024-08-25T23:00:00+00:00,10040.027896012460785
2024-08-26T00:00:00+00:00,10039.847081602460785
2024-08-26T01:00:00+00:00,10039.563342832460785
2024-08-26T02:00:00+00:00,10039.779046012460785
2024-08-26T03:00:00+00:00,10039.853684422460785
2024-08-26T04:00:00+00:00,10039.694437012460785
2024-08-26T05:00:00+00:00,10039.579982602460785
2024-08-26T06:00:00+00:00,10039.212397972460785
2024-08-26T07:00:00+00:00,10039.044125602460785
2024-08-26T08:00:00+00:00,10039.228258012460785
2024-08-26T09:00:00+00:00,10039.425662422460785
2024-08-26T10:00:00+00:00,10039.297936012460785
2024-08-26T11:00:00+00:00,10039.428997012460785
2024-08-26T12:00:00+00:00,10039.054063012460785
2024-08-26T13:00:00+00:00,10039.274710012460785
2024-08-26T14:00:00+00:00,10038.834411412460785
2024-08-26T15:00:00+00:00,10038.887383282460785
2024-08-26T16:00:00+00:00,10039.173511012460785
2024-08-26T17:00:00+00:00,10038.627683422460785
2024-08-26T18:00:00+00:00,10039.072212472460785
2024-08-26T19:00:00+00:00,10038.572936422460785
2024-08-26T20:00:00+00:00,10038.695735602460785
2024-08-26T21:00:00+00:00,10038.262404802460785
2024-08-26T22:00:00+00:00,10037.959139602460785
2024-08-26T23:00:00+00:00,10037.728522012460785
2024-08-27T00:00:00+00:00,10037.542714012460785
2024-08-27T01:00:00+00:00,10037.995289212460785
2024-08-27T02:00:00+00:00,10037.838132142460785
2024-08-27T03:00:00+00:00,10037.954146012460785
2024-08-27T04:00:00+00:00,10038.068600422460785
2024-08-27T05:00:00+00:00,10038.252799192460785
2024-08-27T06:00:00+00:00,10037.607415012460785
2024-08-27T07:00:00+00:00,10037.841848302460785
2024-08-27T08:00:00+00:00,10037.694313432460785
2024-08-27T09:00:00+00:00,10037.473019422460785
2024-08-27T10:00:00+00:00,10036.895786962460785
2024-08-27T11:00:00+00:00,10036.740741925594555
2024-08-27T12:00:00+00:00,10036.740741925594555
2024-08-27T13:00:00+00:00,10036.740741925594555
2024-08-27T14:00:00+00:00,10036.740741925594555
2024-08-27T15:00:00+00:00,10036.740741925594555
2024-08-27T16:00:00+00:00,10036.740741925594555
2024-08-27T17:00:00+00:00,10036.740741925594555
2024-08-27T18:00:00+00:00,10036.740741925594555
2024-08-27T19:00:00+00:00,10036.740741925594555
2024-08-27T20:00:00+00:00,10036.740741925594555
2024-08-27T21:00:00+00:00,10036.740741925594555
2024-08-27T22:00:00+00:00,10036.740741925594555
2024-08-27T23:00:00+00:00,10036.740741925594555
2024-08-28T00:00:00+00:00,10036.740741925594555
2024-08-28T01:00:00+00:00,10036.740741925594555
2024-08-28T02:00:00+00:00,10036.740741925594555
2024-08-28T03:00:00+00:00,10036.740741925594555
2024-08-28T04:00:00+00:00,10036.740741925594555
2024-08-28T05:00:00+00:00,10036.740741925594555
2024-08-28T06:00:00+00:00,10036.740741925594555
2024-08-28T07:00:00+00:00,10036.740741925594555
2024-08-28T08:00:00+00:00,10036.740741925594555
2024-08-28T09:00:00+00:00,10036.740741925594555
2024-08-28T10:00:00+00:00,10036.740741925594555
2024-08-28T11:00:00+00:00,10036.740741925594555
2024-08-28T12:00:00+00:00,10036.740741925594555
2024-08-28T13:00:00+00:00,10036.740741925594555
2024-08-28T14:00:00+00:00,10036.740741925594555
2024-08-28T15:00:00+00:00,10036.740741925594555
2024-08-28T16:00:00+00:00,10036.740741925594555
2024-08-28T17:00:00+00:00,10036.740741925594555
2024-08-28T18:00:00+00:00,10036.740741925594555
2024-08-28T19:00:00+00:00,10036.740741925594555
2024-08-28T20:00:00+00:00,10036.740741925594555
2024-08-28T21:00:00+00:00,10036.740741925594555
2024-08-28T22:00:00+00:00,10036.740741925594555
2024-08-28T23:00:00+00:00,10036.740741925594555
2024-08-29T00:00:00+00:00,10036.740741925594555
2024-08-29T01:00:00+00:00,10036.740741925594555
2024-08-29T02:00:00+00:00,10036.740741925594555
2024-08-29T03:00:00+00:00,10036.740741925594555
2024-08-29T04:00:00+00:00,10036.740741925594555
2024-08-29T05:00:00+00:00,10036.740741925594555
2024-08-29T06:00:00+00:00,10036.740741925594555
2024-08-29T07:00:00+00:00,10036.740741925594555
2024-08-29T08:00:00+00:00,10036.740741925594555
2024-08-29T09:00:00+00:00,10036.740741925594555
2024-08-29T10:00:00+00:00,10036.740741925594555
2024-08-29T11:00:00+00:00,10036.740741925594555
2024-08-29T12:00:00+00:00,10036.740741925594555
2024-08-29T13:00:00+00:00,10036.740741925594555
2024-08-29T14:00:00+00:00,10036.740741925594555
2024-08-29T15:00:00+00:00,10036.740741925594555
2024-08-29T16:00:00+00:00,10036.740741925594555
2024-08-29T17:00:00+00:00,10036.740741925594555
2024-08-29T18:00:00+00:00,10036.740741925594555
2024-08-29T19:00:00+00:00,10036.740741925594555
2024-08-29T20:00:00+00:00,10036.740741925594555
2024-08-29T21:00:00+00:00,10036.740741925594555
2024-08-29T22:00:00+00:00,10036.740741925594555
2024-08-29T23:00:00+00:00,10036.740741925594555
2024-08-30T00:00:00+00:00,10036.740741925594555
2024-08-30T01:00:00+00:00,10036.740741925594555
2024-08-30T02:00:00+00:00,10036.740741925594555
2024-08-30T03:00:00+00:00,10036.740741925594555
2024-08-30T04:00:00+00:00,10036.740741925594555
2024-08-30T05:00:00+00:00,10036.740741925594555
2024-08-30T06:00:00+00:00,10036.740741925594555
2024-08-30T07:00:00+00:00,10036.740741925594555
2024-08-30T08:00:00+00:00,10036.740741925594555
2024-08-30T09:00:00+00:00,10036.740741925594555
2024-08-30T10:00:00+00:00,10036.740741925594555
2024-08-30T11:00:00+00:00,10036.740741925594555
2024-08-30T12:00:00+00:00,10036.740741925594555
2024-08-30T13:00:00+00:00,10036.740741925594555
2024-08-30T14:00:00+00:00,10036.740741925594555
2024-08-30T15:00:00+00:00,10036.740741925594555
2024-08-30T16:00:00+00:00,10036.740741925594555
2024-08-30T17:00:00+00:00,10036.740741925594555
2024-08-30T18:00:00+00:00,10036.740741925594555
2024-08-30T19:00:00+00:00,10036.740741925594555
2024-08-30T20:00:00+00:00,10036.740741925594555
2024-08-30T21:00:00+00:00,10036.740741925594555
2024-08-30T22:00:00+00:00,10036.740741925594555
2024-08-30T23:00:00+00:00,10036.740741925594555
2024-08-31T00:00:00+00:00,10036.740741925594555
2024-08-31T01:00:00+00:00,10036.740741925594555
2024-08-31T02:00:00+00:00,10036.740741925594555
2024-08-31T03:00:00+00:00,10036.740741925594555
2024-08-31T04:00:00+00:00,10036.740741925594555
2024-08-31T05:00:00+00:00,10036.740741925594555
2024-08-31T06:00:00+00:00,10036.740741925594555
2024-08-31T07:00:00+00:00,10036.740741925594555
2024-08-31T08:00:00+00:00,10036.740741925594555
2024-08-31T09:00:00+00:00,10036.740741925594555
2024-08-31T10:00:00+00:00,10036.740741925594555
2024-08-31T11:00:00+00:00,10036.740741925594555
2024-08-31T12:00:00+00:00,10036.740741925594555
2024-08-31T13:00:00+00:00,10036.740741925594555
2024-08-31T14:00:00+00:00,10036.740741925594555
2024-08-31T15:00:00+00:00,10036.740741925594555
2024-08-31T16:00:00+00:00,10036.740741925594555
2024-08-31T17:00:00+00:00,10036.740741925594555
2024-08-31T18:00:00+00:00,10036.740741925594555
2024-08-31T19:00:00+00:00,10036.740741925594555
2024-08-31T20:00:00+00:00,10036.740741925594555
2024-08-31T21:00:00+00:00,10036.740741925594555
2024-08-31T22:00:00+00:00,10036.740741925594555
2024-08-31T23:00:00+00:00,10036.740741925594555
2024-09-01T00:00:00+00:00,10036.740741925594555
2024-09-01T01:00:00+00:00,10036.740741925594555
2024-09-01T02:00:00+00:00,10036.740741925594555
2024-09-01T03:00:00+00:00,10036.740741925594555
2024-09-01T04:00:00+00:00,10036.740741925594555
2024-09-01T05:00:00+00:00,10036.740741925594555
2024-09-01T06:00:00+00:00,10036.740741925594555
2024-09-01T07:00:00+00:00,10036.740741925594555
2024-09-01T08:00:00+00:00,10036.740741925594555
2024-09-01T09:00:00+00:00,10036.740741925594555
2024-09-01T10:00:00+00:00,10036.740741925594555
2024-09-01T11:00:00+00:00,10036.740741925594555
2024-09-01T12:00:00+00:00,10036.740741925594555
2024-09-01T13:00:00+00:00,10036.740741925594555
2024-09-01T14:00:00+00:00,10036.740741925594555
2024-09-01T15:00:00+00:00,10036.740741925594555
2024-09-01T16:00:00+00:00,10036.740741925594555
2024-09-01T17:00:00+00:00,10036.740741925594555
2024-09-01T18:00:00+00:00,10036.740741925594555
2024-09-01T19:00:00+00:00,10036.740741925594555
2024-09-01T20:00:00+00:00,10036.740741925594555
2024-09-01T21:00:00+00:00,10036.740741925594555
2024-09-01T22:00:00+00:00,10036.740741925594555
2024-09-01T23:00:00+00:00,10036.740741925594555
2024-09-02T00:00:00+00:00,10036.740741925594555
2024-09-02T01:00:00+00:00,10036.740741925594555
2024-09-02T02:00:00+00:00,10036.740741925594555
2024-09-02T03:00:00+00:00,10036.740741925594555
2024-09-02T04:00:00+00:00,10036.740741925594555
2024-09-02T05:00:00+00:00,10036.740741925594555
2024-09-02T06:00:00+00:00,10036.740741925594555
2024-09-02T07:00:00+00:00,10036.740741925594555
2024-09-02T08:00:00+00:00,10036.740741925594555
2024-09-02T09:00:00+00:00,10036.740741925594555
2024-09-02T10:00:00+00:00,10036.740741925594555
2024-09-02T11:00:00+00:00,10036.740741925594555
2024-09-02T12:00:00+00:00,10036.740741925594555
2024-09-02T13:00:00+00:00,10036.740741925594555
2024-09-02T14:00:00+00:00,10036.740741925594555
2024-09-02T15:00:00+00:00,10036.740741925594555
2024-09-02T16:00:00+00:00,10036.740741925594555
2024-09-02T17:00:00+00:00,10036.740741925594555
2024-09-02T18:00:00+00:00,10036.740741925594555
2024-09-02T19:00:00+00:00,10036.740741925594555
2024-09-02T20:00:00+00:00,10036.740741925594555
2024-09-02T21:00:00+00:00,10036.740741925594555
2024-09-02T22:00:00+00:00,10036.740741925594555
2024-09-02T23:00:00+00:00,10036.740741925594555
2024-09-03T00:00:00+00:00,10036.740741925594555
2024-09-03T01:00:00+00:00,10036.740741925594555
2024-09-03T02:00:00+00:00,10036.740741925594555
2024-09-03T03:00:00+00:00,10036.740741925594555
2024-09-03T04:00:00+00:00,10036.740741925594555
2024-09-03T05:00:00+00:00,10036.740741925594555
2024-09-03T06:00:00+00:00,10036.740741925594555
2024-09-03T07:00:00+00:00,10036.740741925594555
2024-09-03T08:00:00+00:00,10036.740741925594555
2024-09-03T09:00:00+00:00,10036.740741925594555
2024-09-03T10:00:00+00:00,10036.740741925594555
2024-09-03T11:00:00+00:00,10036.578433587394495
2024-09-03T12:00:00+00:00,10036.685424567394495
2024-09-03T13:00:00+00:00,10035.435662607394495
2024-09-03T14:00:00+00:00,10035.286969960607005
2024-09-03T15:00:00+00:00,10035.286969960607005
2024-09-03T16:00:00+00:00,10035.286969960607005
2024-09-03T17:00:00+00:00,10035.286969960607005
2024-09-03T18:00:00+00:00,10035.286969960607005
2024-09-03T19:00:00+00:00,10035.286969960607005
2024-09-03T20:00:00+00:00,10035.286969960607005
2024-09-03T21:00:00+00:00,10035.286969960607005
2024-09-03T22:00:00+00:00,10035.286969960607005
2024-09-03T23:00:00+00:00,10035.286969960607005
2024-09-04T00:00:00+00:00,10035.286969960607005
2024-09-04T01:00:00+00:00,10035.286969960607005
2024-09-04T02:00:00+00:00,10035.286969960607005
2024-09-04T03:00:00+00:00,10035.286969960607005
2024-09-04T04:00:00+00:00,10035.286969960607005
2024-09-04T05:00:00+00:00,10035.286969960607005
2024-09-04T06:00:00+00:00,10035.286969960607005
2024-09-04T07:00:00+00:00,10035.286969960607005
2024-09-04T08:00:00+00:00,10035.286969960607005
2024-09-04T09:00:00+00:00,10035.286969960607005
2024-09-04T10:00:00+00:00,10035.286969960607005
2024-09-04T11:00:00+00:00,10035.286969960607005
2024-09-04T12:00:00+00:00,10035.286969960607005
2024-09-04T13:00:00+00:00,10035.286969960607005
2024-09-04T14:00:00+00:00,10035.286969960607005
2024-09-04T15:00:00+00:00,10035.286969960607005
2024-09-04T16:00:00+00:00,10035.286969960607005
2024-09-04T17:00:00+00:00,10035.286969960607005
2024-09-04T18:00:00+00:00,10035.286969960607005
2024-09-04T19:00:00+00:00,10035.286969960607005
2024-09-04T20:00:00+00:00,10035.286969960607005
2024-09-04T21:00:00+00:00,10035.286969960607005
2024-09-04T22:00:00+00:00,10035.286969960607005
2024-09-04T23:00:00+00:00,10035.286969960607005
2024-09-05T00:00:00+00:00,10035.286969960607005
2024-09-05T01:00:00+00:00,10035.286969960607005
2024-09-05T02:00:00+00:00,10035.286969960607005
2024-09-05T03:00:00+00:00,10035.286969960607005
2024-09-05T04:00:00+00:00,10035.286969960607005
2024-09-05T05:00:00+00:00,10035.286969960607005
2024-09-05T06:00:00+00:00,10035.286969960607005
2024-09-05T07:00:00+00:00,10035.286969960607005
2024-09-05T08:00:00+00:00,10035.286969960607005
2024-09-05T09:00:00+00:00,10035.286969960607005
2024-09-05T10:00:00+00:00,10035.286969960607005
2024-09-05T11:00:00+00:00,10035.286969960607005
2024-09-05T12:00:00+00:00,10035.286969960607005
2024-09-05T13:00:00+00:00,10035.286969960607005
2024-09-05T14:00:00+00:00,10035.286969960607005
2024-09-05T15:00:00+00:00,10035.286969960607005
2024-09-05T16:00:00+00:00,10035.286969960607005
2024-09-05T17:00:00+00:00,10035.286969960607005
2024-09-05T18:00:00+00:00,10035.286969960607005
2024-09-05T19:00:00+00:00,10035.286969960607005
2024-09-05T20:00:00+00:00,10035.286969960607005
2024-09-05T21:00:00+00:00,10035.286969960607005
2024-09-05T22:00:00+00:00,10035.286969960607005
2024-09-05T23:00:00+00:00,10035.286969960607005
2024-09-06T00:00:00+00:00,10035.286969960607005
2024-09-06T01:00:00+00:00,10035.286969960607005
2024-09-06T02:00:00+00:00,10035.286969960607005
2024-09-06T03:00:00+00:00,10035.286969960607005
2024-09-06T04:00:00+00:00,10035.286969960607005
2024-09-06T05:00:00+00:00,10035.286969960607005
2024-09-06T06:00:00+00:00,10035.286969960607005
2024-09-06T07:00:00+00:00,10035.286969960607005
2024-09-06T08:00:00+00:00,10035.286969960607005
2024-09-06T09:00:00+00:00,10035.286969960607005
2024-09-06T10:00:00+00:00,10035.286969960607005
2024-09-06T11:00:00+00:00,10035.286969960607005
2024-09-06T12:00:00+00:00,10035.286969960607005
2024-09-06T13:00:00+00:00,10035.286969960607005
2024-09-06T14:00:00+00:00,10035.286969960607005
2024-09-06T15:00:00+00:00,10035.286969960607005
2024-09-06T16:00:00+00:00,10035.286969960607005
2024-09-06T17:00:00+00:00,10035.286969960607005
2024-09-06T18:00:00+00:00,10035.286969960607005
2024-09-06T19:00:00+00:00,10035.286969960607005
2024-09-06T20:00:00+00:00,10035.286969960607005
2024-09-06T21:00:00+00:00,10035.286969960607005
2024-09-06T22:00:00+00:00,10035.286969960607005
2024-09-06T23:00:00+00:00,10035.286969960607005
2024-09-07T00:00:00+00:00,10035.286969960607005
2024-09-07T01:00:00+00:00,10035.286969960607005
2024-09-07T02:00:00+00:00,10035.286969960607005
2024-09-07T03:00:00+00:00,10035.286969960607005
2024-09-07T04:00:00+00:00,10035.286969960607005
2024-09-07T05:00:00+00:00,10035.286969960607005
2024-09-07T06:00:00+00:00,10035.286969960607005
2024-09-07T07:00:00+00:00,10035.286969960607005
2024-09-07T08:00:00+00:00,10035.286969960607005
2024-09-07T09:00:00+00:00,10035.286969960607005
2024-09-07T10:00:00+00:00,10035.286969960607005
2024-09-07T11:00:00+00:00,10035.286969960607005
2024-09-07T12:00:00+00:00,10035.286969960607005
2024-09-07T13:00:00+00:00,10035.286969960607005
2024-09-07T14:00:00+00:00,10035.286969960607005
2024-09-07T15:00:00+00:00,10035.286969960607005
2024-09-07T16:00:00+00:00,10035.286969960607005
2024-09-07T17:00:00+00:00,10035.286969960607005
2024-09-07T18:00:00+00:00,10035.286969960607005
2024-09-07T19:00:00+00:00,10035.286969960607005
2024-09-07T20:00:00+00:00,10035.286969960607005
2024-09-07T21:00:00+00:00,10035.286969960607005
2024-09-07T22:00:00+00:00,10035.286969960607005
2024-09-07T23:00:00+00:00,10035.286969960607005
2024-09-08T00:00:00+00:00,10035.286969960607005
2024-09-08T01:00:00+00:00,10035.286969960607005
2024-09-08T02:00:00+00:00,10035.286969960607005
2024-09-08T03:00:00+00:00,10035.286969960607005
2024-09-08T04:00:00+00:00,10035.286969960607005
2024-09-08T05:00:00+00:00,10035.286969960607005
2024-09-08T06:00:00+00:00,10035.286969960607005
2024-09-08T07:00:00+00:00,10035.286969960607005
2024-09-08T08:00:00+00:00,10035.286969960607005
2024-09-08T09:00:00+00:00,10035.286969960607005
2024-09-08T10:00:00+00:00,10035.286969960607005
2024-09-08T11:00:00+00:00,10035.286969960607005
2024-09-08T12:00:00+00:00,10035.286969960607005
2024-09-08T13:00:00+00:00,10035.286969960607005
2024-09-08T14:00:00+00:00,10035.286969960607005
2024-09-08T15:00:00+00:00,10035.286969960607005
2024-09-08T16:00:00+00:00,10035.286969960607005
2024-09-08T17:00:00+00:00,10035.286969960607005
2024-09-08T18:00:00+00:00,10035.286969960607005
2024-09-08T19:00:00+00:00,10035.286969960607005
2024-09-08T20:00:00+00:00,10035.286969960607005
2024-09-08T21:00:00+00:00,10035.286969960607005
2024-09-08T22:00:00+00:00,10035.286969960607005
2024-09-08T23:00:00+00:00,10035.286969960607005
2024-09-09T00:00:00+00:00,10035.286969960607005
2024-09-09T01:00:00+00:00,10035.286969960607005
2024-09-09T02:00:00+00:00,10035.286969960607005
2024-09-09T03:00:00+00:00,10035.286969960607005
2024-09-09T04:00:00+00:00,10035.286969960607005
2024-09-09T05:00:00+00:00,10035.286969960607005
2024-09-09T06:00:00+00:00,10035.286969960607005
2024-09-09T07:00:00+00:00,10035.286969960607005
2024-09-09T08:00:00+00:00,10035.286969960607005
2024-09-09T09:00:00+00:00,10035.286969960607005
2024-09-09T10:00:00+00:00,10035.286969960607005
2024-09-09T11:00:00+00:00,10035.286969960607005
2024-09-09T12:00:00+00:00,10035.286969960607005
2024-09-09T13:00:00+00:00,10035.286969960607005
2024-09-09T14:00:00+00:00,10035.286969960607005
2024-09-09T15:00:00+00:00,10035.286969960607005
2024-09-09T16:00:00+00:00,10035.286969960607005
2024-09-09T17:00:00+00:00,10035.286969960607005
2024-09-09T18:00:00+00:00,10035.164851279432005
2024-09-09T19:00:00+00:00,10036.158034779432005
2024-09-09T20:00:00+00:00,10036.013265779432005
2024-09-09T21:00:00+00:00,10036.805430529432005
2024-09-09T22:00:00+00:00,10036.382501279432005
2024-09-09T23:00:00+00:00,10036.073651279432005
2024-09-10T00:00:00+00:00,10035.967169029432005
2024-09-10T01:00:00+00:00,10035.821601279432005
2024-09-10T02:00:00+00:00,10035.600223279432005
2024-09-10T03:00:00+00:00,10035.155514779432005
2024-09-10T04:00:00+00:00,10035.306833529432005
2024-09-10T05:00:00+00:00,10035.902275029432005
2024-09-10T06:00:00+00:00,10035.690233529432005
2024-09-10T07:00:00+00:00,10036.387063029432005
2024-09-10T08:00:00+00:00,10036.082508529432005
2024-09-10T09:00:00+00:00,10036.151769029432005
2024-09-10T10:00:00+00:00,10036.300851279432005
2024-09-10T11:00:00+00:00,10036.403801279432005
2024-09-10T12:00:00+00:00,10036.359763529432005
2024-09-10T13:00:00+00:00,10035.539536029432005
2024-09-10T14:00:00+00:00,10035.894536029432005
2024-09-10T15:00:00+00:00,10035.282001279432005
2024-09-10T16:00:00+00:00,10035.678891279432005
2024-09-10T17:00:00+00:00,10036.311430279432005
2024-09-10T18:00:00+00:00,10037.032133529432005
2024-09-10T19:00:00+00:00,10037.688919029432005
2024-09-10T20:00:00+00:00,10037.007106029432005
2024-09-10T21:00:00+00:00,10036.900783529432005
2024-09-10T22:00:00+00:00,10037.092235029432005
2024-09-10T23:00:00+00:00,10037.127983529432005
2024-09-11T00:00:00+00:00,10037.135988779432005
2024-09-11T01:00:00+00:00,10035.498533529432005
2024-09-11T02:00:00+00:00,10035.859053779432005
2024-09-11T03:00:00+00:00,10035.678802529432005
2024-09-11T04:00:00+00:00,10035.165738779432005
2024-09-11T05:00:00+00:00,10034.657201279432005
2024-09-11T06:00:00+00:00,10035.040601279432005
2024-09-11T07:00:00+00:00,10035.487901279432005
2024-09-11T08:00:00+00:00,10034.930551279432005
2024-09-11T09:00:00+00:00,10035.427533529432005
2024-09-11T10:00:00+00:00,10035.129351279432005
2024-09-11T11:00:00+00:00,10035.640533529432005
2024-09-11T12:00:00+00:00,10035.551819029432005
2024-09-11T13:00:00+00:00,10033.762601279432005
2024-09-11T14:00:00+00:00,10034.177951279432005
2024-09-11T15:00:00+00:00,10035.468784529432005
2024-09-11T16:00:00+00:00,10036.552901279432005
2024-09-11T17:00:00+00:00,10037.230951279432005
2024-09-11T18:00:00+00:00,10036.886601279432005
2024-09-11T19:00:00+00:00,10037.038363779432005
2024-09-11T20:00:00+00:00,10036.861751279432005
2024-09-11T21:00:00+00:00,10036.623901279432005
2024-09-11T22:00:00+00:00,10036.829783529432005
2024-09-11T23:00:00+00:00,10036.599051279432005
2024-09-12T00:00:00+00:00,10037.110269029432005
2024-09-12T01:00:00+00:00,10038.018589779432005
2024-09-12T02:00:00+00:00,10037.678748279432005
2024-09-12T03:00:00+00:00,10038.187179279432005
2024-09-12T04:00:00+00:00,10038.097115779432005
2024-09-12T05:00:00+00:00,10037.717319029432005
2024-09-12T06:00:00+00:00,10037.681783529432005
2024-09-12T07:00:00+00:00,10038.019335279432005
2024-09-12T08:00:00+00:00,10038.077732779432005
2024-09-12T09:00:00+00:00,10037.813151279432005
2024-09-12T10:00:00+00:00,10037.650579029432005
2024-09-12T11:00:00+00:00,10037.877033529432005
2024-09-12T12:00:00+00:00,10037.226620279432005
2024-09-12T13:00:00+00:00,10037.113783529432005
2024-09-12T14:00:00+00:00,10036.959891029432005
2024-09-12T15:00:00+00:00,10036.907954529432005
2024-09-12T16:00:00+00:00,10037.891233529432005
2024-09-12T17:00:00+00:00,10038.464753779432005
2024-09-12T18:00:00+00:00,10038.097133529432005
2024-09-12T19:00:00+00:00,10038.462801279432005
2024-09-12T20:00:00+00:00,10038.129083529432005
2024-09-12T21:00:00+00:00,10037.634071529432005
2024-09-12T22:00:00+00:00,10038.028529779432005
2024-09-12T23:00:00+00:00,10038.008969279432005
2024-09-13T00:00:00+00:00,10037.829374779432005
2024-09-13T01:00:00+00:00,10038.004833529432005
2024-09-13T02:00:00+00:00,10037.864271279432005
2024-09-13T03:00:00+00:00,10037.500698029432005
2024-09-13T04:00:00+00:00,10037.497201279432005
2024-09-13T05:00:00+00:00,10037.678251279432005
2024-09-13T06:00:00+00:00,10037.360544029432005
2024-09-13T07:00:00+00:00,10037.968126529432005
2024-09-13T08:00:00+00:00,10037.691812279432005
2024-09-13T09:00:00+00:00,10037.878116279432005
2024-09-13T10:00:00+00:00,10038.384683529432005
2024-09-13T11:00:00+00:00,10037.545303779432005
2024-09-13T12:00:00+00:00,10037.614351279432005
2024-09-13T13:00:00+00:00,10037.873519029432005
2024-09-13T14:00:00+00:00,10038.585081029432005
2024-09-13T15:00:00+00:00,10040.733700779432005
2024-09-13T16:00:00+00:00,10040.351951529432005
2024-09-13T17:00:00+00:00,10040.585701279432005
2024-09-13T18:00:00+00:00,10040.884203029432005
2024-09-13T19:00:00+00:00,10040.869683529432005
2024-09-13T20:00:00+00:00,10041.037474279432005
2024-09-13T21:00:00+00:00,10041.827952779432005
2024-09-13T22:00:00+00:00,10042.403301279432005
2024-09-13T23:00:00+00:00,10042.208051279432005
2024-09-14T00:00:00+00:00,10042.059643529432005
2024-09-14T01:00:00+00:00,10042.044857779432005
2024-09-14T02:00:00+00:00,10041.835283529432005
2024-09-14T03:00:00+00:00,10041.908733029432005
2024-09-14T04:00:00+00:00,10041.702265029432005
2024-09-14T05:00:00+00:00,10041.192751279432005
2024-09-14T06:00:00+00:00,10041.405751279432005
2024-09-14T07:00:00+00:00,10041.569299779432005
2024-09-14T08:00:00+00:00,10041.277933529432005
2024-09-14T09:00:00+00:00,10041.448706279432005
2024-09-14T10:00:00+00:00,10041.059786029432005
2024-09-14T11:00:00+00:00,10040.802943529432005
2024-09-14T12:00:00+00:00,10040.958504529432005
2024-09-14T13:00:00+00:00,10040.914271529432005
2024-09-14T14:00:00+00:00,10041.171451279432005
2024-09-14T15:00:00+00:00,10041.104001279432005
2024-09-14T16:00:00+00:00,10041.292133529432005
2024-09-14T17:00:00+00:00,10041.120437779432005
2024-09-14T18:00:00+00:00,10040.944251279432005
2024-09-14T19:00:00+00:00,10040.986851279432005
2024-09-14T20:00:00+00:00,10041.366719029432005
2024-09-14T21:00:00+00:00,10041.388001279432005
2024-09-14T22:00:00+00:00,10041.336473029432005
2024-09-14T23:00:00+00:00,10041.311729529432005
2024-09-15T00:00:00+00:00,10041.370162529432005
2024-09-15T01:00:00+00:00,10041.741616779432005
2024-09-15T02:00:00+00:00,10041.746569029432005
2024-09-15T03:00:00+00:00,10041.600877029432005
2024-09-15T04:00:00+00:00,10041.533533529432005
2024-09-15T05:00:00+00:00,10041.608101279432005
2024-09-15T06:00:00+00:00,10041.615219029432005
2024-09-15T07:00:00+00:00,10041.672001279432005
2024-09-15T08:00:00+00:00,10041.448333529432005
2024-09-15T09:00:00+00:00,10041.352501279432005
2024-09-15T10:00:00+00:00,10041.308658779432005
2024-09-15T11:00:00+00:00,10041.325006529432005
2024-09-15T12:00:00+00:00,10041.509393529432005
2024-09-15T13:00:00+00:00,10041.661315779432005
2024-09-15T14:00:00+00:00,10041.820249279432005
2024-09-15T15:00:00+00:00,10041.919454029432005
2024-09-15T16:00:00+00:00,10041.235440029432005
2024-09-15T17:00:00+00:00,10040.994075529432005
2024-09-15T18:00:00+00:00,10041.272786029432005
2024-09-15T19:00:00+00:00,10041.107941779432005
2024-09-15T20:00:00+00:00,10040.961983529432005
2024-09-15T21:00:00+00:00,10040.705851029432005
2024-09-15T22:00:00+00:00,10040.312901529432005
2024-09-15T23:00:00+00:00,10039.783401279432005
2024-09-16T00:00:00+00:00,10038.956890279432005
2024-09-16T01:00:00+00:00,10038.851650529432005
2024-09-16T02:00:00+00:00,10038.242683529432005
2024-09-16T03:00:00+00:00,10038.794886029432005
2024-09-16T04:00:00+00:00,10038.398901279432005
2024-09-16T05:00:00+00:00,10038.963351279432005
2024-09-16T06:00:00+00:00,10039.029789529432005
2024-09-16T07:00:00+00:00,10039.391303779432005
2024-09-16T08:00:00+00:00,10039.415940779432005
2024-09-16T09:00:00+00:00,10038.903959779432005
2024-09-16T10:00:00+00:00,10039.105333529432005
2024-09-16T11:00:00+00:00,10038.952683529432005
2024-09-16T12:00:00+00:00,10038.711283529432005
2024-09-16T13:00:00+00:00,10038.555504699648130
2024-09-16T14:00:00+00:00,10038.555504699648130
2024-09-16T15:00:00+00:00,10038.555504699648130
2024-09-16T16:00:00+00:00,10038.555504699648130
2024-09-16T17:00:00+00:00,10038.555504699648130
2024-09-16T18:00:00+00:00,10038.555504699648130
2024-09-16T19:00:00+00:00,10038.555504699648130
2024-09-16T20:00:00+00:00,10038.555504699648130
2024-09-16T21:00:00+00:00,10038.555504699648130
2024-09-16T22:00:00+00:00,10038.555504699648130
2024-09-16T23:00:00+00:00,10038.555504699648130
2024-09-17T00:00:00+00:00,10038.555504699648130
2024-09-17T01:00:00+00:00,10038.555504699648130
2024-09-17T02:00:00+00:00,10038.555504699648130
2024-09-17T03:00:00+00:00,10038.555504699648130
2024-09-17T04:00:00+00:00,10038.555504699648130
2024-09-17T05:00:00+00:00,10038.555504699648130
2024-09-17T06:00:00+00:00,10038.555504699648130
2024-09-17T07:00:00+00:00,10038.555504699648130
2024-09-17T08:00:00+00:00,10038.555504699648130
2024-09-17T09:00:00+00:00,10038.555504699648130
2024-09-17T10:00:00+00:00,10038.555504699648130
2024-09-17T11:00:00+00:00,10038.555504699648130
2024-09-17T12:00:00+00:00,10038.555504699648130
2024-09-17T13:00:00+00:00,10038.555504699648130
2024-09-17T14:00:00+00:00,10038.555504699648130
2024-09-17T15:00:00+00:00,10039.852674368186455
2024-09-17T16:00:00+00:00,10039.417043768186455
2024-09-17T17:00:00+00:00,10039.557752918186455
2024-09-17T18:00:00+00:00,10038.861449918186455
2024-09-17T19:00:00+00:00,10037.908770218186455
2024-09-17T20:00:00+00:00,10038.161866868186455
2024-09-17T21:00:00+00:00,10038.518293418186455
2024-09-17T22:00:00+00:00,10038.361683518186455
2024-09-17T23:00:00+00:00,10038.484860218186455
2024-09-18T00:00:00+00:00,10038.361666868186455
2024-09-18T01:00:00+00:00,10038.151876868186455
2024-09-18T02:00:00+00:00,10038.548146868186455
2024-09-18T03:00:00+00:00,10038.811200218186455
2024-09-18T04:00:00+00:00,10038.678000218186455
2024-09-18T05:00:00+00:00,10038.363448418186455
2024-09-18T06:00:00+00:00,10038.717960218186455
2024-09-18T07:00:00+00:00,10038.674703518186455
2024-09-18T08:00:00+00:00,10038.291820118186455
2024-09-18T09:00:00+00:00,10037.387258918186455
2024-09-18T10:00:00+00:00,10037.808037718186455
2024-09-18T11:00:00+00:00,10037.705656868186455
2024-09-18T12:00:00+00:00,10037.925836468186455
2024-09-18T13:00:00+00:00,10037.143719368186455
2024-09-18T14:00:00+00:00,10037.108920868186455
2024-09-18T15:00:00+00:00,10037.011651568186455
2024-09-18T16:00:00+00:00,10037.820974768186455
2024-09-18T17:00:00+00:00,10037.983728518186455
2024-09-18T18:00:00+00:00,10039.010667218186455
2024-09-18T19:00:00+00:00,10038.058620218186455
2024-09-18T20:00:00+00:00,10038.345033518186455
2024-09-18T21:00:00+00:00,10038.294167768186455
2024-09-18T22:00:00+00:00,10039.102225568186455
2024-09-18T23:00:00+00:00,10040.892450218186455
2024-09-19T00:00:00+00:00,10041.668356868186455
2024-09-19T01:00:00+00:00,10041.302040218186455
2024-09-19T02:00:00+00:00,10041.632259668186455
2024-09-19T03:00:00+00:00,10041.488520218186455
2024-09-19T04:00:00+00:00,10041.428596868186455
2024-09-19T05:00:00+00:00,10041.276116168186455
2024-09-19T06:00:00+00:00,10041.326365868186455
2024-09-19T07:00:00+00:00,10041.448560218186455
2024-09-19T08:00:00+00:00,10041.178846868186455
2024-09-19T09:00:00+00:00,10041.744963518186455
2024-09-19T10:00:00+00:00,10041.824883518186455
2024-09-19T11:00:00+00:00,10042.366724468186455
2024-09-19T12:00:00+00:00,10042.830643418186455
2024-09-19T13:00:00+00:00,10043.016973568186455
2024-09-19T14:00:00+00:00,10042.850223818186455
2024-09-19T15:00:00+00:00,10043.213543468186455
2024-09-19T16:00:00+00:00,10043.884338668186455
2024-09-19T17:00:00+00:00,10044.137918168186455
2024-09-19T18:00:00+00:00,10044.002686868186455
2024-09-19T19:00:00+00:00,10043.376630218186455
2024-09-19T20:00:00+00:00,10042.984938968186455
2024-09-19T21:00:00+00:00,10042.756867268186455
2024-09-19T22:00:00+00:00,10042.857183518186455
2024-09-19T23:00:00+00:00,10042.870470218186455
2024-09-20T00:00:00+00:00,10042.551472868186455
2024-09-20T01:00:00+00:00,10043.020320218186455
2024-09-20T02:00:00+00:00,10043.165208518186455
2024-09-20T03:00:00+00:00,10044.192763268186455
2024-09-20T04:00:00+00:00,10044.362010518186455
2024-09-20T05:00:00+00:00,10044.305700218186455
2024-09-20T06:00:00+00:00,10044.281291318186455
2024-09-20T07:00:00+00:00,10043.830858868186455
2024-09-20T08:00:00+00:00,10043.454752018186455
2024-09-20T09:00:00+00:00,10043.736286868186455
2024-09-20T10:00:00+00:00,10044.062626868186455
2024-09-20T11:00:00+00:00,10043.689666868186455
2024-09-20T12:00:00+00:00,10043.652121118186455
2024-09-20T13:00:00+00:00,10042.684772768186455
2024-09-20T14:00:00+00:00,10043.019554318186455
2024-09-20T15:00:00+00:00,10043.213460218186455
2024-09-20T16:00:00+00:00,10042.744779368186455
2024-09-20T17:00:00+00:00,10042.464226868186455
2024-09-20T18:00:00+00:00,10042.733041118186455
2024-09-20T19:00:00+00:00,10042.639268318186455
2024-09-20T20:00:00+00:00,10042.647376868186455
2024-09-20T21:00:00+00:00,10043.150256818186455
2024-09-20T22:00:00+00:00,10043.257166468186455
2024-09-20T23:00:00+00:00,10043.291815118186455
2024-09-21T00:00:00+00:00,10043.246776868186455
2024-09-21T01:00:00+00:00,10042.685638568186455
2024-09-21T02:00:00+00:00,10042.819055018186455
2024-09-21T03:00:00+00:00,10042.773200918186455
2024-09-21T04:00:00+00:00,10042.723966868186455
2024-09-21T05:00:00+00:00,10042.805252168186455
2024-09-21T06:00:00+00:00,10042.957033568186455
2024-09-21T07:00:00+00:00,10043.108615168186455
2024-09-21T08:00:00+00:00,10043.003686868186455
2024-09-21T09:00:00+00:00,10043.150190218186455
2024-09-21T10:00:00+00:00,10042.922185118186455
2024-09-21T11:00:00+00:00,10043.106533918186455
2024-09-21T12:00:00+00:00,10043.210113568186455
2024-09-21T13:00:00+00:00,10043.270086868186455
2024-09-21T14:00:00+00:00,10043.456566868186455
2024-09-21T15:00:00+00:00,10043.236753568186455
2024-09-21T16:00:00+00:00,10043.315258318186455
2024-09-21T17:00:00+00:00,10043.423250218186455
2024-09-21T18:00:00+00:00,10043.403270218186455
2024-09-21T19:00:00+00:00,10043.296044218186455
2024-09-21T20:00:00+00:00,10043.190150218186455
2024-09-21T21:00:00+00:00,10043.103586868186455
2024-09-21T22:00:00+00:00,10043.340549668186455
2024-09-21T23:00:00+00:00,10043.538085268186455
2024-09-22T00:00:00+00:00,10043.341565318186455
2024-09-22T01:00:00+00:00,10043.033656868186455
2024-09-22T02:00:00+00:00,10042.885988018186455
2024-09-22T03:00:00+00:00,10043.133556868186455
2024-09-22T04:00:00+00:00,10043.090283518186455
2024-09-22T05:00:00+00:00,10042.854686018186455
2024-09-22T06:00:00+00:00,10042.751006468186455
2024-09-22T07:00:00+00:00,10042.850506868186455
2024-09-22T08:00:00+00:00,10042.999274618186455
2024-09-22T09:00:00+00:00,10042.462461968186455
2024-09-22T10:00:00+00:00,10042.384290218186455
2024-09-22T11:00:00+00:00,10042.597426868186455
2024-09-22T12:00:00+00:00,10042.594080218186455
2024-09-22T13:00:00+00:00,10042.274400218186455
2024-09-22T14:00:00+00:00,10042.404286868186455
2024-09-22T15:00:00+00:00,10042.377846668186455
2024-09-22T16:00:00+00:00,10042.584156818186455
2024-09-22T17:00:00+00:00,10043.061395768186455
2024-09-22T18:00:00+00:00,10042.883790218186455
2024-09-22T19:00:00+00:00,10043.223466868186455
2024-09-22T20:00:00+00:00,10043.303386868186455
2024-09-22T21:00:00+00:00,10042.590750218186455
2024-09-22T22:00:00+00:00,10044.424781018186455
2024-09-22T23:00:00+00:00,10043.920702268186455
2024-09-23T00:00:00+00:00,10043.919237068186455
2024-09-23T01:00:00+00:00,10044.333688868186455
2024-09-23T02:00:00+00:00,10044.522949418186455
2024-09-23T03:00:00+00:00,10045.211476868186455
2024-09-23T04:00:00+00:00,10044.476046368186455
2024-09-23T05:00:00+00:00,10044.212476868186455
2024-09-23T06:00:00+00:00,10044.074981168186455
2024-09-23T07:00:00+00:00,10043.870852168186455
2024-09-23T08:00:00+00:00,10043.776263518186455
2024-09-23T09:00:00+00:00,10044.015490718186455
2024-09-23T10:00:00+00:00,10043.784505268186455
2024-09-23T11:00:00+00:00,10043.681408468186455
2024-09-23T12:00:00+00:00,10043.482873868186455
2024-09-23T13:00:00+00:00,10043.265441518186455
2024-09-23T14:00:00+00:00,10043.613909368186455
2024-09-23T15:00:00+00:00,10043.986036868186455
2024-09-23T16:00:00+00:00,10043.335937618186455
2024-09-23T17:00:00+00:00,10043.486553518186455
2024-09-23T18:00:00+00:00,10043.673333218186455
2024-09-23T19:00:00+00:00,10043.454169268186455
2024-09-23T20:00:00+00:00,10043.469886868186455
2024-09-23T21:00:00+00:00,10043.589766868186455
2024-09-23T22:00:00+00:00,10043.321701868186455
2024-09-23T23:00:00+00:00,10043.523150218186455
2024-09-24T00:00:00+00:00,10042.800556868186455
2024-09-24T01:00:00+00:00,10042.860513518186455
2024-09-24T02:00:00+00:00,10043.163510218186455
2024-09-24T03:00:00+00:00,10043.163526868186455
2024-09-24T04:00:00+00:00,10043.103586868186455
2024-09-24T05:00:00+00:00,10043.316690218186455
2024-09-24T06:00:00+00:00,10043.465607818186455
2024-09-24T07:00:00+00:00,10043.889333668186455
2024-09-24T08:00:00+00:00,10044.374065118186455
2024-09-24T09:00:00+00:00,10043.830359368186455
2024-09-24T10:00:00+00:00,10043.832856868186455
2024-09-24T11:00:00+00:00,10043.753502968186455
2024-09-24T12:00:00+00:00,10043.699673518186455
2024-09-24T13:00:00+00:00,10043.822617118186455
2024-09-24T14:00:00+00:00,10043.281558718186455
2024-09-24T15:00:00+00:00,10043.223450218186455
2024-09-24T16:00:00+00:00,10043.393296868186455
2024-09-24T17:00:00+00:00,10044.248873768186455
2024-09-24T18:00:00+00:00,10044.168487568186455
2024-09-24T19:00:00+00:00,10045.108812968186455
2024-09-24T20:00:00+00:00,10044.980058518186455
2024-09-24T21:00:00+00:00,10044.672016868186455
2024-09-24T22:00:00+00:00,10045.587600368186455
2024-09-24T23:00:00+00:00,10045.059462368186455
2024-09-25T00:00:00+00:00,10044.833405318186455
2024-09-25T01:00:00+00:00,10045.271433518186455
2024-09-25T02:00:00+00:00,10045.325562668186455
2024-09-25T03:00:00+00:00,10045.387966868186455
2024-09-25T04:00:00+00:00,10044.909862118186455
2024-09-25T05:00:00+00:00,10044.906165818186455
2024-09-25T06:00:00+00:00,10044.299056868186455
2024-09-25T07:00:00+00:00,10044.361211318186455
2024-09-25T08:00:00+00:00,10044.320868368186455
2024-09-25T09:00:00+00:00,10043.972533718186455
2024-09-25T10:00:00+00:00,10044.006766118186455
2024-09-25T11:00:00+00:00,10044.352353518186455
2024-09-25T12:00:00+00:00,10043.956083518186455
2024-09-25T13:00:00+00:00,10044.224697968186455
2024-09-25T14:00:00+00:00,10044.516339368186455
2024-09-25T15:00:00+00:00,10043.782340768186455
2024-09-25T16:00:00+00:00,10043.729427068186455
2024-09-25T17:00:00+00:00,10043.236786868186455
2024-09-25T18:00:00+00:00,10043.541481868186455
2024-09-25T19:00:00+00:00,10043.259264368186455
2024-09-25T20:00:00+00:00,10043.799190568186455
2024-09-25T21:00:00+00:00,10043.686320218186455
2024-09-25T22:00:00+00:00,10043.393280218186455
2024-09-25T23:00:00+00:00,10043.210163518186455
2024-09-26T00:00:00+00:00,10042.867173518186455
2024-09-26T01:00:00+00:00,10043.214708968186455
2024-09-26T02:00:00+00:00,10043.546460218186455
2024-09-26T03:00:00+00:00,10043.813442968186455
2024-09-26T04:00:00+00:00,10043.668871018186455
2024-09-26T05:00:00+00:00,10043.946076868186455
2024-09-26T06:00:00+00:00,10044.158331068186455
2024-09-26T07:00:00+00:00,10044.375763418186455
2024-09-26T08:00:00+00:00,10044.138384368186455
2024-09-26T09:00:00+00:00,10044.285736868186455
2024-09-26T10:00:00+00:00,10045.274730218186455
2024-09-26T11:00:00+00:00,10045.278060218186455
2024-09-26T12:00:00+00:00,10045.424297168186455
2024-09-26T13:00:00+00:00,10045.335036518186455
2024-09-26T14:00:00+00:00,10045.332422468186455
2024-09-26T15:00:00+00:00,10046.668401818186455
2024-09-26T16:00:00+00:00,10046.849836868186455
2024-09-26T17:00:00+00:00,10046.507745968186455
2024-09-26T18:00:00+00:00,10046.762457668186455
2024-09-26T19:00:00+00:00,10045.805981768186455
2024-09-26T20:00:00+00:00,10045.728059768186455
2024-09-26T21:00:00+00:00,10046.373646868186455
2024-09-26T22:00:00+00:00,10046.430806318186455
2024-09-26T23:00:00+00:00,10046.576760218186455
2024-09-27T00:00:00+00:00,10046.689963568186455
2024-09-27T01:00:00+00:00,10046.486700368186455
2024-09-27T02:00:00+00:00,10046.084136668186455
2024-09-27T03:00:00+00:00,10046.896473518186455
2024-09-27T04:00:00+00:00,10046.793160268186455
2024-09-27T05:00:00+00:00,10046.877442568186455
2024-09-27T06:00:00+00:00,10046.861142218186455
2024-09-27T07:00:00+00:00,10047.053000168186455
2024-09-27T08:00:00+00:00,10047.495840218186455
2024-09-27T09:00:00+00:00,10047.542493518186455
2024-09-27T10:00:00+00:00,10047.102933518186455
2024-09-27T11:00:00+00:00,10047.015254618186455
2024-09-27T12:00:00+00:00,10047.521148218186455
2024-09-27T13:00:00+00:00,10047.415953518186455
2024-09-27T14:00:00+00:00,10048.356095768186455
2024-09-27T15:00:00+00:00,10047.962073518186455
2024-09-27T16:00:00+00:00,10048.456611818186455
2024-09-27T17:00:00+00:00,10047.811557518186455
2024-09-27T18:00:00+00:00,10047.746306168186455
2024-09-27T19:00:00+00:00,10047.382620218186455
2024-09-27T20:00:00+00:00,10047.627175418186455
2024-09-27T21:00:00+00:00,10047.646739168186455
2024-09-27T22:00:00+00:00,10047.735616868186455
2024-09-27T23:00:00+00:00,10047.569033618186455
2024-09-28T00:00:00+00:00,10047.784068368186455
2024-09-28T01:00:00+00:00,10047.942076868186455
2024-09-28T02:00:00+00:00,10048.233018968186455
2024-09-28T03:00:00+00:00,10048.058227268186455
2024-09-28T04:00:00+00:00,10047.962889368186455
2024-09-28T05:00:00+00:00,10047.875143868186455
2024-09-28T06:00:00+00:00,10047.619066868186455
2024-09-28T07:00:00+00:00,10047.659043518186455
2024-09-28T08:00:00+00:00,10047.345840368186455
2024-09-28T09:00:00+00:00,10047.333019868186455
2024-09-28T10:00:00+00:00,10047.559143518186455
2024-09-28T11:00:00+00:00,10047.615753518186455
2024-09-28T12:00:00+00:00,10047.199686668186455
2024-09-28T13:00:00+00:00,10047.166236818186455
2024-09-28T14:00:00+00:00,10047.487098968186455
2024-09-28T15:00:00+00:00,10047.317918318186455
2024-09-28T16:00:00+00:00,10047.146206868186455
2024-09-28T17:00:00+00:00,10047.341344868186455
2024-09-28T18:00:00+00:00,10047.477558518186455
2024-09-28T19:00:00+00:00,10047.492526868186455
2024-09-28T20:00:00+00:00,10047.362640218186455
2024-09-28T21:00:00+00:00,10047.439246868186455
2024-09-28T22:00:00+00:00,10047.419283518186455
2024-09-28T23:00:00+00:00,10047.715636868186455
2024-09-29T00:00:00+00:00,10047.431088368186455
2024-09-29T01:00:00+00:00,10047.740445368186455
2024-09-29T02:00:00+00:00,10047.659026868186455
2024-09-29T03:00:00+00:00,10047.645573668186455
2024-09-29T04:00:00+00:00,10047.522480218186455
2024-09-29T05:00:00+00:00,10047.276093518186455
2024-09-29T06:00:00+00:00,10047.119550218186455
2024-09-29T07:00:00+00:00,10047.081288518186455
2024-09-29T08:00:00+00:00,10047.219317018186455
2024-09-29T09:00:00+00:00,10047.252617018186455
2024-09-29T10:00:00+00:00,10047.239430218186455
2024-09-29T11:00:00+00:00,10047.439113668186455
2024-09-29T12:00:00+00:00,10047.338814068186455
2024-09-29T13:00:00+00:00,10047.649003568186455
2024-09-29T14:00:00+00:00,10047.442693418186455
2024-09-29T15:00:00+00:00,10047.538047968186455
2024-09-29T16:00:00+00:00,10047.560775218186455
2024-09-29T17:00:00+00:00,10047.649053518186455
2024-09-29T18:00:00+00:00,10047.601501118186455
2024-09-29T19:00:00+00:00,10047.883502168186455
2024-09-29T20:00:00+00:00,10047.639046868186455
2024-09-29T21:00:00+00:00,10047.733285868186455
2024-09-29T22:00:00+00:00,10047.409976168186455
2024-09-29T23:00:00+00:00,10047.289413518186455
2024-09-30T00:00:00+00:00,10047.059377118186455
2024-09-30T01:00:00+00:00,10045.904100218186455
2024-09-30T02:00:00+00:00,10045.248123518186455
2024-09-30T03:00:00+00:00,10045.543944068186455
2024-09-30T04:00:00+00:00,10045.357497368186455
2024-09-30T05:00:00+00:00,10045.497840218186455
2024-09-30T06:00:00+00:00,10045.214806868186455
2024-09-30T07:00:00+00:00,10045.054131334556455
2024-09-30T08:00:00+00:00,10045.054131334556455
2024-09-30T09:00:00+00:00,10045.054131334556455
2024-09-30T10:00:00+00:00,10045.054131334556455
2024-09-30T11:00:00+00:00,10045.054131334556455
2024-09-30T12:00:00+00:00,10045.054131334556455
2024-09-30T13:00:00+00:00,10045.054131334556455
2024-09-30T14:00:00+00:00,10045.054131334556455
2024-09-30T15:00:00+00:00,10045.054131334556455
2024-09-30T16:00:00+00:00,10045.054131334556455
2024-09-30T17:00:00+00:00,10045.054131334556455
2024-09-30T18:00:00+00:00,10045.054131334556455
2024-09-30T19:00:00+00:00,10045.054131334556455
2024-09-30T20:00:00+00:00,10045.054131334556455
2024-09-30T21:00:00+00:00,10045.054131334556455
2024-09-30T22:00:00+00:00,10045.054131334556455
2024-09-30T23:00:00+00:00,10045.054131334556455
2024-10-01T00:00:00+00:00,10045.054131334556455
2024-10-01T01:00:00+00:00,10045.054131334556455
2024-10-01T02:00:00+00:00,10045.054131334556455
2024-10-01T03:00:00+00:00,10045.054131334556455
2024-10-01T04:00:00+00:00,10045.054131334556455
2024-10-01T05:00:00+00:00,10045.054131334556455
2024-10-01T06:00:00+00:00,10045.054131334556455
2024-10-01T07:00:00+00:00,10045.054131334556455
2024-10-01T08:00:00+00:00,10045.054131334556455
2024-10-01T09:00:00+00:00,10045.054131334556455
2024-10-01T10:00:00+00:00,10045.054131334556455
2024-10-01T11:00:00+00:00,10045.054131334556455
2024-10-01T12:00:00+00:00,10045.054131334556455
2024-10-01T13:00:00+00:00,10045.054131334556455
2024-10-01T14:00:00+00:00,10045.054131334556455
2024-10-01T15:00:00+00:00,10045.054131334556455
2024-10-01T16:00:00+00:00,10045.054131334556455
2024-10-01T17:00:00+00:00,10045.054131334556455
2024-10-01T18:00:00+00:00,10045.054131334556455
2024-10-01T19:00:00+00:00,10045.054131334556455
2024-10-01T20:00:00+00:00,10045.054131334556455
2024-10-01T21:00:00+00:00,10045.054131334556455
2024-10-01T22:00:00+00:00,10045.054131334556455
2024-10-01T23:00:00+00:00,10045.054131334556455
2024-10-02T00:00:00+00:00,10045.054131334556455
2024-10-02T01:00:00+00:00,10045.054131334556455
2024-10-02T02:00:00+00:00,10045.054131334556455
2024-10-02T03:00:00+00:00,10045.054131334556455
2024-10-02T04:00:00+00:00,10045.054131334556455
2024-10-02T05:00:00+00:00,10045.054131334556455
2024-10-02T06:00:00+00:00,10045.054131334556455
2024-10-02T07:00:00+00:00,10045.054131334556455
2024-10-02T08:00:00+00:00,10045.054131334556455
2024-10-02T09:00:00+00:00,10045.054131334556455
2024-10-02T10:00:00+00:00,10045.054131334556455
2024-10-02T11:00:00+00:00,10045.054131334556455
2024-10-02T12:00:00+00:00,10045.054131334556455
2024-10-02T13:00:00+00:00,10045.054131334556455
2024-10-02T14:00:00+00:00,10045.054131334556455
2024-10-02T15:00:00+00:00,10045.054131334556455
2024-10-02T16:00:00+00:00,10045.054131334556455
2024-10-02T17:00:00+00:00,10045.054131334556455
2024-10-02T18:00:00+00:00,10045.054131334556455
2024-10-02T19:00:00+00:00,10045.054131334556455
2024-10-02T20:00:00+00:00,10045.054131334556455
2024-10-02T21:00:00+00:00,10045.054131334556455
2024-10-02T22:00:00+00:00,10045.054131334556455
2024-10-02T23:00:00+00:00,10045.054131334556455
2024-10-03T00:00:00+00:00,10045.054131334556455
2024-10-03T01:00:00+00:00,10045.054131334556455
2024-10-03T02:00:00+00:00,10045.054131334556455
2024-10-03T03:00:00+00:00,10045.054131334556455
2024-10-03T04:00:00+00:00,10045.054131334556455
2024-10-03T05:00:00+00:00,10045.054131334556455
2024-10-03T06:00:00+00:00,10045.054131334556455
2024-10-03T07:00:00+00:00,10045.054131334556455
2024-10-03T08:00:00+00:00,10045.054131334556455
2024-10-03T09:00:00+00:00,10045.054131334556455
2024-10-03T10:00:00+00:00,10045.054131334556455
2024-10-03T11:00:00+00:00,10045.054131334556455
2024-10-03T12:00:00+00:00,10045.054131334556455
2024-10-03T13:00:00+00:00,10045.054131334556455
2024-10-03T14:00:00+00:00,10045.054131334556455
2024-10-03T15:00:00+00:00,10045.054131334556455
2024-10-03T16:00:00+00:00,10045.054131334556455
2024-10-03T17:00:00+00:00,10045.054131334556455
2024-10-03T18:00:00+00:00,10045.054131334556455
2024-10-03T19:00:00+00:00,10045.054131334556455
2024-10-03T20:00:00+00:00,10045.054131334556455
2024-10-03T21:00:00+00:00,10045.054131334556455
2024-10-03T22:00:00+00:00,10045.054131334556455
2024-10-03T23:00:00+00:00,10045.054131334556455
2024-10-04T00:00:00+00:00,10045.054131334556455
2024-10-04T01:00:00+00:00,10045.054131334556455
2024-10-04T02:00:00+00:00,10045.054131334556455
2024-10-04T03:00:00+00:00,10045.054131334556455
2024-10-04T04:00:00+00:00,10045.054131334556455
2024-10-04T05:00:00+00:00,10045.054131334556455
2024-10-04T06:00:00+00:00,10045.054131334556455
2024-10-04T07:00:00+00:00,10045.054131334556455
2024-10-04T08:00:00+00:00,10045.054131334556455
2024-10-04T09:00:00+00:00,10045.054131334556455
2024-10-04T10:00:00+00:00,10045.054131334556455
2024-10-04T11:00:00+00:00,10045.054131334556455
2024-10-04T12:00:00+00:00,10045.054131334556455
2024-10-04T13:00:00+00:00,10045.054131334556455
2024-10-04T14:00:00+00:00,10045.054131334556455
2024-10-04T15:00:00+00:00,10045.054131334556455
2024-10-04T16:00:00+00:00,10045.054131334556455
2024-10-04T17:00:00+00:00,10045.054131334556455
2024-10-04T18:00:00+00:00,10045.054131334556455
2024-10-04T19:00:00+00:00,10045.054131334556455
2024-10-04T20:00:00+00:00,10045.054131334556455
2024-10-04T21:00:00+00:00,10045.054131334556455
2024-10-04T22:00:00+00:00,10045.054131334556455
2024-10-04T23:00:00+00:00,10045.054131334556455
2024-10-05T00:00:00+00:00,10045.054131334556455
2024-10-05T01:00:00+00:00,10045.054131334556455
2024-10-05T02:00:00+00:00,10045.054131334556455
2024-10-05T03:00:00+00:00,10045.054131334556455
2024-10-05T04:00:00+00:00,10045.054131334556455
2024-10-05T05:00:00+00:00,10045.054131334556455
2024-10-05T06:00:00+00:00,10045.054131334556455
2024-10-05T07:00:00+00:00,10045.054131334556455
2024-10-05T08:00:00+00:00,10045.054131334556455
2024-10-05T09:00:00+00:00,10045.054131334556455
2024-10-05T10:00:00+00:00,10044.841894180115390
2024-10-05T11:00:00+00:00,10044.787310260115390
2024-10-05T12:00:00+00:00,10044.984144650115390
2024-10-05T13:00:00+00:00,10044.744323810115390
2024-10-05T14:00:00+00:00,10044.813134390115390
2024-10-05T15:00:00+00:00,10044.767405840115390
2024-10-05T16:00:00+00:00,10044.429853330115390
2024-10-05T17:00:00+00:00,10044.522794390115390
2024-10-05T18:00:00+00:00,10044.277602260115390
2024-10-05T19:00:00+00:00,10044.252568500115390
2024-10-05T20:00:00+00:00,10044.050782200115390
2024-10-05T21:00:00+00:00,10044.267343580115390
2024-10-05T22:00:00+00:00,10044.117745014135115
2024-10-05T23:00:00+00:00,10043.997025549123435
2024-10-06T00:00:00+00:00,10043.773741549123435
2024-10-06T01:00:00+00:00,10044.034255729123435
2024-10-06T02:00:00+00:00,10043.848185729123435
2024-10-06T03:00:00+00:00,10043.706853429123435
2024-10-06T04:00:00+00:00,10043.556723981139375
2024-10-06T05:00:00+00:00,10043.556723981139375
2024-10-06T06:00:00+00:00,10043.556723981139375
2024-10-06T07:00:00+00:00,10043.556723981139375
2024-10-06T08:00:00+00:00,10043.556723981139375
2024-10-06T09:00:00+00:00,10043.556723981139375
2024-10-06T10:00:00+00:00,10043.556723981139375
2024-10-06T11:00:00+00:00,10043.556723981139375
2024-10-06T12:00:00+00:00,10043.600214924777055
2024-10-06T13:00:00+00:00,10043.657990334777055
2024-10-06T14:00:00+00:00,10044.398996754777055
2024-10-06T15:00:00+00:00,10044.405497094777055
2024-10-06T16:00:00+00:00,10044.214674924777055
2024-10-06T17:00:00+00:00,10044.197211324777055
2024-10-06T18:00:00+00:00,10044.402829044777055
2024-10-06T19:00:00+00:00,10044.262182384777055
2024-10-06T20:00:00+00:00,10044.244783464777055
2024-10-06T21:00:00+00:00,10043.731240434777055
2024-10-06T22:00:00+00:00,10044.241921374777055
2024-10-06T23:00:00+00:00,10044.567035394777055
2024-10-07T00:00:00+00:00,10045.954534584777055
2024-10-07T01:00:00+00:00,10046.182563924777055
2024-10-07T02:00:00+00:00,10045.888738854777055
2024-10-07T03:00:00+00:00,10045.716075594777055
2024-10-07T04:00:00+00:00,10045.612830144777055
2024-10-07T05:00:00+00:00,10045.472717094777055
2024-10-07T06:00:00+00:00,10045.999842924777055
2024-10-07T07:00:00+00:00,10045.718468754777055
2024-10-07T08:00:00+00:00,10045.755061464777055
2024-10-07T09:00:00+00:00,10045.199153034777055
2024-10-07T10:00:00+00:00,10044.682764084777055
2024-10-07T11:00:00+00:00,10045.077247404777055
2024-10-07T12:00:00+00:00,10044.669585534777055
2024-10-07T13:00:00+00:00,10045.597792044777055
2024-10-07T14:00:00+00:00,10046.462127054777055
2024-10-07T15:00:00+00:00,10045.911878124777055
2024-10-07T16:00:00+00:00,10046.184019224777055
2024-10-07T17:00:00+00:00,10046.184164754777055
2024-10-07T18:00:00+00:00,10044.612456924777055
2024-10-07T19:00:00+00:00,10045.475934924777055
2024-10-07T20:00:00+00:00,10044.890580924777055
2024-10-07T21:00:00+00:00,10045.462982754777055
2024-10-07T22:00:00+00:00,10044.002977284777055
2024-10-07T23:00:00+00:00,10043.603448924777055
2024-10-08T00:00:00+00:00,10044.135409584777055
2024-10-08T01:00:00+00:00,10044.259967094777055
2024-10-08T02:00:00+00:00,10044.511847184777055
2024-10-08T03:00:00+00:00,10044.259627524777055
2024-10-08T04:00:00+00:00,10044.364894224777055
2024-10-08T05:00:00+00:00,10044.077795874777055
2024-10-08T06:00:00+00:00,10044.064973064777055
2024-10-08T07:00:00+00:00,10043.758664754777055
2024-10-08T08:00:00+00:00,10043.903337744777055
2024-10-08T09:00:00+00:00,10044.110184384777055
2024-10-08T10:00:00+00:00,10044.081725184777055
2024-10-08T11:00:00+00:00,10044.250265094777055
2024-10-08T12:00:00+00:00,10043.952720924777055
2024-10-08T13:00:00+00:00,10044.915272514777055
2024-10-08T14:00:00+00:00,10044.499266924777055
2024-10-08T15:00:00+00:00,10043.706953094777055
2024-10-08T16:00:00+00:00,10044.162930924777055
2024-10-08T17:00:00+00:00,10043.878241904777055
2024-10-08T18:00:00+00:00,10043.420275164777055
2024-10-08T19:00:00+00:00,10043.638262934777055
2024-10-08T20:00:00+00:00,10043.888073264777055
2024-10-08T21:00:00+00:00,10043.736772466683225
2024-10-08T22:00:00+00:00,10043.736772466683225
2024-10-08T23:00:00+00:00,10043.736772466683225
2024-10-09T00:00:00+00:00,10043.736772466683225
2024-10-09T01:00:00+00:00,10043.736772466683225
2024-10-09T02:00:00+00:00,10043.736772466683225
2024-10-09T03:00:00+00:00,10043.736772466683225
2024-10-09T04:00:00+00:00,10043.736772466683225
2024-10-09T05:00:00+00:00,10043.736772466683225
2024-10-09T06:00:00+00:00,10043.736772466683225
2024-10-09T07:00:00+00:00,10043.736772466683225
2024-10-09T08:00:00+00:00,10043.736772466683225
2024-10-09T09:00:00+00:00,10043.736772466683225
2024-10-09T10:00:00+00:00,10043.736772466683225
2024-10-09T11:00:00+00:00,10043.736772466683225
2024-10-09T12:00:00+00:00,10043.736772466683225
2024-10-09T13:00:00+00:00,10043.736772466683225
2024-10-09T14:00:00+00:00,10043.736772466683225
2024-10-09T15:00:00+00:00,10043.736772466683225
2024-10-09T16:00:00+00:00,10043.736772466683225
2024-10-09T17:00:00+00:00,10043.736772466683225
2024-10-09T18:00:00+00:00,10043.736772466683225
2024-10-09T19:00:00+00:00,10043.736772466683225
2024-10-09T20:00:00+00:00,10043.736772466683225
2024-10-09T21:00:00+00:00,10043.736772466683225
2024-10-09T22:00:00+00:00,10043.736772466683225
2024-10-09T23:00:00+00:00,10043.736772466683225
2024-10-10T00:00:00+00:00,10043.736772466683225
2024-10-10T01:00:00+00:00,10043.736772466683225
2024-10-10T02:00:00+00:00,10043.736772466683225
2024-10-10T03:00:00+00:00,10043.736772466683225
2024-10-10T04:00:00+00:00,10043.736772466683225
2024-10-10T05:00:00+00:00,10043.736772466683225
2024-10-10T06:00:00+00:00,10043.736772466683225
2024-10-10T07:00:00+00:00,10043.736772466683225
2024-10-10T08:00:00+00:00,10043.736772466683225
2024-10-10T09:00:00+00:00,10043.736772466683225
2024-10-10T10:00:00+00:00,10043.736772466683225
2024-10-10T11:00:00+00:00,10043.736772466683225
2024-10-10T12:00:00+00:00,10043.736772466683225
2024-10-10T13:00:00+00:00,10043.736772466683225
2024-10-10T14:00:00+00:00,10043.736772466683225
2024-10-10T15:00:00+00:00,10043.736772466683225
2024-10-10T16:00:00+00:00,10043.736772466683225
2024-10-10T17:00:00+00:00,10043.736772466683225
2024-10-10T18:00:00+00:00,10043.736772466683225
2024-10-10T19:00:00+00:00,10043.736772466683225
2024-10-10T20:00:00+00:00,10043.736772466683225
2024-10-10T21:00:00+00:00,10043.736772466683225
2024-10-10T22:00:00+00:00,10043.736772466683225
2024-10-10T23:00:00+00:00,10043.736772466683225
2024-10-11T00:00:00+00:00,10043.736772466683225
2024-10-11T01:00:00+00:00,10043.736772466683225
2024-10-11T02:00:00+00:00,10043.736772466683225
2024-10-11T03:00:00+00:00,10043.736772466683225
2024-10-11T04:00:00+00:00,10043.736772466683225
2024-10-11T05:00:00+00:00,10043.736772466683225
2024-10-11T06:00:00+00:00,10043.736772466683225
2024-10-11T07:00:00+00:00,10043.736772466683225
2024-10-11T08:00:00+00:00,10043.736772466683225
2024-10-11T09:00:00+00:00,10043.736772466683225
2024-10-11T10:00:00+00:00,10043.736772466683225
2024-10-11T11:00:00+00:00,10043.736772466683225
2024-10-11T12:00:00+00:00,10043.736772466683225
2024-10-11T13:00:00+00:00,10043.736772466683225
2024-10-11T14:00:00+00:00,10043.736772466683225
2024-10-11T15:00:00+00:00,10043.736772466683225
2024-10-11T16:00:00+00:00,10043.736772466683225
2024-10-11T17:00:00+00:00,10043.736772466683225
2024-10-11T18:00:00+00:00,10043.736772466683225
2024-10-11T19:00:00+00:00,10043.736772466683225
2024-10-11T20:00:00+00:00,10043.439099442227225
2024-10-11T21:00:00+00:00,10043.207941042227225
2024-10-11T22:00:00+00:00,10042.573990722227225
2024-10-11T23:00:00+00:00,10042.716840882227225
2024-10-12T00:00:00+00:00,10043.194440882227225
2024-10-12T01:00:00+00:00,10043.025163522227225
2024-10-12T02:00:00+00:00,10042.740673122227225
2024-10-12T03:00:00+00:00,10042.761416882227225
2024-10-12T04:00:00+00:00,10042.786220242227225
2024-10-12T05:00:00+00:00,10043.095752802227225
2024-10-12T06:00:00+00:00,10042.939577602227225
2024-10-12T07:00:00+00:00,10043.079132322227225
2024-10-12T08:00:00+00:00,10043.012284242227225
2024-10-12T09:00:00+00:00,10043.199726322227225
2024-10-12T10:00:00+00:00,10043.518779042227225
2024-10-12T11:00:00+00:00,10043.348721602227225
2024-10-12T12:00:00+00:00,10043.538726802227225
2024-10-12T13:00:00+00:00,10043.563975922227225
2024-10-12T14:00:00+00:00,10043.823264962227225
2024-10-12T15:00:00+00:00,10043.699884962227225
2024-10-12T16:00:00+00:00,10043.551144402227225
2024-10-12T17:00:00+00:00,10043.613885122227225
2024-10-12T18:00:00+00:00,10043.347288802227225
2024-10-12T19:00:00+00:00,10043.449176802227225
2024-10-12T20:00:00+00:00,10043.518078562227225
2024-10-12T21:00:00+00:00,10043.801247602227225
2024-10-12T22:00:00+00:00,10043.921395842227225
2024-10-12T23:00:00+00:00,10043.777463122227225
2024-10-13T00:00:00+00:00,10043.752007042227225
2024-10-13T01:00:00+00:00,10043.256942802227225
2024-10-13T02:00:00+00:00,10043.237743282227225
2024-10-13T03:00:00+00:00,10042.991158402227225
2024-10-13T04:00:00+00:00,10043.153048882227225
2024-10-13T05:00:00+00:00,10043.216601522227225
2024-10-13T06:00:00+00:00,10043.237886562227225
2024-10-13T07:00:00+00:00,10043.199981042227225
2024-10-13T08:00:00+00:00,10043.146664962227225
2024-10-13T09:00:00+00:00,10043.178520882227225
2024-10-13T10:00:00+00:00,10042.973136962227225
2024-10-13T11:00:00+00:00,10042.750798242227225
2024-10-13T12:00:00+00:00,10042.914264802227225
2024-10-13T13:00:00+00:00,10042.907880882227225
2024-10-13T14:00:00+00:00,10042.254524082227225
2024-10-13T15:00:00+00:00,10042.222222402227225
2024-10-13T16:00:00+00:00,10042.858688082227225
2024-10-13T17:00:00+00:00,10042.677980162227225
2024-10-13T18:00:00+00:00,10042.516248882227225
2024-10-13T19:00:00+00:00,10043.026198322227225
2024-10-13T20:00:00+00:00,10043.071713602227225
2024-10-13T21:00:00+00:00,10043.282176002227225
2024-10-13T22:00:00+00:00,10043.191240962227225
2024-10-13T23:00:00+00:00,10043.242232722227225
2024-10-14T00:00:00+00:00,10042.685287442227225
2024-10-14T01:00:00+00:00,10042.863034242227225
2024-10-14T02:00:00+00:00,10042.834648882227225
2024-10-14T03:00:00+00:00,10045.518744962227225
2024-10-14T04:00:00+00:00,10045.260840962227225
2024-10-14T05:00:00+00:00,10044.948092562227225
2024-10-14T06:00:00+00:00,10045.193976962227225
2024-10-14T07:00:00+00:00,10046.029585922227225
2024-10-14T08:00:00+00:00,10045.722520962227225
2024-10-14T09:00:00+00:00,10046.350151042227225
2024-10-14T10:00:00+00:00,10046.410567442227225
2024-10-14T11:00:00+00:00,10046.505896402227225
2024-10-14T12:00:00+00:00,10046.423096482227225
2024-10-14T13:00:00+00:00,10046.871976802227225
2024-10-14T14:00:00+00:00,10048.100984882227225
2024-10-14T15:00:00+00:00,10048.018200882227225
2024-10-14T16:00:00+00:00,10047.753912962227225
2024-10-14T17:00:00+00:00,10047.652056802227225
2024-10-14T18:00:00+00:00,10047.858348162227225
2024-10-14T19:00:00+00:00,10048.128685682227225
2024-10-14T20:00:00+00:00,10048.107305122227225
2024-10-14T21:00:00+00:00,10047.878327762227225
2024-10-14T22:00:00+00:00,10048.947928882227225
2024-10-14T23:00:00+00:00,10048.358872962227225
2024-10-15T00:00:00+00:00,10048.113704962227225
2024-10-15T01:00:00+00:00,10048.012597042227225
2024-10-15T02:00:00+00:00,10047.843064962227225
2024-10-15T03:00:00+00:00,10047.269960882227225
2024-10-15T04:00:00+00:00,10047.588344962227225
2024-10-15T05:00:00+00:00,10047.211438962227225
2024-10-15T06:00:00+00:00,10047.532609042227225
2024-10-15T07:00:00+00:00,10047.650034962227225
2024-10-15T08:00:00+00:00,10047.833528882227225
2024-10-15T09:00:00+00:00,10047.648840962227225
2024-10-15T10:00:00+00:00,10047.715625362227225
2024-10-15T11:00:00+00:00,10047.269467362227225
2024-10-15T12:00:00+00:00,10047.909960802227225
2024-10-15T13:00:00+00:00,10050.864696882227225
2024-10-15T14:00:00+00:00,10047.231752882227225
2024-10-15T15:00:00+00:00,10048.260184882227225
2024-10-15T16:00:00+00:00,10049.607335282227225
2024-10-15T17:00:00+00:00,10049.511512802227225
2024-10-15T18:00:00+00:00,10049.659791682227225
2024-10-15T19:00:00+00:00,10049.769687442227225
2024-10-15T20:00:00+00:00,10048.972461602227225
2024-10-15T21:00:00+00:00,10048.912904882227225
2024-10-15T22:00:00+00:00,10049.415308242227225
2024-10-15T23:00:00+00:00,10049.935191762227225
2024-10-16T00:00:00+00:00,10049.616632562227225
2024-10-16T01:00:00+00:00,10050.415736962227225
2024-10-16T02:00:00+00:00,10050.262936802227225
2024-10-16T03:00:00+00:00,10049.969961042227225
2024-10-16T04:00:00+00:00,10049.817160882227225
2024-10-16T05:00:00+00:00,10050.165394962227225
2024-10-16T06:00:00+00:00,10049.896760882227225
2024-10-16T07:00:00+00:00,10049.773428642227225
2024-10-16T08:00:00+00:00,10050.023834322227225
2024-10-16T09:00:00+00:00,10050.485816802227225
2024-10-16T10:00:00+00:00,10050.984956562227225
2024-10-16T11:00:00+00:00,10051.241555122227225
2024-10-16T12:00:00+00:00,10051.141704882227225
2024-10-16T13:00:00+00:00,10050.431672882227225
2024-10-16T14:00:00+00:00,10050.886841602227225
2024-10-16T15:00:00+00:00,10051.011144962227225
2024-10-16T16:00:00+00:00,10051.128777842227225
2024-10-16T17:00:00+00:00,10051.316824882227225
2024-10-16T18:00:00+00:00,10051.126962962227225
2024-10-16T19:00:00+00:00,10050.976136882227225
2024-10-16T20:00:00+00:00,10050.820136802227225
2024-10-16T21:00:00+00:00,10050.719665682227225
2024-10-16T22:00:00+00:00,10051.074856802227225
2024-10-16T23:00:00+00:00,10050.804216802227225
2024-10-17T00:00:00+00:00,10050.947464962227225
2024-10-17T01:00:00+00:00,10051.240377042227225
2024-10-17T02:00:00+00:00,10050.568600802227225
2024-10-17T03:00:00+00:00,10050.774589682227225
2024-10-17T04:00:00+00:00,10050.231080882227225
2024-10-17T05:00:00+00:00,10050.359746322227225
2024-10-17T06:00:00+00:00,10050.076449922227225
2024-10-17T07:00:00+00:00,10050.299823442227225
2024-10-17T08:00:00+00:00,10050.533560882227225
2024-10-17T09:00:00+00:00,10050.121869682227225
2024-10-17T10:00:00+00:00,10050.157848882227225
2024-10-17T11:00:00+00:00,10049.614069442227225
2024-10-17T12:00:00+00:00,10050.090061522227225
2024-10-17T13:00:00+00:00,10049.852168962227225
2024-10-17T14:00:00+00:00,10050.014250482227225
2024-10-17T15:00:00+00:00,10050.757491602227225
2024-10-17T16:00:00+00:00,10050.429157522227225
2024-10-17T17:00:00+00:00,10050.278840882227225
2024-10-17T18:00:00+00:00,10049.718472802227225
2024-10-17T19:00:00+00:00,10049.562440882227225
2024-10-17T20:00:00+00:00,10049.721640882227225
2024-10-17T21:00:00+00:00,10049.950888882227225
2024-10-17T22:00:00+00:00,10050.524040722227225
2024-10-17T23:00:00+00:00,10050.488634642227225
2024-10-18T00:00:00+00:00,10050.158517522227225
2024-10-18T01:00:00+00:00,10051.545276882227225
2024-10-18T02:00:00+00:00,10051.574712962227225
2024-10-18T03:00:00+00:00,10050.701357682227225
2024-10-18T04:00:00+00:00,10050.999571122227225
2024-10-18T05:00:00+00:00,10051.410418562227225
2024-10-18T06:00:00+00:00,10051.581096882227225
2024-10-18T07:00:00+00:00,10051.360923282227225
2024-10-18T08:00:00+00:00,10051.285701282227225
2024-10-18T09:00:00+00:00,10051.093944882227225
2024-10-18T10:00:00+00:00,10051.210033522227225
2024-10-18T11:00:00+00:00,10050.934744882227225
2024-10-18T12:00:00+00:00,10050.871064882227225
2024-10-18T13:00:00+00:00,10051.721192882227225
2024-10-18T14:00:00+00:00,10052.088913042227225
2024-10-18T15:00:00+00:00,10052.579838082227225
2024-10-18T16:00:00+00:00,10052.663465842227225
2024-10-18T17:00:00+00:00,10052.539703762227225
2024-10-18T18:00:00+00:00,10052.829893522227225
2024-10-18T19:00:00+00:00,10052.377112802227225
2024-10-18T20:00:00+00:00,10052.096904882227225
2024-10-18T21:00:00+00:00,10052.065064882227225
2024-10-18T22:00:00+00:00,10051.736476082227225
2024-10-18T23:00:00+00:00,10052.090536882227225
2024-10-19T00:00:00+00:00,10051.941207282227225
2024-10-19T01:00:00+00:00,10051.950472722227225
2024-10-19T02:00:00+00:00,10052.140828162227225
2024-10-19T03:00:00+00:00,10052.125576802227225
2024-10-19T04:00:00+00:00,10051.940904802227225
2024-10-19T05:00:00+00:00,10052.030056802227225
2024-10-19T06:00:00+00:00,10051.943802242227225
2024-10-19T07:00:00+00:00,10051.960852562227225
2024-10-19T08:00:00+00:00,10052.061864962227225
2024-10-19T09:00:00+00:00,10051.969544882227225
2024-10-19T10:00:00+00:00,10051.797608882227225
2024-10-19T11:00:00+00:00,10051.552918482227225
2024-10-19T12:00:00+00:00,10051.762584882227225
2024-10-19T13:00:00+00:00,10051.591763282227225
2024-10-19T14:00:00+00:00,10051.886776802227225
2024-10-19T15:00:00+00:00,10051.770433442227225
2024-10-19T16:00:00+00:00,10051.476024882227225
2024-10-19T17:00:00+00:00,10051.603368962227225
2024-10-19T18:00:00+00:00,10051.695704962227225
2024-10-19T19:00:00+00:00,10051.698873042227225
2024-10-19T20:00:00+00:00,10051.799487442227225
2024-10-19T21:00:00+00:00,10051.763269442227225
2024-10-19T22:00:00+00:00,10051.934520882227225
2024-10-19T23:00:00+00:00,10052.010936882227225
2024-10-20T00:00:00+00:00,10051.777294962227225
2024-10-20T01:00:00+00:00,10051.660696882227225
2024-10-20T02:00:00+00:00,10051.690960802227225
2024-10-20T03:00:00+00:00,10051.708456882227225
2024-10-20T04:00:00+00:00,10051.784856962227225
2024-10-20T05:00:00+00:00,10051.749848882227225
2024-10-20T06:00:00+00:00,10052.045976802227225
2024-10-20T07:00:00+00:00,10052.010936882227225
2024-10-20T08:00:00+00:00,10052.036408882227225
2024-10-20T09:00:00+00:00,10052.100407282227225
2024-10-20T10:00:00+00:00,10052.007832482227225
2024-10-20T11:00:00+00:00,10052.077816802227225
2024-10-20T12:00:00+00:00,10051.836390002227225
2024-10-20T13:00:00+00:00,10052.128506082227225
2024-10-20T14:00:00+00:00,10052.424840962227225
2024-10-20T15:00:00+00:00,10052.405736962227225
2024-10-20T16:00:00+00:00,10052.213869122227225
2024-10-20T17:00:00+00:00,10052.303864882227225
2024-10-20T18:00:00+00:00,10052.370728882227225
2024-10-20T19:00:00+00:00,10052.218358562227225
2024-10-20T20:00:00+00:00,10052.654073042227225
2024-10-20T21:00:00+00:00,10052.635000882227225
2024-10-20T22:00:00+00:00,10053.219710642227225
2024-10-20T23:00:00+00:00,10053.052088962227225
2024-10-21T00:00:00+00:00,10053.255880882227225
2024-10-21T01:00:00+00:00,10053.336897762227225
2024-10-21T02:00:00+00:00,10052.539480882227225
2024-10-21T03:00:00+00:00,10052.905624962227225
2024-10-21T04:00:00+00:00,10053.063248882227225
2024-10-21T05:00:00+00:00,10052.969273122227225
2024-10-21T06:00:00+00:00,10052.522542002227225
2024-10-21T07:00:00+00:00,10052.227448882227225
2024-10-21T08:00:00+00:00,10051.889085202227225
2024-10-21T09:00:00+00:00,10052.010936882227225
2024-10-21T10:00:00+00:00,10051.857292962227225
2024-10-21T11:00:00+00:00,10051.788072802227225
2024-10-21T12:00:00+00:00,10051.739134722227225
2024-10-21T13:00:00+00:00,10050.313864882227225
2024-10-21T14:00:00+00:00,10050.243816882227225
2024-10-21T15:00:00+00:00,10050.360064722227225
2024-10-21T16:00:00+00:00,10050.337744882227225
2024-10-21T17:00:00+00:00,10050.654568802227225
2024-10-21T18:00:00+00:00,10050.350560482227225
2024-10-21T19:00:00+00:00,10051.031856882227225
2024-10-21T20:00:00+00:00,10051.011144962227225
2024-10-21T21:00:00+00:00,10051.095871202227225
2024-10-21T22:00:00+00:00,10050.934011108102385
2024-10-21T23:00:00+00:00,10050.934011108102385
2024-10-22T00:00:00+00:00,10050.934011108102385
2024-10-22T01:00:00+00:00,10050.934011108102385
2024-10-22T02:00:00+00:00,10050.934011108102385
2024-10-22T03:00:00+00:00,10050.934011108102385
2024-10-22T04:00:00+00:00,10050.934011108102385
2024-10-22T05:00:00+00:00,10050.934011108102385
2024-10-22T06:00:00+00:00,10050.934011108102385
2024-10-22T07:00:00+00:00,10050.934011108102385
2024-10-22T08:00:00+00:00,10050.934011108102385
2024-10-22T09:00:00+00:00,10050.934011108102385
2024-10-22T10:00:00+00:00,10050.934011108102385
2024-10-22T11:00:00+00:00,10050.934011108102385
2024-10-22T12:00:00+00:00,10050.934011108102385
2024-10-22T13:00:00+00:00,10050.934011108102385
2024-10-22T14:00:00+00:00,10050.934011108102385
2024-10-22T15:00:00+00:00,10050.934011108102385
2024-10-22T16:00:00+00:00,10050.934011108102385
2024-10-22T17:00:00+00:00,10050.934011108102385
2024-10-22T18:00:00+00:00,10050.934011108102385
2024-10-22T19:00:00+00:00,10050.934011108102385
2024-10-22T20:00:00+00:00,10050.934011108102385
2024-10-22T21:00:00+00:00,10050.934011108102385
2024-10-22T22:00:00+00:00,10050.934011108102385
2024-10-22T23:00:00+00:00,10050.934011108102385
2024-10-23T00:00:00+00:00,10050.934011108102385
2024-10-23T01:00:00+00:00,10050.934011108102385
2024-10-23T02:00:00+00:00,10050.934011108102385
2024-10-23T03:00:00+00:00,10050.934011108102385
2024-10-23T04:00:00+00:00,10050.934011108102385
2024-10-23T05:00:00+00:00,10050.934011108102385
2024-10-23T06:00:00+00:00,10050.934011108102385
2024-10-23T07:00:00+00:00,10050.934011108102385
2024-10-23T08:00:00+00:00,10050.934011108102385
2024-10-23T09:00:00+00:00,10050.934011108102385
2024-10-23T10:00:00+00:00,10050.934011108102385
2024-10-23T11:00:00+00:00,10050.934011108102385
2024-10-23T12:00:00+00:00,10050.934011108102385
2024-10-23T13:00:00+00:00,10050.934011108102385
2024-10-23T14:00:00+00:00,10050.934011108102385
2024-10-23T15:00:00+00:00,10050.934011108102385
2024-10-23T16:00:00+00:00,10050.934011108102385
2024-10-23T17:00:00+00:00,10050.934011108102385
2024-10-23T18:00:00+00:00,10050.934011108102385
2024-10-23T19:00:00+00:00,10050.934011108102385
2024-10-23T20:00:00+00:00,10050.934011108102385
2024-10-23T21:00:00+00:00,10050.934011108102385
2024-10-23T22:00:00+00:00,10050.934011108102385
2024-10-23T23:00:00+00:00,10050.934011108102385
2024-10-24T00:00:00+00:00,10050.934011108102385
2024-10-24T01:00:00+00:00,10050.934011108102385
2024-10-24T02:00:00+00:00,10050.934011108102385
2024-10-24T03:00:00+00:00,10050.934011108102385
2024-10-24T04:00:00+00:00,10050.934011108102385
2024-10-24T05:00:00+00:00,10050.934011108102385
2024-10-24T06:00:00+00:00,10050.934011108102385
2024-10-24T07:00:00+00:00,10050.934011108102385
2024-10-24T08:00:00+00:00,10050.934011108102385
2024-10-24T09:00:00+00:00,10050.934011108102385
2024-10-24T10:00:00+00:00,10050.934011108102385
2024-10-24T11:00:00+00:00,10050.934011108102385
2024-10-24T12:00:00+00:00,10050.934011108102385
2024-10-24T13:00:00+00:00,10050.934011108102385
2024-10-24T14:00:00+00:00,10050.934011108102385
2024-10-24T15:00:00+00:00,10050.934011108102385
2024-10-24T16:00:00+00:00,10050.934011108102385
2024-10-24T17:00:00+00:00,10050.934011108102385
2024-10-24T18:00:00+00:00,10050.934011108102385
2024-10-24T19:00:00+00:00,10051.490893912728790
2024-10-24T20:00:00+00:00,10051.322370922728790
2024-10-24T21:00:00+00:00,10051.547497732728790
2024-10-24T22:00:00+00:00,10051.304273102728790
2024-10-24T23:00:00+00:00,10051.325747602728790
2024-10-25T00:00:00+00:00,10051.016203792728790
2024-10-25T01:00:00+00:00,10050.987220622728790
2024-10-25T02:00:00+00:00,10051.131307112728790
2024-10-25T03:00:00+00:00,10051.043942922728790
2024-10-25T04:00:00+00:00,10050.652958922728790
2024-10-25T05:00:00+00:00,10050.672522932728790
2024-10-25T06:00:00+00:00,10050.508131932728790
2024-10-25T07:00:00+00:00,10050.338942492728790
2024-10-25T08:00:00+00:00,10050.526333422728790
2024-10-25T09:00:00+00:00,10050.791106602728790
2024-10-25T10:00:00+00:00,10050.817690552728790
2024-10-25T11:00:00+00:00,10051.188769912728790
2024-10-25T12:00:00+00:00,10051.123768822728790
2024-10-25T13:00:00+00:00,10051.526748922728790
2024-10-25T14:00:00+00:00,10051.493145032728790
2024-10-25T15:00:00+00:00,10050.572999732728790
2024-10-25T16:00:00+00:00,10050.543364922728790
2024-10-25T17:00:00+00:00,10049.308225732728790
2024-10-25T18:00:00+00:00,10049.590504332728790
2024-10-25T19:00:00+00:00,10049.328944922728790
2024-10-25T20:00:00+00:00,10049.459258112728790
2024-10-25T21:00:00+00:00,10049.992284822728790
2024-10-25T22:00:00+00:00,10048.997822942728790
2024-10-25T23:00:00+00:00,10048.849876475355205
2024-10-26T00:00:00+00:00,10048.849876475355205
2024-10-26T01:00:00+00:00,10048.849876475355205
2024-10-26T02:00:00+00:00,10048.849876475355205
2024-10-26T03:00:00+00:00,10048.849876475355205
2024-10-26T04:00:00+00:00,10048.849876475355205
2024-10-26T05:00:00+00:00,10048.849876475355205
2024-10-26T06:00:00+00:00,10048.849876475355205
2024-10-26T07:00:00+00:00,10048.849876475355205
2024-10-26T08:00:00+00:00,10048.849876475355205
2024-10-26T09:00:00+00:00,10048.849876475355205
2024-10-26T10:00:00+00:00,10048.849876475355205
2024-10-26T11:00:00+00:00,10048.849876475355205
2024-10-26T12:00:00+00:00,10048.849876475355205
2024-10-26T13:00:00+00:00,10048.849876475355205
2024-10-26T14:00:00+00:00,10048.849876475355205
2024-10-26T15:00:00+00:00,10048.849876475355205
2024-10-26T16:00:00+00:00,10048.849876475355205
2024-10-26T17:00:00+00:00,10048.849876475355205
2024-10-26T18:00:00+00:00,10048.849876475355205
2024-10-26T19:00:00+00:00,10048.849876475355205
2024-10-26T20:00:00+00:00,10048.849876475355205
2024-10-26T21:00:00+00:00,10048.849876475355205
2024-10-26T22:00:00+00:00,10048.849876475355205
2024-10-26T23:00:00+00:00,10048.849876475355205
2024-10-27T00:00:00+00:00,10048.849876475355205
2024-10-27T01:00:00+00:00,10048.849876475355205
2024-10-27T02:00:00+00:00,10048.849876475355205
2024-10-27T03:00:00+00:00,10048.849876475355205
2024-10-27T04:00:00+00:00,10048.849876475355205
2024-10-27T05:00:00+00:00,10048.849876475355205
2024-10-27T06:00:00+00:00,10048.849876475355205
2024-10-27T07:00:00+00:00,10048.849876475355205
2024-10-27T08:00:00+00:00,10048.849876475355205
2024-10-27T09:00:00+00:00,10048.849876475355205
2024-10-27T10:00:00+00:00,10048.849876475355205
2024-10-27T11:00:00+00:00,10048.849876475355205
2024-10-27T12:00:00+00:00,10048.849876475355205
2024-10-27T13:00:00+00:00,10048.849876475355205
2024-10-27T14:00:00+00:00,10048.849876475355205
2024-10-27T15:00:00+00:00,10048.849876475355205
2024-10-27T16:00:00+00:00,10048.752476625483205
2024-10-27T17:00:00+00:00,10048.651256025483205
2024-10-27T18:00:00+00:00,10048.355300625483205
2024-10-27T19:00:00+00:00,10048.785080625483205
2024-10-27T20:00:00+00:00,10048.654679445483205
2024-10-27T21:00:00+00:00,10048.903655445483205
2024-10-27T22:00:00+00:00,10049.191148625483205
2024-10-27T23:00:00+00:00,10049.039540025483205
2024-10-28T00:00:00+00:00,10048.799767245483205
2024-10-28T01:00:00+00:00,10048.639681605483205
2024-10-28T02:00:00+00:00,10048.716893805483205
2024-10-28T03:00:00+00:00,10048.603669005483205
2024-10-28T04:00:00+00:00,10048.628418405483205
2024-10-28T05:00:00+00:00,10048.873778325483205
2024-10-28T06:00:00+00:00,10048.946840925483205
2024-10-28T07:00:00+00:00,10049.623181265483205
2024-10-28T08:00:00+00:00,10049.493476625483205
2024-10-28T09:00:00+00:00,10049.858048625483205
2024-10-28T10:00:00+00:00,10049.934919965483205
2024-10-28T11:00:00+00:00,10050.124482585483205
2024-10-28T12:00:00+00:00,10050.353051445483205
2024-10-28T13:00:00+00:00,10050.222605805483205
2024-10-28T14:00:00+00:00,10050.252260625483205
2024-10-28T15:00:00+00:00,10049.739785025483205
2024-10-28T16:00:00+00:00,10050.058518765483205
2024-10-28T17:00:00+00:00,10050.465668625483205
2024-10-28T18:00:00+00:00,10050.803742465483205
2024-10-28T19:00:00+00:00,10051.423010985483205
2024-10-28T20:00:00+00:00,10051.444618545483205
2024-10-28T21:00:00+00:00,10051.661642625483205
2024-10-28T22:00:00+00:00,10051.914545925483205
2024-10-28T23:00:00+00:00,10051.915375845483205
2024-10-29T00:00:00+00:00,10051.913404785483205
2024-10-29T01:00:00+00:00,10052.431660185483205
2024-10-29T02:00:00+00:00,10053.735034725483205
2024-10-29T03:00:00+00:00,10053.361704105483205
2024-10-29T04:00:00+00:00,10053.583811445483205
2024-10-29T05:00:00+00:00,10053.512645805483205
2024-10-29T06:00:00+00:00,10053.821583525483205
2024-10-29T07:00:00+00:00,10053.480012165483205
2024-10-29T08:00:00+00:00,10053.651983445483205
2024-10-29T09:00:00+00:00,10053.900085065483205
2024-10-29T10:00:00+00:00,10053.707276865483205
2024-10-29T11:00:00+00:00,10054.123259445483205
2024-10-29T12:00:00+00:00,10053.613451445483205
2024-10-29T13:00:00+00:00,10054.644908625483205
2024-10-29T14:00:00+00:00,10054.738408005483205
2024-10-29T15:00:00+00:00,10055.531159445483205
2024-10-29T16:00:00+00:00,10056.031230705483205
2024-10-29T17:00:00+00:00,10056.004643625483205
2024-10-29T18:00:00+00:00,10056.669335445483205
2024-10-29T19:00:00+00:00,10055.729969745483205
2024-10-29T20:00:00+00:00,10055.433658665483205
2024-10-29T21:00:00+00:00,10055.365130985483205
2024-10-29T22:00:00+00:00,10055.913500625483205
2024-10-29T23:00:00+00:00,10056.026755065483205
2024-10-30T00:00:00+00:00,10055.365145805483205
2024-10-30T01:00:00+00:00,10055.550944145483205
2024-10-30T02:00:00+00:00,10055.443691805483205
2024-10-30T03:00:00+00:00,10055.282168625483205
2024-10-30T04:00:00+00:00,10055.353304625483205
2024-10-30T05:00:00+00:00,10055.673416625483205
2024-10-30T06:00:00+00:00,10055.389332045483205
2024-10-30T07:00:00+00:00,10055.273261805483205
2024-10-30T08:00:00+00:00,10055.293061325483205
2024-10-30T09:00:00+00:00,10055.789027445483205
2024-10-30T10:00:00+00:00,10055.495606265483205
2024-10-30T11:00:00+00:00,10054.911653805483205
2024-10-30T12:00:00+00:00,10054.731116565483205
2024-10-30T13:00:00+00:00,10054.884992625483205
2024-10-30T14:00:00+00:00,10055.545653405483205
2024-10-30T15:00:00+00:00,10055.026286505483205
2024-10-30T16:00:00+00:00,10055.099675145483205
2024-10-30T17:00:00+00:00,10054.779355665483205
2024-10-30T18:00:00+00:00,10054.897960125483205
2024-10-30T19:00:00+00:00,10054.671599445483205
2024-10-30T20:00:00+00:00,10056.205662105483205
2024-10-30T21:00:00+00:00,10055.510544825483205
2024-10-30T22:00:00+00:00,10055.524327425483205
2024-10-30T23:00:00+00:00,10055.446285305483205
2024-10-31T00:00:00+00:00,10055.181377805483205
2024-10-31T01:00:00+00:00,10055.483720625483205
2024-10-31T02:00:00+00:00,10055.754941445483205
2024-10-31T03:00:00+00:00,10055.459623305483205
2024-10-31T04:00:00+00:00,10055.341433805483205
2024-10-31T05:00:00+00:00,10055.353304625483205
2024-10-31T06:00:00+00:00,10055.249742465483205
2024-10-31T07:00:00+00:00,10055.553656205483205
2024-10-31T08:00:00+00:00,10055.344486725483205
2024-10-31T09:00:00+00:00,10055.386946025483205
2024-10-31T10:00:00+00:00,10055.882778765483205
2024-10-31T11:00:00+00:00,10055.270312625483205
2024-10-31T12:00:00+00:00,10055.104328625483205
2024-10-31T13:00:00+00:00,10053.909836625483205
2024-10-31T14:00:00+00:00,10053.085874265483205
2024-10-31T15:00:00+00:00,10052.890220625483205
2024-10-31T16:00:00+00:00,10052.569486185483205
2024-10-31T17:00:00+00:00,10053.135165585483205
2024-10-31T18:00:00+00:00,10052.910479565483205
2024-10-31T19:00:00+00:00,10052.107828365483205
2024-10-31T20:00:00+00:00,10052.010994485483205
2024-10-31T21:00:00+00:00,10052.627002605483205
2024-10-31T22:00:00+00:00,10052.682740625483205
2024-10-31T23:00:00+00:00,10052.404139445483205
2024-11-01T00:00:00+00:00,10052.228848485483205
2024-11-01T01:00:00+00:00,10051.085159445483205
2024-11-01T02:00:00+00:00,10051.348777605483205
2024-11-01T03:00:00+00:00,10051.194153068711695
2024-11-01T04:00:00+00:00,10051.194153068711695
2024-11-01T05:00:00+00:00,10051.194153068711695
2024-11-01T06:00:00+00:00,10051.194153068711695
2024-11-01T07:00:00+00:00,10051.194153068711695
2024-11-01T08:00:00+00:00,10051.194153068711695
2024-11-01T09:00:00+00:00,10051.194153068711695
2024-11-01T10:00:00+00:00,10051.194153068711695
2024-11-01T11:00:00+00:00,10051.194153068711695
2024-11-01T12:00:00+00:00,10051.194153068711695
2024-11-01T13:00:00+00:00,10051.194153068711695
2024-11-01T14:00:00+00:00,10051.194153068711695
2024-11-01T15:00:00+00:00,10051.194153068711695
2024-11-01T16:00:00+00:00,10051.194153068711695
2024-11-01T17:00:00+00:00,10051.194153068711695
2024-11-01T18:00:00+00:00,10051.194153068711695
2024-11-01T19:00:00+00:00,10051.194153068711695
2024-11-01T20:00:00+00:00,10051.194153068711695
2024-11-01T21:00:00+00:00,10051.194153068711695
2024-11-01T22:00:00+00:00,10051.194153068711695
2024-11-01T23:00:00+00:00,10051.194153068711695
2024-11-02T00:00:00+00:00,10051.194153068711695
2024-11-02T01:00:00+00:00,10051.194153068711695
2024-11-02T02:00:00+00:00,10051.194153068711695
2024-11-02T03:00:00+00:00,10051.194153068711695
2024-11-02T04:00:00+00:00,10051.194153068711695
2024-11-02T05:00:00+00:00,10051.194153068711695
2024-11-02T06:00:00+00:00,10051.194153068711695
2024-11-02T07:00:00+00:00,10051.194153068711695
2024-11-02T08:00:00+00:00,10051.194153068711695
2024-11-02T09:00:00+00:00,10051.194153068711695
2024-11-02T10:00:00+00:00,10051.194153068711695
2024-11-02T11:00:00+00:00,10051.194153068711695
2024-11-02T12:00:00+00:00,10051.194153068711695
2024-11-02T13:00:00+00:00,10051.194153068711695
2024-11-02T14:00:00+00:00,10051.194153068711695
2024-11-02T15:00:00+00:00,10051.194153068711695
2024-11-02T16:00:00+00:00,10051.194153068711695
2024-11-02T17:00:00+00:00,10051.194153068711695
2024-11-02T18:00:00+00:00,10051.194153068711695
2024-11-02T19:00:00+00:00,10051.194153068711695
2024-11-02T20:00:00+00:00,10051.194153068711695
2024-11-02T21:00:00+00:00,10051.194153068711695
2024-11-02T22:00:00+00:00,10051.194153068711695
2024-11-02T23:00:00+00:00,10051.194153068711695
2024-11-03T00:00:00+00:00,10051.194153068711695
2024-11-03T01:00:00+00:00,10051.194153068711695
2024-11-03T02:00:00+00:00,10051.194153068711695
2024-11-03T03:00:00+00:00,10051.194153068711695
2024-11-03T04:00:00+00:00,10051.194153068711695
2024-11-03T05:00:00+00:00,10051.194153068711695
2024-11-03T06:00:00+00:00,10051.194153068711695
2024-11-03T07:00:00+00:00,10051.194153068711695
2024-11-03T08:00:00+00:00,10051.194153068711695
2024-11-03T09:00:00+00:00,10051.194153068711695
2024-11-03T10:00:00+00:00,10051.194153068711695
2024-11-03T11:00:00+00:00,10051.194153068711695
2024-11-03T12:00:00+00:00,10051.194153068711695
2024-11-03T13:00:00+00:00,10051.194153068711695
2024-11-03T14:00:00+00:00,10051.194153068711695
2024-11-03T15:00:00+00:00,10051.194153068711695
2024-11-03T16:00:00+00:00,10051.194153068711695
2024-11-03T17:00:00+00:00,10051.194153068711695
2024-11-03T18:00:00+00:00,10051.194153068711695
2024-11-03T19:00:00+00:00,10051.194153068711695
2024-11-03T20:00:00+00:00,10051.194153068711695
2024-11-03T21:00:00+00:00,10051.194153068711695
2024-11-03T22:00:00+00:00,10051.194153068711695
2024-11-03T23:00:00+00:00,10051.194153068711695
2024-11-04T00:00:00+00:00,10051.194153068711695
2024-11-04T01:00:00+00:00,10051.194153068711695
2024-11-04T02:00:00+00:00,10051.194153068711695
2024-11-04T03:00:00+00:00,10051.194153068711695
2024-11-04T04:00:00+00:00,10051.194153068711695
2024-11-04T05:00:00+00:00,10051.194153068711695
2024-11-04T06:00:00+00:00,10051.194153068711695
2024-11-04T07:00:00+00:00,10051.194153068711695
2024-11-04T08:00:00+00:00,10051.194153068711695
2024-11-04T09:00:00+00:00,10051.194153068711695
2024-11-04T10:00:00+00:00,10051.194153068711695
2024-11-04T11:00:00+00:00,10051.194153068711695
2024-11-04T12:00:00+00:00,10051.194153068711695
2024-11-04T13:00:00+00:00,10051.194153068711695
2024-11-04T14:00:00+00:00,10051.194153068711695
2024-11-04T15:00:00+00:00,10051.194153068711695
2024-11-04T16:00:00+00:00,10051.194153068711695
2024-11-04T17:00:00+00:00,10051.194153068711695
2024-11-04T18:00:00+00:00,10051.194153068711695
2024-11-04T19:00:00+00:00,10051.194153068711695
2024-11-04T20:00:00+00:00,10051.194153068711695
2024-11-04T21:00:00+00:00,10051.194153068711695
2024-11-04T22:00:00+00:00,10051.194153068711695
2024-11-04T23:00:00+00:00,10051.194153068711695
2024-11-05T00:00:00+00:00,10051.194153068711695
2024-11-05T01:00:00+00:00,10051.194153068711695
2024-11-05T02:00:00+00:00,10051.194153068711695
2024-11-05T03:00:00+00:00,10051.194153068711695
2024-11-05T04:00:00+00:00,10051.194153068711695
2024-11-05T05:00:00+00:00,10051.194153068711695
2024-11-05T06:00:00+00:00,10051.194153068711695
2024-11-05T07:00:00+00:00,10051.194153068711695
2024-11-05T08:00:00+00:00,10051.194153068711695
2024-11-05T09:00:00+00:00,10051.194153068711695
2024-11-05T10:00:00+00:00,10051.194153068711695
2024-11-05T11:00:00+00:00,10051.194153068711695
2024-11-05T12:00:00+00:00,10051.194153068711695
2024-11-05T13:00:00+00:00,10051.194153068711695
2024-11-05T14:00:00+00:00,10051.194153068711695
2024-11-05T15:00:00+00:00,10051.194153068711695
2024-11-05T16:00:00+00:00,10051.194153068711695
2024-11-05T17:00:00+00:00,10051.194153068711695
2024-11-05T18:00:00+00:00,10051.194153068711695
2024-11-05T19:00:00+00:00,10049.277500145618850
2024-11-05T20:00:00+00:00,10049.921450145618850
2024-11-05T21:00:00+00:00,10049.512198455618850
2024-11-05T22:00:00+00:00,10050.133252455618850
2024-11-05T23:00:00+00:00,10049.815584765618850
2024-11-06T00:00:00+00:00,10052.282671695618850
2024-11-06T01:00:00+00:00,10052.329565565618850
2024-11-06T02:00:00+00:00,10055.117497005618850
2024-11-06T03:00:00+00:00,10056.936984885618850
2024-11-06T04:00:00+00:00,10056.811829625618850
2024-11-06T05:00:00+00:00,10057.537790235618850
2024-11-06T06:00:00+00:00,10056.799666125618850
2024-11-06T07:00:00+00:00,10055.537982045618850
2024-11-06T08:00:00+00:00,10055.659831695618850
2024-11-06T09:00:00+00:00,10056.089560995618850
2024-11-06T10:00:00+00:00,10056.194982765618850
2024-11-06T11:00:00+00:00,10056.827484765618850
2024-11-06T12:00:00+00:00,10056.683612025618850
2024-11-06T13:00:00+00:00,10056.419707005618850
2024-11-06T14:00:00+00:00,10055.923078455618850
2024-11-06T15:00:00+00:00,10056.864676455618850
2024-11-06T16:00:00+00:00,10056.916178145618850
2024-11-06T17:00:00+00:00,10057.085064765618850
2024-11-06T18:00:00+00:00,10058.198354145618850
2024-11-06T19:00:00+00:00,10059.047738505618850
2024-11-06T20:00:00+00:00,10059.446186145618850
2024-11-06T21:00:00+00:00,10059.142828455618850
2024-11-06T22:00:00+00:00,10058.782917645618850
2024-11-06T23:00:00+00:00,10058.687756145618850
2024-11-07T00:00:00+00:00,10058.368771935618850
2024-11-07T01:00:00+00:00,10058.421604455618850
2024-11-07T02:00:00+00:00,10058.264208765618850
2024-11-07T03:00:00+00:00,10057.937940765618850
2024-11-07T04:00:00+00:00,10057.450441995618850
2024-11-07T05:00:00+00:00,10057.519344645618850
2024-11-07T06:00:00+00:00,10057.537632825618850
2024-11-07T07:00:00+00:00,10057.522335435618850
2024-11-07T08:00:00+00:00,10058.083888455618850
2024-11-07T09:00:00+00:00,10057.750122015618850
2024-11-07T10:00:00+00:00,10057.913885655618850
2024-11-07T11:00:00+00:00,10057.505764455618850
2024-11-07T12:00:00+00:00,10057.857618735618850
2024-11-07T13:00:00+00:00,10057.400628885618850
2024-11-07T14:00:00+00:00,10057.614520455618850
2024-11-07T15:00:00+00:00,10059.385654845618850
2024-11-07T16:00:00+00:00,10059.148538145618850
2024-11-07T17:00:00+00:00,10059.669279045618850
2024-11-07T18:00:00+00:00,10060.164576765618850
2024-11-07T19:00:00+00:00,10060.059226545618850
2024-11-07T20:00:00+00:00,10059.917686335618850
2024-11-07T21:00:00+00:00,10059.123495645618850
2024-11-07T22:00:00+00:00,10059.117070455618850
2024-11-07T23:00:00+00:00,10059.096879045618850
2024-11-08T00:00:00+00:00,10059.307751205618850
2024-11-08T01:00:00+00:00,10059.277213665618850
2024-11-08T02:00:00+00:00,10058.886879795618850
2024-11-08T03:00:00+00:00,10059.143958945618850
2024-11-08T04:00:00+00:00,10059.060030795618850
2024-11-08T05:00:00+00:00,10059.264921375618850
2024-11-08T06:00:00+00:00,10059.122794455618850
2024-11-08T07:00:00+00:00,10059.512727645618850
2024-11-08T08:00:00+00:00,10059.016900455618850
2024-11-08T09:00:00+00:00,10059.225382845618850
2024-11-08T10:00:00+00:00,10059.629339835618850
2024-11-08T11:00:00+00:00,10059.206450715618850
2024-11-08T12:00:00+00:00,10059.396902505618850
2024-11-08T13:00:00+00:00,10059.683932485618850
2024-11-08T14:00:00+00:00,10058.945350455618850
2024-11-08T15:00:00+00:00,10059.912305775618850
2024-11-08T16:00:00+00:00,10059.184756755618850
2024-11-08T17:00:00+00:00,10059.852590145618850
2024-11-08T18:00:00+00:00,10060.462210455618850
2024-11-08T19:00:00+00:00,10060.606140435618850
2024-11-08T20:00:00+00:00,10060.146431685618850
2024-11-08T21:00:00+00:00,10059.991540245618850
2024-11-08T22:00:00+00:00,10059.828449175618850
2024-11-08T23:00:00+00:00,10060.029733635618850
2024-11-09T00:00:00+00:00,10059.915568455618850
2024-11-09T01:00:00+00:00,10059.743848455618850
2024-11-09T02:00:00+00:00,10059.905522835618850
2024-11-09T03:00:00+00:00,10059.788882025618850
2024-11-09T04:00:00+00:00,10059.841142145618850
2024-11-09T05:00:00+00:00,10060.090150455618850
2024-11-09T06:00:00+00:00,10060.030048455618850
2024-11-09T07:00:00+00:00,10060.057351935618850
2024-11-09T08:00:00+00:00,10060.072964145618850
2024-11-09T09:00:00+00:00,10060.093012455618850
2024-11-09T10:00:00+00:00,10059.969960765618850
2024-11-09T11:00:00+00:00,10059.997292865618850
2024-11-09T12:00:00+00:00,10059.701304825618850
2024-11-09T13:00:00+00:00,10059.910402545618850
2024-11-09T14:00:00+00:00,10059.809116365618850
2024-11-09T15:00:00+00:00,10059.758015355618850
2024-11-09T16:00:00+00:00,10059.424993035618850
2024-11-09T17:00:00+00:00,10059.641918325618850
2024-11-09T18:00:00+00:00,10059.810432885618850
2024-11-09T19:00:00+00:00,10059.593478975618850
2024-11-09T20:00:00+00:00,10059.720952455618850
2024-11-09T21:00:00+00:00,10059.946478055618850
2024-11-09T22:00:00+00:00,10060.044215355618850
2024-11-09T23:00:00+00:00,10060.269683715618850
2024-11-10T00:00:00+00:00,10060.565256765618850
2024-11-10T01:00:00+00:00,10060.305244065618850
2024-11-10T02:00:00+00:00,10060.779878145618850
2024-11-10T03:00:00+00:00,10061.025967215618850
2024-11-10T04:00:00+00:00,10063.767849075618850
2024-11-10T05:00:00+00:00,10063.685051415618850
2024-11-10T06:00:00+00:00,10063.455032475618850
2024-11-10T07:00:00+00:00,10063.353359925618850
2024-11-10T08:00:00+00:00,10063.779411555618850
2024-11-10T09:00:00+00:00,10064.119846455618850
2024-11-10T10:00:00+00:00,10064.367037395618850
2024-11-10T11:00:00+00:00,10064.801016765618850
2024-11-10T12:00:00+00:00,10064.529112455618850
2024-11-10T13:00:00+00:00,10064.635020765618850
2024-11-10T14:00:00+00:00,10064.320200765618850
2024-11-10T15:00:00+00:00,10064.586395385618850
2024-11-10T16:00:00+00:00,10064.703680145618850
2024-11-10T17:00:00+00:00,10065.500775765618850
2024-11-10T18:00:00+00:00,10065.794173695618850
2024-11-10T19:00:00+00:00,10064.665043145618850
2024-11-10T20:00:00+00:00,10063.521702765618850
2024-11-10T21:00:00+00:00,10064.843889525618850
2024-11-10T22:00:00+00:00,10065.902886765618850
2024-11-10T23:00:00+00:00,10065.553722765618850
2024-11-11T00:00:00+00:00,10065.854204145618850
2024-11-11T01:00:00+00:00,10066.761472455618850
2024-11-11T02:00:00+00:00,10067.072242725618850
2024-11-11T03:00:00+00:00,10067.331339585618850
2024-11-11T04:00:00+00:00,10067.084892765618850
2024-11-11T05:00:00+00:00,10066.071716145618850
2024-11-11T06:00:00+00:00,10066.313111535618850
2024-11-11T07:00:00+00:00,10066.611360555618850
2024-11-11T08:00:00+00:00,10066.798005885618850
2024-11-11T09:00:00+00:00,10067.450255685618850
2024-11-11T10:00:00+00:00,10067.863614345618850
2024-11-11T11:00:00+00:00,10068.077992455618850
2024-11-11T12:00:00+00:00,10068.127948665618850
2024-11-11T13:00:00+00:00,10067.651182395618850
2024-11-11T14:00:00+00:00,10068.580130355618850
2024-11-11T15:00:00+00:00,10070.833440195618850
2024-11-11T16:00:00+00:00,10071.034438455618850
2024-11-11T17:00:00+00:00,10071.612548145618850
2024-11-11T18:00:00+00:00,10073.369816145618850
2024-11-11T19:00:00+00:00,10073.756500965618850
2024-11-11T20:00:00+00:00,10074.930550605618850
2024-11-11T21:00:00+00:00,10076.329152765618850
2024-11-11T22:00:00+00:00,10076.442588135618850
2024-11-11T23:00:00+00:00,10077.399512145618850
2024-11-12T00:00:00+00:00,10077.872572125618850
2024-11-12T01:00:00+00:00,10077.248570265618850
2024-11-12T02:00:00+00:00,10076.035110885618850
2024-11-12T03:00:00+00:00,10076.540153715618850
2024-11-12T04:00:00+00:00,10077.088384125618850
2024-11-12T05:00:00+00:00,10077.013814715618850
2024-11-12T06:00:00+00:00,10078.683791715618850
2024-11-12T07:00:00+00:00,10077.879412305618850
2024-11-12T08:00:00+00:00,10078.303932765618850
2024-11-12T09:00:00+00:00,10075.944042045618850
2024-11-12T10:00:00+00:00,10074.737165265618850
2024-11-12T11:00:00+00:00,10075.263830505618850
2024-11-12T12:00:00+00:00,10074.108240765618850
2024-11-12T13:00:00+00:00,10074.083212575618850
2024-11-12T14:00:00+00:00,10075.043399265618850
2024-11-12T15:00:00+00:00,10074.514630455618850
2024-11-12T16:00:00+00:00,10075.084612065618850
2024-11-12T17:00:00+00:00,10074.992684625618850
2024-11-12T18:00:00+00:00,10077.611901165618850
2024-11-12T19:00:00+00:00,10077.480063135618850
2024-11-12T20:00:00+00:00,10078.580244555618850
2024-11-12T21:00:00+00:00,10076.816136375618850
2024-11-12T22:00:00+00:00,10077.319390455618850
2024-11-12T23:00:00+00:00,10076.403564765618850
2024-11-13T00:00:00+00:00,10076.529478455618850
2024-11-13T01:00:00+00:00,10076.835039885618850
2024-11-13T02:00:00+00:00,10076.283346455618850
2024-11-13T03:00:00+00:00,10075.235854455618850
2024-11-13T04:00:00+00:00,10075.287384765618850
2024-11-13T05:00:00+00:00,10074.391550145618850
2024-11-13T06:00:00+00:00,10074.325738455618850
2024-11-13T07:00:00+00:00,10075.550674455618850
2024-11-13T08:00:00+00:00,10075.368479535618850
2024-11-13T09:00:00+00:00,10075.613667075618850
2024-11-13T10:00:00+00:00,10075.807610505618850
2024-11-13T11:00:00+00:00,10075.999135545618850
2024-11-13T12:00:00+00:00,10075.938418215618850
2024-11-13T13:00:00+00:00,10078.120764765618850
2024-11-13T14:00:00+00:00,10081.492186455618850
2024-11-13T15:00:00+00:00,10082.968992765618850
2024-11-13T16:00:00+00:00,10082.562574455618850
2024-11-13T17:00:00+00:00,10082.509441425618850
2024-11-13T18:00:00+00:00,10083.375382455618850
2024-11-13T19:00:00+00:00,10079.611151265618850
2024-11-13T20:00:00+00:00,10078.893476145618850
2024-11-13T21:00:00+00:00,10077.244649325618850
2024-11-13T22:00:00+00:00,10078.926575175618850
2024-11-13T23:00:00+00:00,10079.871149655618850
2024-11-14T00:00:00+00:00,10079.484393285618850
2024-11-14T01:00:00+00:00,10079.866584765618850
2024-11-14T02:00:00+00:00,10079.483076765618850
2024-11-14T03:00:00+00:00,10079.244114075618850
2024-11-14T04:00:00+00:00,10079.511668145618850
2024-11-14T05:00:00+00:00,10079.273020275618850
2024-11-14T06:00:00+00:00,10078.333525845618850
2024-11-14T07:00:00+00:00,10080.435278475618850
2024-11-14T08:00:00+00:00,10080.133137135618850
2024-11-14T09:00:00+00:00,10080.635031765618850
2024-11-14T10:00:00+00:00,10080.912631455618850
2024-11-14T11:00:00+00:00,10081.469090115618850
2024-11-14T12:00:00+00:00,10081.113214725618850
2024-11-14T13:00:00+00:00,10080.413813475618850
2024-11-14T14:00:00+00:00,10077.502601385618850
2024-11-14T15:00:00+00:00,10076.397812145618850
2024-11-14T16:00:00+00:00,10078.187020065618850
2024-11-14T17:00:00+00:00,10078.245748305618850
2024-11-14T18:00:00+00:00,10078.062866505618850
2024-11-14T19:00:00+00:00,10078.567208145618850
2024-11-14T20:00:00+00:00,10075.917954915618850
2024-11-14T21:00:00+00:00,10076.797390275618850
2024-11-14T22:00:00+00:00,10075.957092765618850
2024-11-14T23:00:00+00:00,10075.507157745618850
2024-11-15T00:00:00+00:00,10076.286594825618850
2024-11-15T01:00:00+00:00,10076.613893145618850
2024-11-15T02:00:00+00:00,10076.993222625618850
2024-11-15T03:00:00+00:00,10076.784496965618850
2024-11-15T04:00:00+00:00,10075.691728125618850
2024-11-15T05:00:00+00:00,10076.077282455618850
2024-11-15T06:00:00+00:00,10076.733639225618850
2024-11-15T07:00:00+00:00,10075.917010455618850
2024-11-15T08:00:00+00:00,10076.590954215618850
2024-11-15T09:00:00+00:00,10078.183700145618850
2024-11-15T10:00:00+00:00,10078.410599505618850
2024-11-15T11:00:00+00:00,10078.963967205618850
2024-11-15T12:00:00+00:00,10078.981983495618850
2024-11-15T13:00:00+00:00,10079.546026455618850
2024-11-15T14:00:00+00:00,10078.057757835618850
2024-11-15T15:00:00+00:00,10077.109620165618850
2024-11-15T16:00:00+00:00,10078.441280145618850
2024-11-15T17:00:00+00:00,10078.597058805618850
2024-11-15T18:00:00+00:00,10078.458452145618850
2024-11-15T19:00:00+00:00,10079.874999045618850
2024-11-15T20:00:00+00:00,10081.406297835618850
2024-11-15T21:00:00+00:00,10081.736572635618850
2024-11-15T22:00:00+00:00,10081.062886455618850
2024-11-15T23:00:00+00:00,10080.811130625618850
2024-11-16T00:00:00+00:00,10080.765238455618850
2024-11-16T01:00:00+00:00,10081.121972445618850
2024-11-16T02:00:00+00:00,10081.345566195618850
2024-11-16T03:00:00+00:00,10081.125893385618850
2024-11-16T04:00:00+00:00,10081.151164845618850
2024-11-16T05:00:00+00:00,10081.266574995618850
2024-11-16T06:00:00+00:00,10081.039990455618850
2024-11-16T07:00:00+00:00,10080.933423885618850
2024-11-16T08:00:00+00:00,10081.374815835618850
2024-11-16T09:00:00+00:00,10081.101866895618850
2024-11-16T10:00:00+00:00,10081.328952285618850
2024-11-16T11:00:00+00:00,10081.008064845618850
2024-11-16T12:00:00+00:00,10080.614611395618850
2024-11-16T13:00:00+00:00,10080.416060145618850
2024-11-16T14:00:00+00:00,10080.719446455618850
2024-11-16T15:00:00+00:00,10080.080075655618850
2024-11-16T16:00:00+00:00,10080.210940605618850
2024-11-16T17:00:00+00:00,10080.627905385618850
2024-11-16T18:00:00+00:00,10081.198888695618850
2024-11-16T19:00:00+00:00,10080.908681895618850
2024-11-16T20:00:00+00:00,10080.410364765618850
2024-11-16T21:00:00+00:00,10080.755936955618850
2024-11-16T22:00:00+00:00,10079.804164545618850
2024-11-16T23:00:00+00:00,10080.174120975618850
2024-11-17T00:00:00+00:00,10080.490486455618850
2024-11-17T01:00:00+00:00,10079.724529395618850
2024-11-17T02:00:00+00:00,10079.368596765618850
2024-11-17T03:00:00+00:00,10079.688926115618850
2024-11-17T04:00:00+00:00,10080.158494455618850
2024-11-17T05:00:00+00:00,10080.006994485618850
2024-11-17T06:00:00+00:00,10080.257863095618850
2024-11-17T07:00:00+00:00,10080.122433255618850
2024-11-17T08:00:00+00:00,10080.743930865618850
2024-11-17T09:00:00+00:00,10081.187726895618850
2024-11-17T10:00:00+00:00,10080.845374455618850
2024-11-17T11:00:00+00:00,10080.313314345618850
2024-11-17T12:00:00+00:00,10080.880691535618850
2024-11-17T13:00:00+00:00,10080.055476765618850
2024-11-17T14:00:00+00:00,10079.779150665618850
2024-11-17T15:00:00+00:00,10079.706312765618850
2024-11-17T16:00:00+00:00,10079.973780975618850
2024-11-17T17:00:00+00:00,10080.162300915618850
2024-11-17T18:00:00+00:00,10079.242654455618850
2024-11-17T19:00:00+00:00,10079.397202455618850
2024-11-17T20:00:00+00:00,10078.813354455618850
2024-11-17T21:00:00+00:00,10078.100687835618850
2024-11-17T22:00:00+00:00,10078.698874455618850
2024-11-17T23:00:00+00:00,10079.128160145618850
2024-11-18T00:00:00+00:00,10079.248378455618850
2024-11-18T01:00:00+00:00,10080.404011125618850
2024-11-18T02:00:00+00:00,10080.040995045618850
2024-11-18T03:00:00+00:00,10080.290976435618850
2024-11-18T04:00:00+00:00,10079.965738755618850
2024-11-18T05:00:00+00:00,10080.215319465618850
2024-11-18T06:00:00+00:00,10082.284731495618850
2024-11-18T07:00:00+00:00,10081.795415355618850
2024-11-18T08:00:00+00:00,10081.925221365618850
2024-11-18T09:00:00+00:00,10081.782107055618850
2024-11-18T10:00:00+00:00,10081.866278475618850
2024-11-18T11:00:00+00:00,10079.727949485618850
2024-11-18T12:00:00+00:00,10080.074251485618850
2024-11-18T13:00:00+00:00,10078.621929585618850
2024-11-18T14:00:00+00:00,10079.775000765618850
2024-11-18T15:00:00+00:00,10082.639147265618850
2024-11-18T16:00:00+00:00,10081.342103175618850
2024-11-18T17:00:00+00:00,10081.573309845618850
2024-11-18T18:00:00+00:00,10079.844819255618850
2024-11-18T19:00:00+00:00,10080.204658515618850
2024-11-18T20:00:00+00:00,10081.442702475618850
2024-11-18T21:00:00+00:00,10081.160666685618850
2024-11-18T22:00:00+00:00,10080.977055075618850
2024-11-18T23:00:00+00:00,10079.998336935618850
2024-11-19T00:00:00+00:00,10080.826685595618850
2024-11-19T01:00:00+00:00,10080.356344515618850
2024-11-19T02:00:00+00:00,10081.102954455618850
2024-11-19T03:00:00+00:00,10081.377706455618850
2024-11-19T04:00:00+00:00,10081.520806455618850
2024-11-19T05:00:00+00:00,10082.020225455618850
2024-11-19T06:00:00+00:00,10082.137724865618850
2024-11-19T07:00:00+00:00,10081.652472765618850
2024-11-19T08:00:00+00:00,10081.882835145618850
2024-11-19T09:00:00+00:00,10081.758896235618850
2024-11-19T10:00:00+00:00,10081.839590325618850
2024-11-19T11:00:00+00:00,10081.698279075618850
2024-11-19T12:00:00+00:00,10082.865932145618850
2024-11-19T13:00:00+00:00,10080.968841135618850
2024-11-19T14:00:00+00:00,10081.944382455618850
2024-11-19T15:00:00+00:00,10082.757176145618850
2024-11-19T16:00:00+00:00,10082.988711945618850
2024-11-19T17:00:00+00:00,10083.417969015618850
2024-11-19T18:00:00+00:00,10084.551879105618850
2024-11-19T19:00:00+00:00,10083.953320425618850
2024-11-19T20:00:00+00:00,10082.851636455618850
2024-11-19T21:00:00+00:00,10082.477887875618850
2024-11-19T22:00:00+00:00,10081.947516345618850
2024-11-19T23:00:00+00:00,10082.640978945618850
2024-11-20T00:00:00+00:00,10082.259474345618850
2024-11-20T01:00:00+00:00,10082.163024945618850
2024-11-20T02:00:00+00:00,10081.835626455618850
2024-11-20T03:00:00+00:00,10082.253464145618850
2024-11-20T04:00:00+00:00,10082.369689965618850
2024-11-20T05:00:00+00:00,10082.919566025618850
2024-11-20T06:00:00+00:00,10082.729929905618850
2024-11-20T07:00:00+00:00,10083.413132235618850
2024-11-20T08:00:00+00:00,10083.913438455618850
2024-11-20T09:00:00+00:00,10083.770352765618850
2024-11-20T10:00:00+00:00,10084.025771955618850
2024-11-20T11:00:00+00:00,10084.277842605618850
2024-11-20T12:00:00+00:00,10084.388458905618850
2024-11-20T13:00:00+00:00,10085.606139735618850
2024-11-20T14:00:00+00:00,10085.956062165618850
2024-11-20T15:00:00+00:00,10086.117135525618850
2024-11-20T16:00:00+00:00,10085.126926455618850
2024-11-20T17:00:00+00:00,10084.938520995618850
2024-11-20T18:00:00+00:00,10084.606042455618850
2024-11-20T19:00:00+00:00,10085.058238455618850
2024-11-20T20:00:00+00:00,10085.447456145618850
2024-11-20T21:00:00+00:00,10085.581869975618850
2024-11-20T22:00:00+00:00,10085.287985505618850
2024-11-20T23:00:00+00:00,10085.468305815618850
2024-11-21T00:00:00+00:00,10086.073690365618850
2024-11-21T01:00:00+00:00,10086.063501645618850
2024-11-21T02:00:00+00:00,10085.636548485618850
2024-11-21T03:00:00+00:00,10087.631348175618850
2024-11-21T04:00:00+00:00,10090.144327275618850
2024-11-21T05:00:00+00:00,10089.820606455618850
2024-11-21T06:00:00+00:00,10089.356991075618850
2024-11-21T07:00:00+00:00,10089.225324765618850
2024-11-21T08:00:00+00:00,10089.505772145618850
2024-11-21T09:00:00+00:00,10090.228784895618850
2024-11-21T10:00:00+00:00,10090.433074455618850
2024-11-21T11:00:00+00:00,10090.746449145618850
2024-11-21T12:00:00+00:00,10089.806196285618850
2024-11-21T13:00:00+00:00,10090.083924765618850
2024-11-21T14:00:00+00:00,10089.412571115618850
2024-11-21T15:00:00+00:00,10088.881870455618850
2024-11-21T16:00:00+00:00,10089.563012145618850
2024-11-21T17:00:00+00:00,10090.851856605618850
2024-11-21T18:00:00+00:00,10091.182932765618850
2024-11-21T19:00:00+00:00,10090.538725185618850
2024-11-21T20:00:00+00:00,10090.951325415618850
2024-11-21T21:00:00+00:00,10090.744746255618850
2024-11-21T22:00:00+00:00,10091.291674455618850
2024-11-21T23:00:00+00:00,10091.236037175618850
2024-11-22T00:00:00+00:00,10090.764451125618850
2024-11-22T01:00:00+00:00,10090.899008055618850
2024-11-22T02:00:00+00:00,10091.665823715618850
2024-11-22T03:00:00+00:00,10091.979269955618850
2024-11-22T04:00:00+00:00,10091.923045965618850
2024-11-22T05:00:00+00:00,10091.914116525618850
2024-11-22T06:00:00+00:00,10092.213224145618850
2024-11-22T07:00:00+00:00,10092.461803155618850
2024-11-22T08:00:00+00:00,10091.949633945618850
2024-11-22T09:00:00+00:00,10091.786800455618850
2024-11-22T10:00:00+00:00,10091.354638455618850
2024-11-22T11:00:00+00:00,10092.027752235618850
2024-11-22T12:00:00+00:00,10091.670946695618850
2024-11-22T13:00:00+00:00,10090.443864195618850
2024-11-22T14:00:00+00:00,10089.774814455618850
2024-11-22T15:00:00+00:00,10091.732422455618850
2024-11-22T16:00:00+00:00,10092.020482755618850
2024-11-22T17:00:00+00:00,10091.929714425618850
2024-11-22T18:00:00+00:00,10092.369031425618850
2024-11-22T19:00:00+00:00,10092.327346395618850
2024-11-22T20:00:00+00:00,10092.447908145618850
2024-11-22T21:00:00+00:00,10092.603500775618850
2024-11-22T22:00:00+00:00,10091.679976305618850
2024-11-22T23:00:00+00:00,10092.058690455618850
2024-11-23T00:00:00+00:00,10091.690766045618850
2024-11-23T01:00:00+00:00,10091.626528455618850
2024-11-23T02:00:00+00:00,10091.474184195618850
2024-11-23T03:00:00+00:00,10091.736243225618850
2024-11-23T04:00:00+00:00,10091.606694795618850
2024-11-23T05:00:00+00:00,10091.862858105618850
2024-11-23T06:00:00+00:00,10091.798105355618850
2024-11-23T07:00:00+00:00,10091.584814805618850
2024-11-23T08:00:00+00:00,10091.429021835618850
2024-11-23T09:00:00+00:00,10091.424857625618850
2024-11-23T10:00:00+00:00,10091.366873505618850
2024-11-23T11:00:00+00:00,10091.397554145618850
2024-11-23T12:00:00+00:00,10091.639049705618850
2024-11-23T13:00:00+00:00,10091.543644935618850
2024-11-23T14:00:00+00:00,10091.847431925618850
2024-11-23T15:00:00+00:00,10091.354638455618850
2024-11-23T16:00:00+00:00,10090.365602805618850
2024-11-23T17:00:00+00:00,10090.640268945618850
2024-11-23T18:00:00+00:00,10090.553264145618850
2024-11-23T19:00:00+00:00,10090.072462455618850
2024-11-23T20:00:00+00:00,10090.357975575618850
2024-11-23T21:00:00+00:00,10090.729005255618850
2024-11-23T22:00:00+00:00,10090.255616145618850
2024-11-23T23:00:00+00:00,10090.313442855618850
2024-11-24T00:00:00+00:00,10090.667042955618850
2024-11-24T01:00:00+00:00,10091.043252855618850
2024-11-24T02:00:00+00:00,10091.341272915618850
2024-11-24T03:00:00+00:00,10091.068581555618850
2024-11-24T04:00:00+00:00,10091.024377965618850
2024-11-24T05:00:00+00:00,10091.160652095618850
2024-11-24T06:00:00+00:00,10091.297427075618850
2024-11-24T07:00:00+00:00,10091.399071005618850
2024-11-24T08:00:00+00:00,10090.879188705618850
2024-11-24T09:00:00+00:00,10090.691327025618850
2024-11-24T10:00:00+00:00,10090.308362805618850
2024-11-24T11:00:00+00:00,10089.751961385618850
2024-11-24T12:00:00+00:00,10089.208124145618850
2024-11-24T13:00:00+00:00,10089.658803285618850
2024-11-24T14:00:00+00:00,10089.394096905618850
2024-11-24T15:00:00+00:00,10087.779299265618850
2024-11-24T16:00:00+00:00,10088.498362455618850
2024-11-24T17:00:00+00:00,10087.781188185618850
2024-11-24T18:00:00+00:00,10088.689486815618850
2024-11-24T19:00:00+00:00,10088.378187075618850
2024-11-24T20:00:00+00:00,10089.102945645618850
2024-11-24T21:00:00+00:00,10089.315306045618850
2024-11-24T22:00:00+00:00,10090.782224145618850
2024-11-24T23:00:00+00:00,10090.639195695618850
2024-11-25T00:00:00+00:00,10090.373373135618850
2024-11-25T01:00:00+00:00,10089.644922585618850
2024-11-25T02:00:00+00:00,10089.878747985618850
2024-11-25T03:00:00+00:00,10090.637421255618850
2024-11-25T04:00:00+00:00,10090.496038455618850
2024-11-25T05:00:00+00:00,10090.900567845618850
2024-11-25T06:00:00+00:00,10090.900811115618850
2024-11-25T07:00:00+00:00,10090.849981995618850
2024-11-25T08:00:00+00:00,10091.093867325618850
2024-11-25T09:00:00+00:00,10091.487664215618850
2024-11-25T10:00:00+00:00,10091.239213995618850
2024-11-25T11:00:00+00:00,10091.051395245618850
2024-11-25T12:00:00+00:00,10090.639138455618850
2024-11-25T13:00:00+00:00,10090.021375755618850
2024-11-25T14:00:00+00:00,10087.040874645618850
2024-11-25T15:00:00+00:00,10087.921039815618850
2024-11-25T16:00:00+00:00,10087.794310455618850
2024-11-25T17:00:00+00:00,10086.829945245618850
2024-11-25T18:00:00+00:00,10086.689564145618850
2024-11-25T19:00:00+00:00,10086.485428518288850
2024-11-25T20:00:00+00:00,10086.485428518288850
2024-11-25T21:00:00+00:00,10086.485428518288850
2024-11-25T22:00:00+00:00,10086.485428518288850
2024-11-25T23:00:00+00:00,10086.485428518288850
2024-11-26T00:00:00+00:00,10086.485428518288850
2024-11-26T01:00:00+00:00,10086.485428518288850
2024-11-26T02:00:00+00:00,10086.485428518288850
2024-11-26T03:00:00+00:00,10086.485428518288850
2024-11-26T04:00:00+00:00,10086.485428518288850
2024-11-26T05:00:00+00:00,10086.485428518288850
2024-11-26T06:00:00+00:00,10086.485428518288850
2024-11-26T07:00:00+00:00,10086.485428518288850
2024-11-26T08:00:00+00:00,10086.485428518288850
2024-11-26T09:00:00+00:00,10086.485428518288850
2024-11-26T10:00:00+00:00,10086.485428518288850
2024-11-26T11:00:00+00:00,10086.485428518288850
2024-11-26T12:00:00+00:00,10086.485428518288850
2024-11-26T13:00:00+00:00,10086.485428518288850
2024-11-26T14:00:00+00:00,10086.485428518288850
2024-11-26T15:00:00+00:00,10086.485428518288850
2024-11-26T16:00:00+00:00,10086.485428518288850
2024-11-26T17:00:00+00:00,10086.485428518288850
2024-11-26T18:00:00+00:00,10086.485428518288850
2024-11-26T19:00:00+00:00,10086.485428518288850
2024-11-26T20:00:00+00:00,10086.485428518288850
2024-11-26T21:00:00+00:00,10086.485428518288850
2024-11-26T22:00:00+00:00,10086.485428518288850
2024-11-26T23:00:00+00:00,10086.485428518288850
2024-11-27T00:00:00+00:00,10086.485428518288850
2024-11-27T01:00:00+00:00,10086.485428518288850
2024-11-27T02:00:00+00:00,10086.485428518288850
2024-11-27T03:00:00+00:00,10086.485428518288850
2024-11-27T04:00:00+00:00,10086.485428518288850
2024-11-27T05:00:00+00:00,10086.485428518288850
2024-11-27T06:00:00+00:00,10086.485428518288850
2024-11-27T07:00:00+00:00,10086.485428518288850
2024-11-27T08:00:00+00:00,10086.485428518288850
2024-11-27T09:00:00+00:00,10086.485428518288850
2024-11-27T10:00:00+00:00,10086.485428518288850
2024-11-27T11:00:00+00:00,10086.485428518288850
2024-11-27T12:00:00+00:00,10086.485428518288850
2024-11-27T13:00:00+00:00,10086.485428518288850
2024-11-27T14:00:00+00:00,10086.485428518288850
2024-11-27T15:00:00+00:00,10086.485428518288850
2024-11-27T16:00:00+00:00,10086.485428518288850
2024-11-27T17:00:00+00:00,10086.485428518288850
2024-11-27T18:00:00+00:00,10086.485428518288850
2024-11-27T19:00:00+00:00,10086.485428518288850
2024-11-27T20:00:00+00:00,10086.485428518288850
2024-11-27T21:00:00+00:00,10086.485428518288850
2024-11-27T22:00:00+00:00,10086.485428518288850
2024-11-27T23:00:00+00:00,10086.485428518288850
2024-11-28T00:00:00+00:00,10086.485428518288850
2024-11-28T01:00:00+00:00,10086.043893486144850
2024-11-28T02:00:00+00:00,10085.444470446144850
2024-11-28T03:00:00+00:00,10085.206062606144850
2024-11-28T04:00:00+00:00,10085.489289366144850
2024-11-28T05:00:00+00:00,10085.176830606144850
2024-11-28T06:00:00+00:00,10085.214038766144850
2024-11-28T07:00:00+00:00,10085.026734726144850
2024-11-28T08:00:00+00:00,10085.189964126144850
2024-11-28T09:00:00+00:00,10084.688833686144850
2024-11-28T10:00:00+00:00,10084.670814246144850
2024-11-28T11:00:00+00:00,10085.185788126144850
2024-11-28T12:00:00+00:00,10085.219196126144850
2024-11-28T13:00:00+00:00,10085.456434686144850
2024-11-28T14:00:00+00:00,10085.106475446144850
2024-11-28T15:00:00+00:00,10084.721343846144850
2024-11-28T16:00:00+00:00,10084.684657686144850
2024-11-28T17:00:00+00:00,10084.572229326144850
2024-11-28T18:00:00+00:00,10085.016868926144850
2024-11-28T19:00:00+00:00,10084.838626806144850
2024-11-28T20:00:00+00:00,10084.525980126144850
2024-11-28T21:00:00+00:00,10084.818279246144850
2024-11-28T22:00:00+00:00,10085.394358446144850
2024-11-28T23:00:00+00:00,10085.386204806144850
2024-11-29T00:00:00+00:00,10085.210844126144850
2024-11-29T01:00:00+00:00,10085.674369686144850
2024-11-29T02:00:00+00:00,10086.530428806144850
2024-11-29T03:00:00+00:00,10086.374225526144850
2024-11-29T04:00:00+00:00,10086.033328206144850
2024-11-29T05:00:00+00:00,10085.918519526144850
2024-11-29T06:00:00+00:00,10086.035792046144850
2024-11-29T07:00:00+00:00,10085.366441886144850
2024-11-29T08:00:00+00:00,10085.736999246144850
2024-11-29T09:00:00+00:00,10086.128916846144850
2024-11-29T10:00:00+00:00,10086.639036126144850
2024-11-29T11:00:00+00:00,10087.050267726144850
2024-11-29T12:00:00+00:00,10086.727838766144850
2024-11-29T13:00:00+00:00,10087.035077526144850
2024-11-29T14:00:00+00:00,10087.847988126144850
2024-11-29T15:00:00+00:00,10087.866216366144850
2024-11-29T16:00:00+00:00,10087.616199246144850
2024-11-29T17:00:00+00:00,10086.768784446144850
2024-11-29T18:00:00+00:00,10086.985623246144850
2024-11-29T19:00:00+00:00,10087.146127806144850
2024-11-29T20:00:00+00:00,10087.123420806144850
2024-11-29T21:00:00+00:00,10087.204946766144850
2024-11-29T22:00:00+00:00,10087.107458046144850
2024-11-29T23:00:00+00:00,10087.282129686144850
2024-11-30T00:00:00+00:00,10086.768544326144850
2024-11-30T01:00:00+00:00,10086.201819366144850
2024-11-30T02:00:00+00:00,10086.393904926144850
2024-11-30T03:00:00+00:00,10086.426070566144850
2024-11-30T04:00:00+00:00,10086.467997606144850
2024-11-30T05:00:00+00:00,10086.908711766144850
2024-11-30T06:00:00+00:00,10086.425694726144850
2024-11-30T07:00:00+00:00,10086.575738406144850
2024-11-30T08:00:00+00:00,10086.753333246144850
2024-11-30T09:00:00+00:00,10086.572188806144850
2024-11-30T10:00:00+00:00,10085.901418806144850
2024-11-30T11:00:00+00:00,10086.037671246144850
2024-11-30T12:00:00+00:00,10086.335461806144850
2024-11-30T13:00:00+00:00,10086.181064646144850
2024-11-30T14:00:00+00:00,10086.240885846144850
2024-11-30T15:00:00+00:00,10086.431697726144850
2024-11-30T16:00:00+00:00,10086.667537326144850
2024-11-30T17:00:00+00:00,10086.572606406144850
2024-11-30T18:00:00+00:00,10086.766779966144850
2024-11-30T19:00:00+00:00,10086.822435606144850
2024-11-30T20:00:00+00:00,10086.768471246144850
2024-11-30T21:00:00+00:00,10086.584758566144850
2024-11-30T22:00:00+00:00,10086.244508526144850
2024-11-30T23:00:00+00:00,10086.183831246144850
2024-12-01T00:00:00+00:00,10086.113476086144850
2024-12-01T01:00:00+00:00,10085.869200966144850
2024-12-01T02:00:00+00:00,10085.524263366144850
2024-12-01T03:00:00+00:00,10086.109456686144850
2024-12-01T04:00:00+00:00,10086.296092566144850
2024-12-01T05:00:00+00:00,10086.080308206144850
2024-12-01T06:00:00+00:00,10086.099966726144850
2024-12-01T07:00:00+00:00,10086.251670366144850
2024-12-01T08:00:00+00:00,10086.852012126144850
2024-12-01T09:00:00+00:00,10086.833366286144850
2024-12-01T10:00:00+00:00,10086.605607246144850
2024-12-01T11:00:00+00:00,10086.915570846144850
2024-12-01T12:00:00+00:00,10086.566457246144850
2024-12-01T13:00:00+00:00,10086.876984606144850
2024-12-01T14:00:00+00:00,10087.104420006144850
2024-12-01T15:00:00+00:00,10086.831142566144850
2024-12-01T16:00:00+00:00,10086.998140806144850
2024-12-01T17:00:00+00:00,10087.115058366144850
2024-12-01T18:00:00+00:00,10086.925802046144850
2024-12-01T19:00:00+00:00,10086.988483806144850
2024-12-01T20:00:00+00:00,10086.906279246144850
2024-12-01T21:00:00+00:00,10087.603284966144850
2024-12-01T22:00:00+00:00,10087.389202326144850
2024-12-01T23:00:00+00:00,10086.995217606144850
2024-12-02T00:00:00+00:00,10087.257856686144850
2024-12-02T01:00:00+00:00,10087.809276606144850
2024-12-02T02:00:00+00:00,10087.475019126144850
2024-12-02T03:00:00+00:00,10086.262924686144850
2024-12-02T04:00:00+00:00,10086.497041686144850
2024-12-02T05:00:00+00:00,10086.133719246144850
2024-12-02T06:00:00+00:00,10086.050199246144850
2024-12-02T07:00:00+00:00,10085.757879246144850
2024-12-02T08:00:00+00:00,10084.769910726144850
2024-12-02T09:00:00+00:00,10085.228769606144850
2024-12-02T10:00:00+00:00,10084.684668126144850
2024-12-02T11:00:00+00:00,10084.848231606144850
2024-12-02T12:00:00+00:00,10084.699299326090590
2024-12-02T13:00:00+00:00,10084.699299326090590
2024-12-02T14:00:00+00:00,10084.699299326090590
2024-12-02T15:00:00+00:00,10084.699299326090590
2024-12-02T16:00:00+00:00,10084.699299326090590
2024-12-02T17:00:00+00:00,10084.699299326090590
2024-12-02T18:00:00+00:00,10084.699299326090590
2024-12-02T19:00:00+00:00,10084.699299326090590
2024-12-02T20:00:00+00:00,10084.699299326090590
2024-12-02T21:00:00+00:00,10084.699299326090590
2024-12-02T22:00:00+00:00,10084.699299326090590
2024-12-02T23:00:00+00:00,10084.699299326090590
2024-12-03T00:00:00+00:00,10084.699299326090590
2024-12-03T01:00:00+00:00,10084.699299326090590
2024-12-03T02:00:00+00:00,10084.699299326090590
2024-12-03T03:00:00+00:00,10084.699299326090590
2024-12-03T04:00:00+00:00,10084.699299326090590
2024-12-03T05:00:00+00:00,10084.699299326090590
2024-12-03T06:00:00+00:00,10084.699299326090590
2024-12-03T07:00:00+00:00,10084.699299326090590
2024-12-03T08:00:00+00:00,10084.699299326090590
2024-12-03T09:00:00+00:00,10084.699299326090590
2024-12-03T10:00:00+00:00,10084.699299326090590
2024-12-03T11:00:00+00:00,10084.699299326090590
2024-12-03T12:00:00+00:00,10084.699299326090590
2024-12-03T13:00:00+00:00,10084.699299326090590
2024-12-03T14:00:00+00:00,10084.699299326090590
2024-12-03T15:00:00+00:00,10084.699299326090590
2024-12-03T16:00:00+00:00,10084.699299326090590
2024-12-03T17:00:00+00:00,10084.699299326090590
2024-12-03T18:00:00+00:00,10084.699299326090590
2024-12-03T19:00:00+00:00,10084.699299326090590
2024-12-03T20:00:00+00:00,10084.699299326090590
2024-12-03T21:00:00+00:00,10084.699299326090590
2024-12-03T22:00:00+00:00,10084.699299326090590
2024-12-03T23:00:00+00:00,10084.699299326090590
2024-12-04T00:00:00+00:00,10084.699299326090590
2024-12-04T01:00:00+00:00,10084.699299326090590
2024-12-04T02:00:00+00:00,10084.699299326090590
2024-12-04T03:00:00+00:00,10084.699299326090590
2024-12-04T04:00:00+00:00,10084.699299326090590
2024-12-04T05:00:00+00:00,10084.699299326090590
2024-12-04T06:00:00+00:00,10084.699299326090590
2024-12-04T07:00:00+00:00,10084.699299326090590
2024-12-04T08:00:00+00:00,10084.699299326090590
2024-12-04T09:00:00+00:00,10084.699299326090590
2024-12-04T10:00:00+00:00,10084.231836113007100
2024-12-04T11:00:00+00:00,10083.897060923007100
2024-12-04T12:00:00+00:00,10083.665511293007100
2024-12-04T13:00:00+00:00,10083.350640023007100
2024-12-04T14:00:00+00:00,10083.514576703007100
2024-12-04T15:00:00+00:00,10083.431109323007100
2024-12-04T16:00:00+00:00,10083.281646364934500
2024-12-04T17:00:00+00:00,10083.281646364934500
2024-12-04T18:00:00+00:00,10083.281646364934500
2024-12-04T19:00:00+00:00,10083.281646364934500
2024-12-04T20:00:00+00:00,10084.725634576716160
2024-12-04T21:00:00+00:00,10083.629670756716160
2024-12-04T22:00:00+00:00,10084.131060256716160
2024-12-04T23:00:00+00:00,10084.559040526716160
2024-12-05T00:00:00+00:00,10084.256952056716160
2024-12-05T01:00:00+00:00,10084.135757866716160
2024-12-05T02:00:00+00:00,10087.318362716716160
2024-12-05T03:00:00+00:00,10089.097657686716160
2024-12-05T04:00:00+00:00,10089.487528206716160
2024-12-05T05:00:00+00:00,10088.564650056716160
2024-12-05T06:00:00+00:00,10087.998458426716160
2024-12-05T07:00:00+00:00,10088.342825386716160
2024-12-05T08:00:00+00:00,10088.890257686716160
2024-12-05T09:00:00+00:00,10088.822064566716160
2024-12-05T10:00:00+00:00,10088.388992626716160
2024-12-05T11:00:00+00:00,10088.685875356716160
2024-12-05T12:00:00+00:00,10088.975447236716160
2024-12-05T13:00:00+00:00,10088.879783986716160
2024-12-05T14:00:00+00:00,10089.661775316716160
2024-12-05T15:00:00+00:00,10087.363804056716160
2024-12-05T16:00:00+00:00,10087.099887556716160
2024-12-05T17:00:00+00:00,10087.353797006716160
2024-12-05T18:00:00+00:00,10086.209861566716160
2024-12-05T19:00:00+00:00,10085.016025686716160
2024-12-05T20:00:00+00:00,10085.062524766716160
2024-12-05T21:00:00+00:00,10084.891606426716160
2024-12-05T22:00:00+00:00,10082.486824166716160
2024-12-05T23:00:00+00:00,10082.856607996716160
2024-12-06T00:00:00+00:00,10083.485403316716160
2024-12-06T01:00:00+00:00,10084.072749746716160
2024-12-06T02:00:00+00:00,10083.524550066716160
2024-12-06T03:00:00+00:00,10083.675485416716160
2024-12-06T04:00:00+00:00,10083.822957186716160
2024-12-06T05:00:00+00:00,10083.808968056716160
2024-12-06T06:00:00+00:00,10084.032908206716160
2024-12-06T07:00:00+00:00,10084.093655666716160
2024-12-06T08:00:00+00:00,10084.308148746716160
2024-12-06T09:00:00+00:00,10083.949989686716160
2024-12-06T10:00:00+00:00,10084.079386546716160
2024-12-06T11:00:00+00:00,10084.022185626716160
2024-12-06T12:00:00+00:00,10083.572822416716160
2024-12-06T13:00:00+00:00,10084.563883316716160
2024-12-06T14:00:00+00:00,10085.486502216716160
2024-12-06T15:00:00+00:00,10085.308449316716160
2024-12-06T16:00:00+00:00,10084.991210276716160
2024-12-06T17:00:00+00:00,10086.899269536716160
2024-12-06T18:00:00+00:00,10087.438405836716160
2024-12-06T19:00:00+00:00,10087.517259316716160
2024-12-06T20:00:00+00:00,10087.434309686716160
2024-12-06T21:00:00+00:00,10086.409764056716160
2024-12-06T22:00:00+00:00,10086.546637686716160
2024-12-06T23:00:00+00:00,10085.755240766716160
2024-12-07T00:00:00+00:00,10086.306064056716160
2024-12-07T01:00:00+00:00,10086.069939156716160
2024-12-07T02:00:00+00:00,10085.951410056716160
2024-12-07T03:00:00+00:00,10085.297705996716160
2024-12-07T04:00:00+00:00,10085.499858776716160
2024-12-07T05:00:00+00:00,10085.148740946716160
2024-12-07T06:00:00+00:00,10085.335701676716160
2024-12-07T07:00:00+00:00,10085.407182086716160
2024-12-07T08:00:00+00:00,10085.417095806716160
2024-12-07T09:00:00+00:00,10085.688499446716160
2024-12-07T10:00:00+00:00,10085.536081186716160
2024-12-07T11:00:00+00:00,10085.629929686716160
2024-12-07T12:00:00+00:00,10085.429653876716160
2024-12-07T13:00:00+00:00,10085.349939686716160
2024-12-07T14:00:00+00:00,10085.469505786716160
2024-12-07T15:00:00+00:00,10085.770972056716160
2024-12-07T16:00:00+00:00,10085.631547406716160
2024-12-07T17:00:00+00:00,10085.642342576716160
2024-12-07T18:00:00+00:00,10086.151872526716160
2024-12-07T19:00:00+00:00,10086.104305336716160
2024-12-07T20:00:00+00:00,10086.349161776716160
2024-12-07T21:00:00+00:00,10085.888972286716160
2024-12-07T22:00:00+00:00,10085.604118756716160
2024-12-07T23:00:00+00:00,10085.849763316716160
2024-12-08T00:00:00+00:00,10086.001569746716160
2024-12-08T01:00:00+00:00,10085.866739006716160
2024-12-08T02:00:00+00:00,10086.176324986716160
2024-12-08T03:00:00+00:00,10085.956398026716160
2024-12-08T04:00:00+00:00,10085.770972056716160
2024-12-08T05:00:00+00:00,10085.541017306716160
2024-12-08T06:00:00+00:00,10085.687960206716160
2024-12-08T07:00:00+00:00,10085.687078756716160
2024-12-08T08:00:00+00:00,10084.966260056716160
2024-12-08T09:00:00+00:00,10084.866718426716160
2024-12-08T10:00:00+00:00,10085.245430826716160
2024-12-08T11:00:00+00:00,10085.714092606716160
2024-12-08T12:00:00+00:00,10085.943601446716160
2024-12-08T13:00:00+00:00,10086.447915286716160
2024-12-08T14:00:00+00:00,10085.740608696716160
2024-12-08T15:00:00+00:00,10085.932744056716160
2024-12-08T16:00:00+00:00,10085.850769206716160
2024-12-08T17:00:00+00:00,10085.965896946716160
2024-12-08T18:00:00+00:00,10085.672425946716160
2024-12-08T19:00:00+00:00,10086.128705946716160
2024-12-08T20:00:00+00:00,10085.816600056716160
2024-12-08T21:00:00+00:00,10086.051957576716160
2024-12-08T22:00:00+00:00,10086.252140056716160
2024-12-08T23:00:00+00:00,10087.174634516716160
2024-12-09T00:00:00+00:00,10085.667635006716160
2024-12-09T01:00:00+00:00,10085.535085666716160
2024-12-09T02:00:00+00:00,10085.190127616716160
2024-12-09T03:00:00+00:00,10085.081190766716160
2024-12-09T04:00:00+00:00,10085.430815316716160
2024-12-09T05:00:00+00:00,10085.438986876716160
2024-12-09T06:00:00+00:00,10085.033281366716160
2024-12-09T07:00:00+00:00,10085.584830556716160
2024-12-09T08:00:00+00:00,10084.884482236716160
2024-12-09T09:00:00+00:00,10084.371094646716160
2024-12-09T10:00:00+00:00,10084.690946926716160
2024-12-09T11:00:00+00:00,10084.041733076716160
2024-12-09T12:00:00+00:00,10084.573278536716160
2024-12-09T13:00:00+00:00,10084.419955728085585
2024-12-09T14:00:00+00:00,10084.419955728085585
2024-12-09T15:00:00+00:00,10081.910443993146805
2024-12-09T16:00:00+00:00,10081.762894884582805
2024-12-09T17:00:00+00:00,10081.762894884582805
2024-12-09T18:00:00+00:00,10081.762894884582805
2024-12-09T19:00:00+00:00,10081.762894884582805
2024-12-09T20:00:00+00:00,10081.762894884582805
2024-12-09T21:00:00+00:00,10081.762894884582805
2024-12-09T22:00:00+00:00,10081.762894884582805
2024-12-09T23:00:00+00:00,10081.762894884582805
2024-12-10T00:00:00+00:00,10081.762894884582805
2024-12-10T01:00:00+00:00,10081.762894884582805
2024-12-10T02:00:00+00:00,10081.762894884582805
2024-12-10T03:00:00+00:00,10081.762894884582805
2024-12-10T04:00:00+00:00,10081.762894884582805
2024-12-10T05:00:00+00:00,10081.762894884582805
2024-12-10T06:00:00+00:00,10081.762894884582805
2024-12-10T07:00:00+00:00,10081.762894884582805
2024-12-10T08:00:00+00:00,10081.762894884582805
2024-12-10T09:00:00+00:00,10081.762894884582805
2024-12-10T10:00:00+00:00,10081.762894884582805
2024-12-10T11:00:00+00:00,10081.762894884582805
2024-12-10T12:00:00+00:00,10081.762894884582805
2024-12-10T13:00:00+00:00,10081.762894884582805
2024-12-10T14:00:00+00:00,10081.762894884582805
2024-12-10T15:00:00+00:00,10081.762894884582805
2024-12-10T16:00:00+00:00,10081.762894884582805
2024-12-10T17:00:00+00:00,10081.762894884582805
2024-12-10T18:00:00+00:00,10081.762894884582805
2024-12-10T19:00:00+00:00,10081.762894884582805
2024-12-10T20:00:00+00:00,10081.762894884582805
2024-12-10T21:00:00+00:00,10081.762894884582805
2024-12-10T22:00:00+00:00,10081.762894884582805
2024-12-10T23:00:00+00:00,10081.762894884582805
2024-12-11T00:00:00+00:00,10081.762894884582805
2024-12-11T01:00:00+00:00,10081.762894884582805
2024-12-11T02:00:00+00:00,10081.762894884582805
2024-12-11T03:00:00+00:00,10081.762894884582805
2024-12-11T04:00:00+00:00,10081.762894884582805
2024-12-11T05:00:00+00:00,10081.762894884582805
2024-12-11T06:00:00+00:00,10081.762894884582805
2024-12-11T07:00:00+00:00,10081.762894884582805
2024-12-11T08:00:00+00:00,10081.762894884582805
2024-12-11T09:00:00+00:00,10081.762894884582805
2024-12-11T10:00:00+00:00,10081.762894884582805
2024-12-11T11:00:00+00:00,10081.762894884582805
2024-12-11T12:00:00+00:00,10081.762894884582805
2024-12-11T13:00:00+00:00,10081.762894884582805
2024-12-11T14:00:00+00:00,10081.762894884582805
2024-12-11T15:00:00+00:00,10081.762894884582805
2024-12-11T16:00:00+00:00,10081.762894884582805
2024-12-11T17:00:00+00:00,10080.815990568006805
2024-12-11T18:00:00+00:00,10081.424014188006805
2024-12-11T19:00:00+00:00,10082.159482188006805
2024-12-11T20:00:00+00:00,10082.308629888006805
2024-12-11T21:00:00+00:00,10082.557687008006805
2024-12-11T22:00:00+00:00,10082.246686248006805
2024-12-11T23:00:00+00:00,10082.161776768006805
2024-12-12T00:00:00+00:00,10081.808531688006805
2024-12-12T01:00:00+00:00,10081.531819368006805
2024-12-12T02:00:00+00:00,10082.862936288006805
2024-12-12T03:00:00+00:00,10082.062448508006805
2024-12-12T04:00:00+00:00,10081.711578168006805
2024-12-12T05:00:00+00:00,10081.654624488006805
2024-12-12T06:00:00+00:00,10081.620065508006805
2024-12-12T07:00:00+00:00,10081.535516748006805
2024-12-12T08:00:00+00:00,10082.016486768006805
2024-12-12T09:00:00+00:00,10081.850224908006805
2024-12-12T10:00:00+00:00,10081.615125648006805
2024-12-12T11:00:00+00:00,10081.393663608006805
2024-12-12T12:00:00+00:00,10081.864182768006805
2024-12-12T13:00:00+00:00,10081.948340748006805
2024-12-12T14:00:00+00:00,10082.739970848006805
2024-12-12T15:00:00+00:00,10082.835261048006805
2024-12-12T16:00:00+00:00,10082.499941748006805
2024-12-12T17:00:00+00:00,10082.655412068006805
2024-12-12T18:00:00+00:00,10081.893831948006805
2024-12-12T19:00:00+00:00,10080.514809408006805
2024-12-12T20:00:00+00:00,10081.062592788006805
2024-12-12T21:00:00+00:00,10080.794056788006805
2024-12-12T22:00:00+00:00,10081.479414768006805
2024-12-12T23:00:00+00:00,10081.038825348006805
2024-12-13T00:00:00+00:00,10081.117903188006805
2024-12-13T01:00:00+00:00,10080.357114648006805
2024-12-13T02:00:00+00:00,10080.518486748006805
2024-12-13T03:00:00+00:00,10080.763074948006805
2024-12-13T04:00:00+00:00,10081.034987688006805
2024-12-13T05:00:00+00:00,10080.924306768006805
2024-12-13T06:00:00+00:00,10080.733926768006805
2024-12-13T07:00:00+00:00,10081.164786768006805
2024-12-13T08:00:00+00:00,10081.307070768006805
2024-12-13T09:00:00+00:00,10081.134726768006805
2024-12-13T10:00:00+00:00,10081.493062008006805
2024-12-13T11:00:00+00:00,10081.388603508006805
2024-12-13T12:00:00+00:00,10081.334976468006805
2024-12-13T13:00:00+00:00,10081.319445468006805
2024-12-13T14:00:00+00:00,10082.054683008006805
2024-12-13T15:00:00+00:00,10080.907433088006805
2024-12-13T16:00:00+00:00,10082.024512788006805
2024-12-13T17:00:00+00:00,10082.775892548006805
2024-12-13T18:00:00+00:00,10082.533428588006805
2024-12-13T19:00:00+00:00,10082.499791448006805
2024-12-13T20:00:00+00:00,10082.717886768006805
2024-12-13T21:00:00+00:00,10082.340774048006805
2024-12-13T22:00:00+00:00,10082.264261328006805
2024-12-13T23:00:00+00:00,10082.461625268006805
2024-12-14T00:00:00+00:00,10082.338198908006805
2024-12-14T01:00:00+00:00,10083.184097328006805
2024-12-14T02:00:00+00:00,10083.071201988006805
2024-12-14T03:00:00+00:00,10083.126702768006805
2024-12-14T04:00:00+00:00,10082.719700388006805
2024-12-14T05:00:00+00:00,10082.760772368006805
2024-12-14T06:00:00+00:00,10082.944388868006805
2024-12-14T07:00:00+00:00,10082.862174768006805
2024-12-14T08:00:00+00:00,10082.841162828006805
2024-12-14T09:00:00+00:00,10082.588909328006805
2024-12-14T10:00:00+00:00,10082.588207928006805
2024-12-14T11:00:00+00:00,10082.621684748006805
2024-12-14T12:00:00+00:00,10082.335082688006805
2024-12-14T13:00:00+00:00,10082.206916868006805
2024-12-14T14:00:00+00:00,10082.471695368006805
2024-12-14T15:00:00+00:00,10082.662897008006805
2024-12-14T16:00:00+00:00,10082.688588288006805
2024-12-14T17:00:00+00:00,10082.024502768006805
2024-12-14T18:00:00+00:00,10081.932298728006805
2024-12-14T19:00:00+00:00,10082.350693848006805
2024-12-14T20:00:00+00:00,10081.796046768006805
2024-12-14T21:00:00+00:00,10082.111356128006805
2024-12-14T22:00:00+00:00,10082.154392028006805
2024-12-14T23:00:00+00:00,10082.457366768006805
2024-12-15T00:00:00+00:00,10082.479831608006805
2024-12-15T01:00:00+00:00,10083.173275728006805
2024-12-15T02:00:00+00:00,10082.869339068006805
2024-12-15T03:00:00+00:00,10082.771814408006805
2024-12-15T04:00:00+00:00,10083.405429108006805
2024-12-15T05:00:00+00:00,10083.198135348006805
2024-12-15T06:00:00+00:00,10082.797846368006805
2024-12-15T07:00:00+00:00,10082.770080948006805
2024-12-15T08:00:00+00:00,10083.053707068006805
2024-12-15T09:00:00+00:00,10083.303395448006805
2024-12-15T10:00:00+00:00,10083.319086768006805
2024-12-15T11:00:00+00:00,10083.711309648006805
2024-12-15T12:00:00+00:00,10083.986959848006805
2024-12-15T13:00:00+00:00,10083.824746068006805
2024-12-15T14:00:00+00:00,10084.034885508006805
2024-12-15T15:00:00+00:00,10083.743944788006805
2024-12-15T16:00:00+00:00,10084.167860928006805
2024-12-15T17:00:00+00:00,10084.204854768006805
2024-12-15T18:00:00+00:00,10084.244934768006805
2024-12-15T19:00:00+00:00,10084.293982668006805
2024-12-15T20:00:00+00:00,10084.185646428006805
2024-12-15T21:00:00+00:00,10083.899304888006805
2024-12-15T22:00:00+00:00,10084.318401408006805
2024-12-15T23:00:00+00:00,10085.507444748006805
2024-12-16T00:00:00+00:00,10086.490366668006805
2024-12-16T01:00:00+00:00,10086.577580748006805
2024-12-16T02:00:00+00:00,10085.629017408006805
2024-12-16T03:00:00+00:00,10085.625971328006805
2024-12-16T04:00:00+00:00,10085.730049068006805
2024-12-16T05:00:00+00:00,10086.072582768006805
2024-12-16T06:00:00+00:00,10086.194806728006805
2024-12-16T07:00:00+00:00,10086.037302348006805
2024-12-16T08:00:00+00:00,10085.579037648006805
2024-12-16T09:00:00+00:00,10085.720600208006805
2024-12-16T10:00:00+00:00,10085.728886748006805
2024-12-16T11:00:00+00:00,10084.800032748006805
2024-12-16T12:00:00+00:00,10084.697858808006805
2024-12-16T13:00:00+00:00,10084.950362808006805
2024-12-16T14:00:00+00:00,10086.532500768006805
2024-12-16T15:00:00+00:00,10087.379200788006805
2024-12-16T16:00:00+00:00,10087.873126668006805
2024-12-16T17:00:00+00:00,10088.127233868006805
2024-12-16T18:00:00+00:00,10088.127283968006805
2024-12-16T19:00:00+00:00,10087.630813008006805
2024-12-16T20:00:00+00:00,10086.854503488006805
2024-12-16T21:00:00+00:00,10087.104412308006805
2024-12-16T22:00:00+00:00,10086.862148748006805
2024-12-16T23:00:00+00:00,10087.105304088006805
2024-12-17T00:00:00+00:00,10086.902749788006805
2024-12-17T01:00:00+00:00,10087.423278768006805
2024-12-17T02:00:00+00:00,10087.316205048006805
2024-12-17T03:00:00+00:00,10087.914749748006805
2024-12-17T04:00:00+00:00,10087.548298308006805
2024-12-17T05:00:00+00:00,10087.865591628006805
2024-12-17T06:00:00+00:00,10087.597606728006805
2024-12-17T07:00:00+00:00,10087.853888268006805
2024-12-17T08:00:00+00:00,10088.455949988006805
2024-12-17T09:00:00+00:00,10088.355168828006805
2024-12-17T10:00:00+00:00,10088.258616108006805
2024-12-17T11:00:00+00:00,10087.856453388006805
2024-12-17T12:00:00+00:00,10088.184808788006805
2024-12-17T13:00:00+00:00,10088.347543608006805
2024-12-17T14:00:00+00:00,10089.309433548006805
2024-12-17T15:00:00+00:00,10087.525953708006805
2024-12-17T16:00:00+00:00,10088.124398208006805
2024-12-17T17:00:00+00:00,10088.555909508006805
2024-12-17T18:00:00+00:00,10087.599520548006805
2024-12-17T19:00:00+00:00,10087.523368548006805
2024-12-17T20:00:00+00:00,10087.780972728006805
2024-12-17T21:00:00+00:00,10087.458889848006805
2024-12-17T22:00:00+00:00,10087.018480788006805
2024-12-17T23:00:00+00:00,10087.180534248006805
2024-12-18T00:00:00+00:00,10087.145654628006805
2024-12-18T01:00:00+00:00,10086.378032448006805
2024-12-18T02:00:00+00:00,10086.358062588006805
2024-12-18T03:00:00+00:00,10085.808034728006805
2024-12-18T04:00:00+00:00,10084.910272788006805
2024-12-18T05:00:00+00:00,10084.613841108006805
2024-12-18T06:00:00+00:00,10084.836766068006805
2024-12-18T07:00:00+00:00,10085.293778268006805
2024-12-18T08:00:00+00:00,10084.847567628006805
2024-12-18T09:00:00+00:00,10085.090612748006805
2024-12-18T10:00:00+00:00,10085.574618828006805
2024-12-18T11:00:00+00:00,10086.072913428006805
2024-12-18T12:00:00+00:00,10085.964376788006805
2024-12-18T13:00:00+00:00,10085.624267928006805
2024-12-18T14:00:00+00:00,10085.062496628006805
2024-12-18T15:00:00+00:00,10085.471923848006805
2024-12-18T16:00:00+00:00,10085.242546008006805
2024-12-18T17:00:00+00:00,10085.700019128006805
2024-12-18T18:00:00+00:00,10085.853134748006805
2024-12-18T19:00:00+00:00,10083.857982408006805
2024-12-18T20:00:00+00:00,10081.882890108006805
2024-12-18T21:00:00+00:00,10081.731378092153485
2024-12-18T22:00:00+00:00,10081.731378092153485
2024-12-18T23:00:00+00:00,10081.731378092153485
2024-12-19T00:00:00+00:00,10081.731378092153485
2024-12-19T01:00:00+00:00,10081.731378092153485
2024-12-19T02:00:00+00:00,10081.731378092153485
2024-12-19T03:00:00+00:00,10081.731378092153485
2024-12-19T04:00:00+00:00,10081.731378092153485
2024-12-19T05:00:00+00:00,10081.731378092153485
2024-12-19T06:00:00+00:00,10081.731378092153485
2024-12-19T07:00:00+00:00,10081.731378092153485
2024-12-19T08:00:00+00:00,10081.731378092153485
2024-12-19T09:00:00+00:00,10081.731378092153485
2024-12-19T10:00:00+00:00,10081.731378092153485
2024-12-19T11:00:00+00:00,10081.731378092153485
2024-12-19T12:00:00+00:00,10081.731378092153485
2024-12-19T13:00:00+00:00,10081.731378092153485
2024-12-19T14:00:00+00:00,10081.731378092153485
2024-12-19T15:00:00+00:00,10081.731378092153485
2024-12-19T16:00:00+00:00,10081.731378092153485
2024-12-19T17:00:00+00:00,10081.731378092153485
2024-12-19T18:00:00+00:00,10081.731378092153485
2024-12-19T19:00:00+00:00,10081.731378092153485
2024-12-19T20:00:00+00:00,10081.731378092153485
2024-12-19T21:00:00+00:00,10081.731378092153485
2024-12-19T22:00:00+00:00,10081.731378092153485
2024-12-19T23:00:00+00:00,10081.731378092153485
2024-12-20T00:00:00+00:00,10081.731378092153485
2024-12-20T01:00:00+00:00,10081.731378092153485
2024-12-20T02:00:00+00:00,10081.731378092153485
2024-12-20T03:00:00+00:00,10081.731378092153485
2024-12-20T04:00:00+00:00,10081.731378092153485
2024-12-20T05:00:00+00:00,10081.731378092153485
2024-12-20T06:00:00+00:00,10081.731378092153485
2024-12-20T07:00:00+00:00,10081.731378092153485
2024-12-20T08:00:00+00:00,10081.731378092153485
2024-12-20T09:00:00+00:00,10081.731378092153485
2024-12-20T10:00:00+00:00,10081.731378092153485
2024-12-20T11:00:00+00:00,10081.731378092153485
2024-12-20T12:00:00+00:00,10081.731378092153485
2024-12-20T13:00:00+00:00,10081.731378092153485
2024-12-20T14:00:00+00:00,10081.731378092153485
2024-12-20T15:00:00+00:00,10081.731378092153485
2024-12-20T16:00:00+00:00,10081.731378092153485
2024-12-20T17:00:00+00:00,10081.731378092153485
2024-12-20T18:00:00+00:00,10081.731378092153485
2024-12-20T19:00:00+00:00,10081.731378092153485
2024-12-20T20:00:00+00:00,10081.731378092153485
2024-12-20T21:00:00+00:00,10081.731378092153485
2024-12-20T22:00:00+00:00,10081.731378092153485
2024-12-20T23:00:00+00:00,10081.731378092153485
2024-12-21T00:00:00+00:00,10081.731378092153485
2024-12-21T01:00:00+00:00,10081.731378092153485
2024-12-21T02:00:00+00:00,10081.731378092153485
2024-12-21T03:00:00+00:00,10081.731378092153485
2024-12-21T04:00:00+00:00,10081.731378092153485
2024-12-21T05:00:00+00:00,10081.731378092153485
2024-12-21T06:00:00+00:00,10081.731378092153485
2024-12-21T07:00:00+00:00,10081.731378092153485
2024-12-21T08:00:00+00:00,10081.731378092153485
2024-12-21T09:00:00+00:00,10081.731378092153485
2024-12-21T10:00:00+00:00,10081.731378092153485
2024-12-21T11:00:00+00:00,10081.731378092153485
2024-12-21T12:00:00+00:00,10081.731378092153485
2024-12-21T13:00:00+00:00,10081.731378092153485
2024-12-21T14:00:00+00:00,10081.731378092153485
2024-12-21T15:00:00+00:00,10081.731378092153485
2024-12-21T16:00:00+00:00,10081.731378092153485
2024-12-21T17:00:00+00:00,10081.731378092153485
2024-12-21T18:00:00+00:00,10081.731378092153485
2024-12-21T19:00:00+00:00,10081.731378092153485
2024-12-21T20:00:00+00:00,10081.731378092153485
2024-12-21T21:00:00+00:00,10081.731378092153485
2024-12-21T22:00:00+00:00,10081.731378092153485
2024-12-21T23:00:00+00:00,10081.731378092153485
2024-12-22T00:00:00+00:00,10081.731378092153485
2024-12-22T01:00:00+00:00,10081.731378092153485
2024-12-22T02:00:00+00:00,10081.731378092153485
2024-12-22T03:00:00+00:00,10081.731378092153485
2024-12-22T04:00:00+00:00,10081.731378092153485
2024-12-22T05:00:00+00:00,10081.731378092153485
2024-12-22T06:00:00+00:00,10081.731378092153485
2024-12-22T07:00:00+00:00,10081.731378092153485
2024-12-22T08:00:00+00:00,10081.731378092153485
2024-12-22T09:00:00+00:00,10081.731378092153485
2024-12-22T10:00:00+00:00,10081.731378092153485
2024-12-22T11:00:00+00:00,10081.731378092153485
2024-12-22T12:00:00+00:00,10081.731378092153485
2024-12-22T13:00:00+00:00,10081.731378092153485
2024-12-22T14:00:00+00:00,10081.731378092153485
2024-12-22T15:00:00+00:00,10081.731378092153485
2024-12-22T16:00:00+00:00,10081.731378092153485
2024-12-22T17:00:00+00:00,10081.731378092153485
2024-12-22T18:00:00+00:00,10081.731378092153485
2024-12-22T19:00:00+00:00,10081.731378092153485
2024-12-22T20:00:00+00:00,10081.731378092153485
2024-12-22T21:00:00+00:00,10081.731378092153485
2024-12-22T22:00:00+00:00,10081.731378092153485
2024-12-22T23:00:00+00:00,10081.731378092153485
2024-12-23T00:00:00+00:00,10081.731378092153485
2024-12-23T01:00:00+00:00,10081.731378092153485
2024-12-23T02:00:00+00:00,10081.731378092153485
2024-12-23T03:00:00+00:00,10081.731378092153485
2024-12-23T04:00:00+00:00,10081.731378092153485
2024-12-23T05:00:00+00:00,10081.731378092153485
2024-12-23T06:00:00+00:00,10081.731378092153485
2024-12-23T07:00:00+00:00,10081.731378092153485
2024-12-23T08:00:00+00:00,10081.731378092153485
2024-12-23T09:00:00+00:00,10081.731378092153485
2024-12-23T10:00:00+00:00,10081.731378092153485
2024-12-23T11:00:00+00:00,10081.731378092153485
2024-12-23T12:00:00+00:00,10081.731378092153485
2024-12-23T13:00:00+00:00,10081.731378092153485
2024-12-23T14:00:00+00:00,10081.731378092153485
2024-12-23T15:00:00+00:00,10081.731378092153485
2024-12-23T16:00:00+00:00,10081.731378092153485
2024-12-23T17:00:00+00:00,10081.731378092153485
2024-12-23T18:00:00+00:00,10081.731378092153485
2024-12-23T19:00:00+00:00,10081.731378092153485
2024-12-23T20:00:00+00:00,10081.731378092153485
2024-12-23T21:00:00+00:00,10081.731378092153485
2024-12-23T22:00:00+00:00,10081.731378092153485
2024-12-23T23:00:00+00:00,10081.731378092153485
2024-12-24T00:00:00+00:00,10081.731378092153485
2024-12-24T01:00:00+00:00,10081.731378092153485
2024-12-24T02:00:00+00:00,10081.731378092153485
2024-12-24T03:00:00+00:00,10081.731378092153485
2024-12-24T04:00:00+00:00,10081.731378092153485
2024-12-24T05:00:00+00:00,10081.731378092153485
2024-12-24T06:00:00+00:00,10081.731378092153485
2024-12-24T07:00:00+00:00,10081.731378092153485
2024-12-24T08:00:00+00:00,10081.731378092153485
2024-12-24T09:00:00+00:00,10081.731378092153485
2024-12-24T10:00:00+00:00,10081.731378092153485
2024-12-24T11:00:00+00:00,10081.731378092153485
2024-12-24T12:00:00+00:00,10081.731378092153485
2024-12-24T13:00:00+00:00,10081.731378092153485
2024-12-24T14:00:00+00:00,10081.731378092153485
2024-12-24T15:00:00+00:00,10081.731378092153485
2024-12-24T16:00:00+00:00,10081.731378092153485
2024-12-24T17:00:00+00:00,10081.731378092153485
2024-12-24T18:00:00+00:00,10081.731378092153485
2024-12-24T19:00:00+00:00,10081.731378092153485
2024-12-24T20:00:00+00:00,10081.731378092153485
2024-12-24T21:00:00+00:00,10081.731378092153485
2024-12-24T22:00:00+00:00,10081.968448301203085
2024-12-24T23:00:00+00:00,10081.852193581203085
2024-12-25T00:00:00+00:00,10081.601149741203085
2024-12-25T01:00:00+00:00,10081.155463981203085
2024-12-25T02:00:00+00:00,10081.306903341203085
2024-12-25T03:00:00+00:00,10081.202875181203085
2024-12-25T04:00:00+00:00,10081.414361901203085
2024-12-25T05:00:00+00:00,10081.458670381203085
2024-12-25T06:00:00+00:00,10081.054292781203085
2024-12-25T07:00:00+00:00,10081.259041581203085
2024-12-25T08:00:00+00:00,10081.244070701203085
2024-12-25T09:00:00+00:00,10081.366776621203085
2024-12-25T10:00:00+00:00,10081.640655661203085
2024-12-25T11:00:00+00:00,10081.078080301203085
2024-12-25T12:00:00+00:00,10081.352942381203085
2024-12-25T13:00:00+00:00,10081.646349101203085
2024-12-25T14:00:00+00:00,10081.899727661203085
2024-12-25T15:00:00+00:00,10081.705147181203085
2024-12-25T16:00:00+00:00,10081.608409901203085
2024-12-25T17:00:00+00:00,10081.757207341203085
2024-12-25T18:00:00+00:00,10081.947097901203085
2024-12-25T19:00:00+00:00,10082.215652141203085
2024-12-25T20:00:00+00:00,10082.344778541203085
2024-12-25T21:00:00+00:00,10081.691200301203085
2024-12-25T22:00:00+00:00,10082.003315501203085
2024-12-25T23:00:00+00:00,10082.636598061203085
2024-12-26T00:00:00+00:00,10082.226035501203085
2024-12-26T01:00:00+00:00,10082.255065901203085
2024-12-26T02:00:00+00:00,10081.941035821203085
2024-12-26T03:00:00+00:00,10082.191741741203085
2024-12-26T04:00:00+00:00,10081.479887661203085
2024-12-26T05:00:00+00:00,10081.556697901203085
2024-12-26T06:00:00+00:00,10081.296796461203085
2024-12-26T07:00:00+00:00,10080.885957421203085
2024-12-26T08:00:00+00:00,10079.000333101203085
2024-12-26T09:00:00+00:00,10078.550479661203085
2024-12-26T10:00:00+00:00,10078.612708141203085
2024-12-26T11:00:00+00:00,10078.813197101203085
2024-12-26T12:00:00+00:00,10078.797734701203085
2024-12-26T13:00:00+00:00,10078.822034221203085
2024-12-26T14:00:00+00:00,10078.675091426681485
2024-12-26T15:00:00+00:00,10078.675091426681485
2024-12-26T16:00:00+00:00,10078.675091426681485
2024-12-26T17:00:00+00:00,10078.675091426681485
2024-12-26T18:00:00+00:00,10078.675091426681485
2024-12-26T19:00:00+00:00,10078.675091426681485
2024-12-26T20:00:00+00:00,10078.675091426681485
2024-12-26T21:00:00+00:00,10078.675091426681485
2024-12-26T22:00:00+00:00,10078.675091426681485
2024-12-26T23:00:00+00:00,10078.675091426681485
2024-12-27T00:00:00+00:00,10078.675091426681485
2024-12-27T01:00:00+00:00,10078.675091426681485
2024-12-27T02:00:00+00:00,10078.675091426681485
2024-12-27T03:00:00+00:00,10078.675091426681485
2024-12-27T04:00:00+00:00,10078.675091426681485
2024-12-27T05:00:00+00:00,10078.675091426681485
2024-12-27T06:00:00+00:00,10078.675091426681485
2024-12-27T07:00:00+00:00,10078.675091426681485
2024-12-27T08:00:00+00:00,10078.675091426681485
2024-12-27T09:00:00+00:00,10078.675091426681485
2024-12-27T10:00:00+00:00,10078.675091426681485
2024-12-27T11:00:00+00:00,10078.675091426681485
2024-12-27T12:00:00+00:00,10078.675091426681485
2024-12-27T13:00:00+00:00,10078.675091426681485
2024-12-27T14:00:00+00:00,10078.675091426681485
2024-12-27T15:00:00+00:00,10078.675091426681485
2024-12-27T16:00:00+00:00,10078.675091426681485
2024-12-27T17:00:00+00:00,10078.675091426681485
2024-12-27T18:00:00+00:00,10078.675091426681485
2024-12-27T19:00:00+00:00,10078.675091426681485
2024-12-27T20:00:00+00:00,10078.675091426681485
2024-12-27T21:00:00+00:00,10078.675091426681485
2024-12-27T22:00:00+00:00,10078.675091426681485
2024-12-27T23:00:00+00:00,10078.675091426681485
2024-12-28T00:00:00+00:00,10078.675091426681485
2024-12-28T01:00:00+00:00,10078.675091426681485
2024-12-28T02:00:00+00:00,10078.675091426681485
2024-12-28T03:00:00+00:00,10078.675091426681485
2024-12-28T04:00:00+00:00,10078.675091426681485
2024-12-28T05:00:00+00:00,10078.675091426681485
2024-12-28T06:00:00+00:00,10078.675091426681485
2024-12-28T07:00:00+00:00,10078.675091426681485
2024-12-28T08:00:00+00:00,10078.675091426681485
2024-12-28T09:00:00+00:00,10078.675091426681485
2024-12-28T10:00:00+00:00,10078.675091426681485
2024-12-28T11:00:00+00:00,10078.675091426681485
2024-12-28T12:00:00+00:00,10078.675091426681485
2024-12-28T13:00:00+00:00,10078.675091426681485
2024-12-28T14:00:00+00:00,10078.675091426681485
2024-12-28T15:00:00+00:00,10078.675091426681485
2024-12-28T16:00:00+00:00,10078.675091426681485
2024-12-28T17:00:00+00:00,10078.675091426681485
2024-12-28T18:00:00+00:00,10078.675091426681485
2024-12-28T19:00:00+00:00,10078.675091426681485
2024-12-28T20:00:00+00:00,10078.675091426681485
2024-12-28T21:00:00+00:00,10078.675091426681485
2024-12-28T22:00:00+00:00,10078.675091426681485
2024-12-28T23:00:00+00:00,10078.675091426681485
2024-12-29T00:00:00+00:00,10078.675091426681485
2024-12-29T01:00:00+00:00,10078.675091426681485
2024-12-29T02:00:00+00:00,10078.675091426681485
2024-12-29T03:00:00+00:00,10078.675091426681485
2024-12-29T04:00:00+00:00,10078.675091426681485
2024-12-29T05:00:00+00:00,10078.675091426681485
2024-12-29T06:00:00+00:00,10078.675091426681485
2024-12-29T07:00:00+00:00,10078.675091426681485
2024-12-29T08:00:00+00:00,10078.675091426681485
2024-12-29T09:00:00+00:00,10078.675091426681485
2024-12-29T10:00:00+00:00,10078.675091426681485
2024-12-29T11:00:00+00:00,10078.675091426681485
2024-12-29T12:00:00+00:00,10078.675091426681485
2024-12-29T13:00:00+00:00,10078.675091426681485
2024-12-29T14:00:00+00:00,10078.675091426681485
2024-12-29T15:00:00+00:00,10078.675091426681485
2024-12-29T16:00:00+00:00,10078.675091426681485
2024-12-29T17:00:00+00:00,10078.675091426681485
2024-12-29T18:00:00+00:00,10078.675091426681485
2024-12-29T19:00:00+00:00,10078.675091426681485
2024-12-29T20:00:00+00:00,10078.675091426681485
2024-12-29T21:00:00+00:00,10078.675091426681485
2024-12-29T22:00:00+00:00,10078.675091426681485
2024-12-29T23:00:00+00:00,10078.675091426681485
2024-12-30T00:00:00+00:00,10078.675091426681485
2024-12-30T01:00:00+00:00,10078.675091426681485
2024-12-30T02:00:00+00:00,10078.675091426681485
2024-12-30T03:00:00+00:00,10078.675091426681485
2024-12-30T04:00:00+00:00,10078.675091426681485
2024-12-30T05:00:00+00:00,10078.675091426681485
2024-12-30T06:00:00+00:00,10078.675091426681485
2024-12-30T07:00:00+00:00,10078.675091426681485
2024-12-30T08:00:00+00:00,10078.675091426681485
2024-12-30T09:00:00+00:00,10078.675091426681485
2024-12-30T10:00:00+00:00,10078.675091426681485
2024-12-30T11:00:00+00:00,10078.675091426681485
2024-12-30T12:00:00+00:00,10078.675091426681485
2024-12-30T13:00:00+00:00,10078.675091426681485
2024-12-30T14:00:00+00:00,10078.675091426681485
2024-12-30T15:00:00+00:00,10078.675091426681485
2024-12-30T16:00:00+00:00,10078.675091426681485
2024-12-30T17:00:00+00:00,10078.675091426681485
2024-12-30T18:00:00+00:00,10078.675091426681485
2024-12-30T19:00:00+00:00,10078.675091426681485
2024-12-30T20:00:00+00:00,10078.675091426681485
2024-12-30T21:00:00+00:00,10078.675091426681485
2024-12-30T22:00:00+00:00,10078.675091426681485
2024-12-30T23:00:00+00:00,10078.675091426681485
2024-12-31T00:00:00+00:00,10078.675091426681485
2024-12-31T01:00:00+00:00,10078.675091426681485
2024-12-31T02:00:00+00:00,10078.675091426681485
2024-12-31T03:00:00+00:00,10078.675091426681485
2024-12-31T04:00:00+00:00,10078.675091426681485
2024-12-31T05:00:00+00:00,10078.675091426681485
2024-12-31T06:00:00+00:00,10078.675091426681485
2024-12-31T07:00:00+00:00,10078.675091426681485
2024-12-31T08:00:00+00:00,10078.675091426681485
2024-12-31T09:00:00+00:00,10078.675091426681485
2024-12-31T10:00:00+00:00,10078.675091426681485
2024-12-31T11:00:00+00:00,10078.675091426681485
2024-12-31T12:00:00+00:00,10078.675091426681485
2024-12-31T13:00:00+00:00,10078.675091426681485
2024-12-31T14:00:00+00:00,10078.675091426681485
2024-12-31T15:00:00+00:00,10078.675091426681485
2024-12-31T16:00:00+00:00,10078.675091426681485
2024-12-31T17:00:00+00:00,10078.675091426681485
2024-12-31T18:00:00+00:00,10078.675091426681485
2024-12-31T19:00:00+00:00,10078.675091426681485
2024-12-31T20:00:00+00:00,10078.675091426681485
2024-12-31T21:00:00+00:00,10078.675091426681485
2024-12-31T22:00:00+00:00,10078.675091426681485
2024-12-31T23:00:00+00:00,10078.675091426681485
